証券コード,企業名,業種,時価総額（億円）,配当利回り(%),PER,過去3年EPS年平均増減率(%),最新年度真FCF利回り(%),1年前真FCF利回り(%),2年前真FCF利回り(%),3年前真FCF利回り(%),3年間平均真FCF利回り(%),最新年度営業CF利回り(%),1年前営業CF利回り(%),2年前営業CF利回り(%),3年前営業CF利回り(%),3年間平均営業CF利回り(%),3年間平均CF設備投資率(%),最新年度営業利益率(%),1年前営業利益率(%),2年前営業利益率(%),3年前営業利益率(%),最新年度売上高増加率(%),1年前売上高増加率(%),2年前売上高増加率(%),ROIC(%),参考ROIC（現預金控除後）(%),1年前ROIC(%),2年前ROIC(%),3年前ROIC(%),自己資本比率(%),粗利率(%),現預金等（円）
1301,"Kyokuyo Co., Ltd.",Consumer Defensive,560.14,3.42,8.2,,-1.33,10.43,-3.07,-11.15,2.01,-1.33,10.43,-3.07,-11.15,2.01,0.0,3.21,3.66,3.37,2.98,10.55,15.7,-3.88,4.13,4.42,5.61,4.35,4.77,46.52,12.36,11047000000.0
130A,Veritas In Silico Inc.,Healthcare,27.89,0.0,,,-11.85,-8.02,2.39,-7.32,-5.83,-10.73,-7.81,2.46,-5.33,-5.36,-3.37,-435.32,-109.35,10.44,-77.69,-53.18,-45.99,101.54,-22.44,,-9.75,2.2,-9.19,,100.0,1825213000.0
1332,Nissui Corporation,Consumer Defensive,3511.89,2.77,12.84,,2.53,2.67,8.04,-5.52,4.41,15.16,11.5,15.51,0.97,14.06,69.42,4.34,3.59,3.57,3.19,5.09,6.59,8.23,4.91,5.09,4.9,4.61,4.36,51.23,16.34,20222000000.0
1333,Umios Corporation,Consumer Defensive,1951.78,3.49,8.8,,-0.89,9.66,18.03,-15.25,8.93,12.71,20.07,27.46,-0.01,20.08,64.42,2.82,2.82,2.57,2.9,2.53,4.65,1.0,4.03,4.46,4.32,3.72,4.79,46.51,13.92,54141000000.0
135A,"VRAIN Solution, Inc.",Technology,498.95,0.0,76.74,,-0.95,-0.48,0.84,-0.18,-0.2,-0.75,-0.32,0.87,-0.08,-0.07,-23.98,27.91,27.75,36.01,10.42,52.89,51.95,128.54,26.33,31.8,29.82,31.76,25.72,83.91,78.89,427000000.0
1375,"Yukiguni Factory Co., Ltd.",Consumer Defensive,469.42,1.7,15.88,,7.02,6.06,0.36,6.47,4.48,11.76,11.34,6.61,11.94,9.9,60.46,8.08,4.55,5.9,5.19,0.58,11.93,12.49,10.07,11.6,5.7,5.74,5.16,46.68,26.37,3968000000.0
1376,"Kaneko Seeds Co., Ltd.",Basic Materials,175.68,2.99,13.34,,-0.69,-6.48,8.85,-11.34,0.56,10.95,1.21,12.73,-9.05,8.3,257.15,2.58,2.34,2.4,2.87,5.0,4.72,-0.93,4.66,5.0,4.6,4.73,5.71,97.1,14.59,1909628000.0
1377,Sakata Seed Corporation,Consumer Defensive,1849.98,2.28,15.43,,1.0,-1.41,-0.18,1.16,-0.2,4.96,2.76,3.77,4.51,3.83,111.89,12.58,13.19,11.84,14.13,12.23,4.78,14.77,5.4,6.46,5.38,4.61,6.02,96.98,63.61,30209000000.0
1379,Hokuto Corporation,Consumer Defensive,666.57,2.94,11.08,,8.85,15.85,9.24,4.65,11.31,16.24,18.34,12.56,7.01,15.71,28.51,8.18,7.98,4.0,-4.04,3.38,4.63,8.83,5.15,6.96,5.43,2.57,-3.03,68.5,29.0,24717000000.0
137A,"Cocolive, Inc.",Technology,20.7,0.0,15.47,,5.57,10.7,7.6,5.81,7.96,5.82,10.7,7.61,5.81,8.04,1.51,13.65,21.48,20.92,17.6,11.19,26.66,28.93,13.85,13.85,23.37,23.94,36.27,,52.85,0.0
1380,"Akikawa Foods & Farms Co., Ltd.",Consumer Defensive,41.61,1.0,192.29,,6.07,6.14,-15.81,-5.73,-1.2,15.45,17.43,9.45,10.79,14.11,130.9,1.73,-0.04,0.16,0.28,4.1,7.64,4.55,1.28,1.55,-0.04,0.14,0.29,39.56,25.32,904775000.0
1381,"AXYZ Co., Ltd.",Consumer Defensive,201.88,3.37,6.9,,4.31,7.77,2.48,-5.35,4.85,14.44,18.47,13.05,10.04,15.32,69.69,8.03,6.08,7.93,11.3,2.28,7.2,10.94,6.65,10.36,5.36,7.1,9.5,99.79,25.22,7743000000.0
1382,"HOB Co.,Ltd.",Consumer Defensive,6.73,5.65,,,-0.74,-27.87,17.34,15.34,-3.76,2.4,-23.76,18.25,19.13,-1.04,39.52,1.58,1.3,5.43,5.68,-4.22,1.19,-4.43,3.03,5.07,2.16,13.43,19.1,,22.8,306105000.0
1383,"Berg Earth Co.,Ltd.",Consumer Defensive,48.73,0.33,46.14,,-4.91,-2.76,2.15,-2.26,-1.84,6.77,2.29,3.64,7.07,4.23,144.7,-0.45,0.32,1.09,-0.92,2.94,0.48,10.44,-0.25,-0.32,0.27,1.07,-1.17,45.07,23.51,878211000.0
1384,"Hokuryo Co., Ltd.",Consumer Defensive,181.36,3.75,4.69,,22.49,5.91,11.72,3.24,13.37,33.56,17.73,18.62,13.89,23.3,45.57,21.51,9.96,11.9,7.43,19.13,2.62,6.05,18.99,31.15,8.75,10.99,6.19,76.34,31.95,7304000000.0
138A,"Hikari Food Service Co., Ltd.",Consumer Cyclical,31.0,1.54,20.51,,1.31,-1.05,9.71,6.36,3.32,9.36,6.74,12.03,12.55,9.38,73.64,7.89,8.46,11.79,2.93,11.49,15.36,32.11,7.0,19.91,6.61,16.19,2.25,60.22,73.27,1388132000.0
1401,Mbs Inc,Industrials,100.44,1.09,17.05,,7.0,4.65,4.75,0.32,5.47,7.2,5.65,5.45,0.54,6.1,11.18,14.35,13.28,11.36,10.8,6.72,8.18,8.8,13.09,36.93,12.04,9.6,9.21,99.56,32.25,2516980000.0
1407,West Holdings Corporation,Utilities,859.41,3.2,16.62,,0.21,-7.62,3.99,-12.05,-1.14,3.8,0.58,8.55,-5.65,4.31,523.47,18.3,21.03,19.44,11.57,-6.23,15.22,-34.89,4.7,6.46,6.83,5.69,6.63,27.52,34.48,35564000000.0
1414,"SHO-BOND Holdings Co.,Ltd.",Industrials,2537.74,3.68,16.62,,3.4,7.07,0.92,2.36,3.8,3.73,7.65,1.48,3.09,4.29,18.03,22.92,23.02,21.6,21.27,6.2,1.78,3.36,13.65,19.76,13.09,12.51,12.55,,29.22,32523000000.0
1417,MIRAIT ONE Corporation,Industrials,3117.64,2.65,13.68,,4.18,3.3,8.06,-0.81,5.18,7.72,5.79,10.79,1.7,8.1,38.07,5.69,4.84,3.44,4.51,4.11,11.62,7.11,5.62,6.78,4.78,3.19,4.78,75.98,15.44,67995000000.0
1418,"Interlife Holdings Co., Ltd.",Industrials,90.3,5.13,11.05,,24.23,4.21,-7.2,1.32,7.08,24.68,5.37,-6.9,1.79,7.72,6.33,7.14,5.17,2.14,1.47,-3.57,34.17,10.17,12.92,22.7,12.15,3.98,2.73,76.7,22.29,2640097000.0
1419,"Tama Home Co., Ltd.",Consumer Cyclical,845.0,4.49,69.47,,-0.13,0.61,7.44,4.27,2.64,1.1,2.66,9.8,7.56,4.52,70.92,1.94,2.05,5.08,5.18,-1.53,-18.94,-3.25,4.78,9.07,4.12,18.27,16.53,66.3,24.23,21176000000.0
141A,"TRIAL Holdings, Inc.",Consumer Defensive,4469.29,0.47,128.58,,-8.94,8.24,0.38,2.1,-0.11,-0.99,13.31,4.13,5.0,5.48,-223.24,2.63,2.67,2.14,2.02,11.96,9.93,9.67,7.88,14.05,9.2,9.84,9.2,25.41,20.51,72325000000.0
1420,Sanyo Homes Corporation,Consumer Cyclical,78.38,3.96,5.15,,-20.65,-31.34,44.91,31.24,-2.36,-19.62,-30.26,45.14,32.61,-1.58,-2.78,4.32,2.1,2.08,-0.37,10.95,-0.75,11.93,4.24,5.9,1.76,2.11,-0.37,43.79,21.3,10255257000.0
1429,"Nippon Aqua Co., Ltd.",Industrials,259.85,4.38,13.59,,3.87,-2.79,14.25,-2.26,5.11,5.81,-1.99,15.48,-1.15,6.43,0.28,8.24,8.51,10.17,9.07,11.25,6.79,10.41,11.45,13.42,12.11,16.91,10.92,69.26,22.98,2415160000.0
142A,"JINJIB Co., Ltd.",Industrials,26.87,0.0,14.74,,7.92,-5.46,15.78,11.34,6.08,11.23,-4.78,18.58,11.54,8.34,10.12,6.18,2.61,13.08,4.86,11.99,15.23,37.26,20.54,,-20.24,18.05,6.73,54.1,86.26,1684224000.0
1430,First-corporation Inc.,Consumer Cyclical,127.94,4.78,6.78,,-77.45,16.02,-12.58,-3.06,-24.67,-77.43,16.37,-12.3,-2.36,-24.45,-0.05,7.95,5.97,5.1,7.77,-15.69,51.64,11.52,8.59,9.67,12.08,7.35,11.53,47.26,12.89,2624627000.0
1431,"Lib Work Co.,Ltd.",Real Estate,150.77,0.98,145.62,,6.21,5.05,-12.53,-0.88,-0.42,9.19,7.32,-10.35,0.92,2.05,14.1,5.21,3.21,2.11,4.84,3.69,8.83,3.07,5.79,10.67,3.53,2.63,8.3,44.51,27.43,3897392000.0
1433,"Besterra Co., Ltd.",Industrials,107.08,3.33,17.87,,15.28,-5.96,-13.48,-3.47,-1.39,15.36,-5.67,-13.28,-3.31,-1.2,-2.01,6.65,3.43,2.63,-3.95,2.23,15.99,72.11,9.08,11.95,2.68,1.67,-2.12,46.09,20.09,1434387000.0
1434,"Jesco Holdings, Inc.",Industrials,113.63,2.94,7.42,,7.89,-7.5,-21.15,6.13,-6.92,7.89,-7.5,-21.15,6.13,-6.92,0.0,9.03,7.72,3.83,7.48,28.8,33.32,6.97,8.25,10.79,5.49,2.66,6.44,56.82,16.47,3059019000.0
1435,"Robot Home, Inc.",Real Estate,159.05,1.11,7.84,,6.51,8.38,4.12,-2.15,6.34,11.63,12.96,6.56,1.71,10.38,38.82,7.34,7.93,8.68,11.91,82.92,52.55,59.1,16.33,40.94,8.96,8.13,9.15,68.99,23.46,7505020000.0
1436,GreenEnergy & Company Inc.,Industrials,212.96,0.63,44.52,,2.95,-5.22,2.15,1.62,-0.04,6.19,-4.51,2.68,1.8,1.45,18.83,6.49,4.68,5.32,5.99,58.03,20.06,9.28,6.24,7.77,4.55,3.47,3.99,38.72,21.21,2294244000.0
1438,"Gifu landscape architect Co., Ltd.",Industrials,74.69,1.74,14.88,,3.84,8.51,2.43,-2.62,4.93,4.25,9.58,2.74,4.14,5.52,10.67,8.58,8.6,7.8,7.91,20.63,3.93,3.1,8.64,21.53,8.25,7.81,7.3,95.16,28.7,2631424000.0
143A,"Ishin Co., Ltd.",Communication Services,13.66,0.0,293.36,,-9.3,7.44,16.31,6.5,4.82,-6.1,7.48,16.53,7.76,5.97,-16.85,3.5,17.59,15.7,8.31,2.54,8.86,11.51,-36.6,,11.85,13.06,14.41,,73.22,1266800000.0
1443,"Giken Holdings Co., Ltd.",Industrials,44.48,0.4,7.25,,20.88,8.06,20.97,15.03,16.64,20.88,8.06,20.97,15.03,16.64,0.0,15.01,12.72,10.24,7.56,-4.71,-5.09,-5.66,2.92,3.27,2.87,2.34,1.93,82.5,27.72,1694230000.0
1444,"Nissou Co.,Ltd.",Consumer Cyclical,30.42,0.0,,,-2.61,1.46,3.3,,0.72,-2.24,2.23,4.36,,1.45,14.15,,1.21,3.56,6.28,,12.3,18.88,,,1.14,5.32,,57.47,24.27,1382734000.0
1446,"CANDEAL Co.,Ltd",Industrials,50.1,1.86,19.49,,7.16,7.1,11.06,8.49,8.44,8.36,7.54,11.89,9.34,9.26,9.0,3.03,2.72,3.67,2.99,4.81,7.43,9.24,4.73,7.74,3.29,5.18,2.33,68.42,36.17,1626858000.0
1447,"SAAF Holdings Co.,Ltd.",Technology,79.63,1.53,17.33,,19.01,-4.6,1.55,-5.37,5.32,25.99,3.83,7.19,4.64,12.34,108.44,3.7,1.16,2.44,2.42,2.51,-1.42,-4.12,4.45,6.26,-2.23,1.77,2.33,16.07,25.59,3437318000.0
1450,TANAKEN Inc.,Industrials,128.22,3.64,8.53,,-4.74,16.49,3.14,-2.12,4.96,-4.51,16.7,3.98,-1.73,5.39,5.76,14.75,18.95,15.06,13.88,20.63,15.08,-5.07,15.93,23.4,19.09,15.22,17.05,90.22,21.56,2979215000.0
145A,L is B corp.,Technology,45.51,0.0,23.81,,3.32,-0.78,-1.25,-4.63,0.43,3.92,0.61,-0.27,-3.46,1.42,-42.25,7.93,2.96,2.98,-27.2,33.79,24.54,31.87,5.16,12.18,1.38,4.7,-23.74,64.21,62.88,1779306000.0
146A,Columbia Works Inc.,Real Estate,282.46,2.53,5.67,,-20.41,-56.81,-10.32,-21.7,-29.18,-15.29,-50.79,-6.29,-20.32,-24.12,-36.43,16.26,18.55,18.79,19.89,76.75,45.01,31.38,6.15,7.01,4.98,5.97,5.58,24.32,23.34,7892000000.0
147A,"Soracom, Inc.",Technology,450.54,0.0,70.86,,2.85,-2.34,0.63,-0.8,0.38,3.91,-1.62,1.01,-0.49,1.1,6.82,7.01,7.3,9.17,1.61,38.15,13.42,25.87,7.0,30.61,4.68,6.58,1.07,94.48,49.45,9269384000.0
148A,"Hatch Work Co.,Ltd.",Industrials,34.76,0.0,21.21,,7.66,0.33,1.73,-5.71,3.24,8.49,0.61,2.07,-5.47,3.72,24.24,8.77,7.74,1.01,-23.65,16.55,15.13,24.78,16.04,,13.84,7.45,-41.07,74.33,59.11,1521074000.0
1491,"Chugai Mining Co., Ltd.",Basic Materials,106.19,4.59,7.03,,18.1,2.84,-0.84,-11.71,6.7,24.49,7.91,4.63,-10.56,12.34,69.47,0.87,0.87,0.32,0.94,73.51,42.71,34.11,12.4,23.94,12.74,3.62,10.06,65.99,1.8,6299962000.0
149A,"Thinca Co.,Ltd.",Technology,27.49,0.0,,,1.12,0.63,4.72,-7.08,2.16,2.89,3.7,5.34,-6.76,3.98,51.87,4.1,6.34,9.74,-19.65,18.84,18.46,35.39,3.76,33.85,2.41,27.07,-42.9,96.9,81.91,984502000.0
150A,"JSH Co.,Ltd.",Industrials,42.95,0.76,17.84,,-14.94,-11.81,4.31,1.23,-7.48,-0.91,3.2,6.97,5.23,3.09,-342.26,-2.24,4.44,5.99,5.55,19.49,13.93,17.33,-4.08,-5.78,6.08,8.14,12.6,65.99,29.99,884610000.0
1514,"Sumiseki Holdings,Inc.",Energy,374.66,2.34,14.58,,11.99,-0.49,50.09,0.08,20.53,12.15,0.07,50.12,0.14,20.78,270.98,3.09,0.47,-1.08,9.63,3.84,-28.8,-63.86,1.08,2.57,0.17,-0.56,16.47,,18.23,16924000000.0
1515,"Nittetsu Mining Co., Ltd.",Basic Materials,2553.23,1.89,18.18,,-9.93,0.87,0.99,3.29,-2.69,2.97,6.94,3.51,6.2,4.47,197.88,8.98,5.21,6.7,8.31,6.58,17.91,1.75,6.13,7.71,4.29,4.53,6.91,70.48,20.9,45009000000.0
1518,"Mitsui Matsushima Holdings Co., Ltd.",Energy,851.64,5.7,15.52,,3.88,1.17,23.35,29.94,9.47,6.76,5.37,25.0,30.77,12.38,42.43,14.62,12.58,32.49,44.73,8.08,-21.81,-3.18,6.2,6.55,5.78,22.72,35.19,52.89,38.32,5701000000.0
151A,Dive Group Inc.,Industrials,53.09,0.0,9.59,,1.22,-0.48,7.81,2.82,2.85,5.06,11.79,11.07,3.97,9.31,69.81,5.49,4.39,1.45,-2.11,11.47,49.57,106.16,20.3,88.62,14.34,10.5,-2.69,89.75,25.16,2065504000.0
153A,Caulis Inc.,Technology,104.65,0.32,34.48,,1.34,2.54,2.86,2.03,2.25,2.0,2.54,2.93,2.06,2.49,11.74,29.13,33.68,29.73,28.31,14.32,23.14,29.31,15.67,102.13,18.75,34.83,56.12,93.83,58.35,1487072000.0
155A,"Information Strategy and Technology Co.,Ltd.",Technology,82.52,0.0,21.01,,4.86,2.09,3.46,0.95,3.47,5.05,2.35,3.54,1.12,3.65,5.79,6.92,7.08,7.36,6.17,37.13,10.37,7.26,10.55,31.07,13.38,22.87,24.26,50.77,26.42,1987756000.0
156A,Material Group Inc.,Communication Services,82.53,2.99,13.58,,7.87,11.44,5.88,3.58,8.4,8.41,11.96,6.49,4.2,8.95,6.74,13.24,15.35,15.32,9.99,19.06,13.44,11.44,21.7,46.03,30.69,28.04,4.36,52.19,61.16,1261264000.0
157A,Green Monster Inc.,Technology,25.49,1.34,,,-0.99,4.49,9.84,-0.79,4.45,-0.27,6.62,10.02,-0.64,5.46,-77.3,6.16,11.8,9.63,3.78,2.52,14.37,22.52,3.59,17.92,10.2,16.45,6.51,78.98,35.38,1185144000.0
1605,Inpex Corporation,Energy,44599.38,2.92,10.41,,7.93,12.02,12.44,6.6,10.8,14.68,17.67,16.85,9.99,16.4,34.72,52.87,51.5,50.63,53.62,-11.23,4.68,-6.89,6.5,7.28,6.63,5.52,8.13,80.23,57.02,645800000000.0
160A,"As Partners CO.,LTD.",Industrials,71.78,4.01,6.11,,-9.0,-53.38,30.55,-25.97,-10.61,62.03,10.81,47.82,-10.38,40.22,248.23,6.44,7.28,4.7,1.57,32.05,4.47,34.17,7.34,10.02,6.87,6.54,1.63,37.07,18.03,4071656000.0
1662,"Japan Petroleum Exploration Co., Ltd.",Energy,4820.47,2.39,9.02,,15.3,8.28,5.05,14.19,9.54,21.36,27.13,18.79,21.7,22.43,57.0,11.43,15.94,16.95,18.45,-12.53,19.4,-3.16,5.43,5.98,8.96,9.04,11.92,91.52,22.55,57259000000.0
1663,K&O Energy Group Inc.,Utilities,1024.63,3.0,13.99,,7.52,7.77,4.56,6.06,6.62,15.53,13.51,11.55,11.88,13.53,51.54,11.6,9.54,10.04,6.88,-1.15,-4.03,-9.32,7.01,11.06,6.41,7.49,5.96,,23.85,38899000000.0
166A,TASUKI Holdings Inc.,Technology,676.46,3.68,11.99,,-10.72,-2.01,,,-6.36,-8.53,-1.99,,,-5.26,-13.28,11.85,8.57,,,56.8,,,7.69,11.52,4.94,,,31.06,19.88,26203066000.0
167A,"Ryoyo Ryosan Holdings, Inc.",Technology,1361.43,4.2,18.3,,-2.04,8.58,6.33,-2.07,4.29,-1.09,9.68,6.66,-1.88,5.08,-23.44,2.81,2.37,3.13,3.61,0.04,189.97,-4.48,3.66,4.55,3.63,4.2,4.65,72.89,10.45,35973000000.0
168A,Itamiarts.Inc,Communication Services,15.51,1.9,,,-23.1,-48.55,-0.16,3.76,-23.94,36.53,18.26,15.27,9.93,23.35,210.08,4.55,7.53,6.2,4.55,32.05,15.85,24.17,3.62,4.36,5.62,6.26,4.35,27.67,35.99,727538000.0
1711,"SDS HOLDINGS Co.,Ltd.",Utilities,25.66,0.0,,,-43.1,-45.4,30.08,-46.09,-19.47,-3.47,-8.35,36.03,-27.96,8.07,-522.63,2.18,-0.36,0.62,-4.56,30.13,-2.43,21.57,-17.08,-17.94,-0.46,1.08,-3.96,12.87,15.59,234434000.0
1716,Dai-Ichi Cutter Kogyo k.k.,Industrials,154.22,6.58,9.64,,5.53,7.93,12.44,8.44,8.63,11.02,14.1,17.77,14.52,14.3,41.17,8.14,11.74,11.87,11.94,-3.3,-5.62,5.8,6.12,12.53,9.17,10.61,11.04,98.77,28.82,9929000000.0
1717,Meiho Facility Works Ltd.,Industrials,110.06,4.71,11.79,,11.5,-3.37,5.9,1.34,4.68,13.24,-1.94,6.71,1.91,6.0,-16.22,20.76,21.46,20.29,20.13,6.96,8.56,10.59,15.37,20.98,16.22,15.53,14.05,,54.1,1627191000.0
1718,"Mikikogyo Co., Ltd.",Industrials,76.71,1.4,4.96,,-34.9,5.9,-30.05,12.62,-19.68,-27.63,8.6,-28.11,15.62,-15.71,-0.61,7.15,4.16,4.09,3.58,32.46,-15.25,4.7,6.23,6.93,3.22,4.19,3.88,74.9,22.08,2794593000.0
1719,Hazama Ando Corporation,Industrials,2975.29,4.4,10.0,,8.71,2.37,-6.11,9.84,1.66,9.56,3.76,-3.74,10.85,3.19,-5.96,7.65,8.29,4.72,5.33,3.4,7.87,5.91,9.87,13.72,12.22,7.7,8.21,88.75,14.55,66170000000.0
1720,"Tokyu Construction Co., Ltd.",Industrials,1297.6,3.6,9.68,,2.27,29.69,-42.92,15.2,-3.65,5.33,31.75,-41.63,15.72,-1.52,20.28,4.78,3.02,2.85,1.77,16.39,2.61,-1.1,7.79,11.75,4.79,3.93,3.07,84.19,11.03,49618000000.0
1721,COMSYS Holdings Corporation,Industrials,6401.37,2.41,18.05,,4.51,0.96,3.99,8.29,3.15,6.63,2.6,6.92,9.65,5.38,45.81,8.07,7.48,6.87,5.7,2.61,7.61,1.4,8.88,10.3,8.34,7.26,5.96,99.32,14.57,55436000000.0
1723,"Nihon Dengi Co., Ltd.",Technology,1630.92,2.81,19.3,,5.1,4.69,2.47,2.03,4.09,6.77,4.99,2.62,2.16,4.79,12.05,25.5,21.19,16.07,13.13,7.69,10.71,13.37,17.37,29.99,15.99,13.18,9.85,,47.36,19919000000.0
1724,Synclayer Inc.,Technology,32.56,4.2,10.01,,42.19,-58.04,55.31,-60.22,13.15,47.23,-40.54,66.39,-52.3,24.36,-5.27,3.35,5.58,5.23,4.15,-10.44,12.14,4.8,2.93,3.32,5.56,5.64,3.35,85.49,20.52,903000000.0
1736,Otec Corporation,Industrials,388.91,3.92,10.72,,10.14,7.03,6.26,0.4,7.81,11.87,9.11,7.15,2.0,9.38,16.61,15.08,12.81,6.9,7.47,7.31,6.98,12.38,12.4,21.12,11.81,6.65,6.55,92.93,31.33,11634215000.0
173A,Hammock Inc.,Technology,67.5,2.81,9.98,,13.67,5.14,7.04,-9.97,8.62,23.99,13.68,15.77,-3.74,17.81,53.6,17.07,16.81,15.65,12.72,3.86,9.93,7.23,17.02,,20.21,22.01,22.83,,43.28,4740874000.0
1758,"Taiyo Kisokogyo Co.,Ltd.",Industrials,49.18,2.64,9.68,,10.69,-1.82,13.41,-5.05,7.43,18.26,7.55,17.46,3.89,14.42,62.95,3.8,1.26,1.55,5.42,7.64,-7.48,-0.94,4.27,7.38,1.25,1.69,5.89,98.87,9.84,4052131000.0
175A,"Will Smart Co.,LTD.",Technology,13.91,0.0,,,-13.21,-2.01,2.62,-16.97,-4.2,-8.79,0.43,9.7,-12.21,0.45,194.65,-35.16,3.33,-22.13,-1.91,-25.85,33.54,-26.29,-84.01,-121.67,4.89,-30.23,-8.01,43.1,28.71,104621000.0
1762,"Takamatsu Construction Group Co., Ltd.",Industrials,1469.34,3.4,12.86,,-12.4,2.4,-9.51,-9.15,-6.5,-11.49,3.49,-7.13,-4.27,-5.04,-3.35,5.0,3.31,3.73,4.26,3.17,10.88,10.68,5.81,7.0,4.17,5.8,5.41,81.57,15.43,33920000000.0
1764,Kudo Corporation,Industrials,33.56,4.68,6.38,,89.71,7.93,-36.49,,20.38,91.34,8.76,-32.75,,22.45,-0.05,,2.3,1.7,1.41,,4.81,15.11,,,3.42,2.02,1.84,38.32,15.36,0.0
1766,Token Corporation,Real Estate,1474.2,3.04,10.72,,10.44,13.49,11.28,5.08,11.74,13.27,15.41,12.34,6.07,13.67,14.09,5.79,6.07,3.83,3.07,5.43,7.57,7.57,13.55,,11.53,7.22,5.18,,17.26,118474000000.0
1768,Sonec Corporation,Industrials,75.76,4.84,5.54,,40.73,-14.14,-35.39,24.72,-2.93,43.81,-8.63,-35.2,28.2,-0.01,-19.12,8.24,4.33,1.54,5.21,49.73,-6.08,-10.31,12.58,20.64,4.78,1.88,7.45,,12.14,4061963000.0
1770,"Fujita Engineering Co., Ltd.",Industrials,217.02,2.92,11.64,,8.68,3.2,8.66,5.35,6.85,9.39,5.2,9.11,6.09,7.9,16.96,8.8,9.04,6.76,6.39,-8.81,1.16,18.81,8.34,13.78,9.94,7.94,6.7,99.09,18.33,8269821000.0
177A,"Kohjin Bio Co., Ltd.",Healthcare,42.38,1.2,16.88,,-6.63,0.66,6.16,-2.35,0.06,16.48,21.61,19.44,10.88,19.18,101.83,6.92,19.04,12.51,26.72,-5.13,9.14,0.57,3.3,4.84,9.94,6.55,16.63,76.2,37.6,2486185000.0
1780,Yamaura Corporation,Industrials,272.89,2.57,8.83,,-9.37,-1.38,15.49,22.15,1.58,-5.89,0.29,17.9,22.83,4.1,176.2,10.51,10.93,11.53,9.8,13.79,-5.15,19.64,11.28,17.02,12.65,15.06,6.76,,18.5,8839964000.0
1783,"Fantasista Co., Ltd.",Real Estate,143.05,0.0,,,13.73,-33.79,11.64,-14.41,-2.81,17.22,-27.8,12.11,-14.29,0.51,0.87,2.25,7.97,14.2,1.5,7.0,-16.81,110.57,3.27,4.09,2.33,15.78,1.27,74.85,16.88,1784495000.0
1786,Oriental Shiraishi Corporation,Industrials,452.79,4.11,13.56,,-7.51,11.83,8.22,6.85,4.18,-0.29,17.23,11.65,9.01,9.53,-805.25,7.75,8.42,9.7,8.48,6.68,-4.2,9.6,6.51,8.9,6.73,8.6,8.27,94.63,18.1,15603000000.0
1787,"Nakabohtec Corrosion Protecting Co.,Ltd.",Industrials,121.26,4.6,11.58,,12.48,4.67,9.47,5.26,8.87,13.95,5.71,10.12,6.79,9.93,11.72,8.8,9.9,8.54,8.81,1.21,6.86,-2.67,10.42,12.07,11.67,9.83,10.91,,26.36,1278995000.0
1788,Santo Corporation,Industrials,25.64,3.92,8.68,,-22.49,-12.88,37.29,,0.64,-19.48,-11.56,40.34,,3.1,-6.43,,2.69,4.94,3.74,,6.94,2.49,,,4.44,8.15,,98.87,11.67,1589904000.0
1793,"Ohmoto Gumi Co., Ltd.",Industrials,540.98,3.49,29.79,,-10.6,-1.22,22.06,-39.32,3.41,-9.45,-0.66,22.7,-39.07,4.2,-31.83,2.71,2.6,2.04,0.62,24.76,-15.61,-12.08,2.11,2.33,1.72,1.13,0.45,,9.95,6888000000.0
1795,Masaru Corporation,Industrials,49.06,1.92,11.61,,24.78,8.37,4.68,-5.79,12.61,25.25,8.6,4.69,-5.51,12.85,1.6,5.99,4.55,5.84,2.85,19.0,3.61,24.08,6.65,14.3,4.42,6.57,2.55,86.39,20.94,3364809000.0
1798,Moriya Corporation,Industrials,124.31,3.3,4.53,,8.8,23.1,-16.89,25.34,5.0,10.94,24.74,-15.54,26.26,6.71,5.83,7.59,4.56,5.13,3.08,1.17,15.97,11.21,13.19,25.06,9.53,10.28,5.94,82.13,13.55,9728139000.0
1799,Daiichi Kensetsu Corporation,Industrials,597.62,4.73,11.25,,3.9,3.6,5.37,-7.9,4.29,7.12,10.01,8.99,-0.67,8.71,49.84,11.52,12.4,6.99,7.54,3.44,7.43,13.99,6.46,8.1,6.98,3.79,3.68,98.94,18.25,15136636000.0
1801,Taisei Corporation,Industrials,20270.18,3.0,12.13,,3.44,-2.26,-4.03,0.69,-0.95,7.27,-0.68,2.0,1.48,2.86,41.03,9.0,5.58,1.5,3.33,-3.02,22.05,7.45,9.45,11.77,7.3,1.47,3.69,68.56,15.8,278336000000.0
1802,Obayashi Corporation,Industrials,21083.22,3.07,12.29,,6.04,1.62,-1.33,6.25,2.11,12.0,3.99,2.39,10.84,6.13,88.18,7.53,5.5,3.41,4.73,-0.17,11.42,17.2,8.66,11.94,6.68,3.88,4.93,78.52,14.1,440676000000.0
1803,Shimizu Corporation,Industrials,15000.4,3.28,11.84,,-3.8,8.33,-5.26,1.02,-0.24,2.78,10.61,-1.42,5.59,3.99,-4.38,5.77,3.65,-1.23,2.83,5.83,-3.05,3.71,5.13,6.66,3.18,-1.03,2.61,64.23,12.54,355992000000.0
1807,"Watanabe Sato Co., Ltd.",Industrials,116.51,4.17,13.5,,41.07,-38.68,26.02,-2.33,9.47,43.74,-34.03,29.9,1.61,13.2,1.79,3.18,2.91,4.3,1.78,-16.62,5.27,10.8,3.12,4.33,3.31,5.3,1.95,,10.47,6394125000.0
1808,HASEKO Corporation,Consumer Cyclical,7234.56,3.67,13.36,,18.84,-2.31,12.56,-12.07,9.7,21.76,0.54,15.9,-7.18,12.73,187.34,7.76,7.19,7.84,8.78,8.14,7.58,6.54,6.14,8.71,5.05,6.26,7.24,57.69,14.91,291728000000.0
1810,"Matsui Construction Co., Ltd.",Industrials,415.26,4.8,9.59,,19.89,16.47,-40.82,15.86,-1.49,22.21,18.36,-38.99,17.29,0.53,5.35,5.89,3.41,0.27,2.56,-3.24,2.36,9.37,6.72,9.57,4.41,0.34,3.41,,11.35,17005000000.0
1811,The Zenitaka Corporation,Industrials,537.83,1.6,12.64,,32.23,-15.0,-42.7,-30.22,-8.49,34.87,-14.37,-41.63,-5.41,-7.04,0.18,3.75,3.08,2.75,1.42,4.01,-0.26,12.4,2.22,2.68,1.9,1.83,1.2,78.03,10.07,25404000000.0
1812,Kajima Corporation,Industrials,22685.24,2.93,12.93,,2.58,-1.73,3.51,-4.68,1.45,5.05,1.35,5.45,-1.28,3.95,104.21,7.85,5.22,5.11,5.17,5.34,9.25,11.44,7.5,9.2,5.32,5.16,5.3,62.91,13.88,415027000000.0
1813,Fudo Tetra Corporation,Industrials,457.55,2.81,10.25,,-8.6,-14.07,8.13,-2.22,-4.85,-5.03,1.36,15.44,1.22,3.92,371.06,7.24,4.57,3.91,5.11,17.46,2.37,-3.57,7.96,9.88,4.65,4.85,6.2,81.92,19.56,10433000000.0
1814,"Daisue Construction Co., Ltd.",Real Estate,378.86,5.1,10.06,,23.88,-10.13,-7.0,9.33,2.25,24.54,-8.07,-5.07,11.06,3.8,-20.29,6.23,4.15,2.04,2.63,18.56,14.41,8.32,17.2,27.98,8.18,3.79,5.94,82.13,11.32,10776000000.0
1815,Tekken Corporation,Industrials,635.95,2.53,12.6,,-23.18,-33.38,4.72,-1.13,-17.28,-21.84,-31.9,6.25,-0.34,-15.83,4.55,3.13,1.87,0.52,0.77,-2.86,0.83,14.21,2.46,2.93,1.91,0.62,0.83,51.06,9.72,24769000000.0
1820,"Nishimatsu Construction Co., Ltd.",Industrials,2234.42,4.39,9.28,,-9.09,-8.13,7.74,3.9,-3.16,1.36,2.64,14.34,15.55,6.11,407.1,7.08,5.75,4.69,3.71,7.97,-8.67,18.21,4.6,5.18,3.91,3.52,2.85,47.21,13.71,48273000000.0
1822,Daiho Corporation,Industrials,718.94,4.55,16.49,,4.12,15.5,-18.52,15.98,0.37,5.41,16.38,-16.05,17.88,1.91,4.57,4.93,3.86,0.29,3.25,-2.49,-12.15,4.6,5.12,7.28,5.03,1.33,3.81,86.26,10.84,24810000000.0
1826,"Sata Construction Co., Ltd.",Industrials,129.97,5.53,13.33,,-6.42,4.35,15.17,20.91,4.37,-5.39,6.92,15.44,22.37,5.66,6.66,4.82,2.98,0.77,6.05,13.96,23.7,-13.41,8.34,23.31,3.68,0.5,7.77,90.06,10.64,8721000000.0
1827,Nakano Corporation,Industrials,497.93,1.75,11.35,,20.33,-9.5,-4.87,3.65,1.99,20.92,-8.79,-4.19,4.36,2.65,-7.2,3.89,2.97,2.97,2.5,24.91,2.91,-6.15,8.02,21.21,5.98,5.91,5.14,99.32,10.46,30965000000.0
1828,Tanabe Engineering Corporation,Industrials,254.69,4.12,7.44,,4.57,45.28,-23.12,4.73,8.91,7.61,50.75,-18.61,7.18,13.25,8.84,9.11,7.55,5.16,6.36,3.02,-1.95,20.72,11.89,18.76,9.85,7.03,7.71,95.0,19.44,10601343000.0
1833,Okumura Corporation,Industrials,2064.55,5.22,11.24,,-2.89,-8.94,-9.75,6.68,-7.19,3.69,-5.73,-8.3,8.67,-3.45,34.96,5.19,3.26,4.76,4.75,3.01,3.5,15.52,4.61,4.94,18.14,3.94,3.85,74.21,12.59,17269000000.0
1835,"Totetsu Kogyo Co., Ltd.",Industrials,1351.84,3.89,10.66,,1.52,1.7,0.68,-10.72,1.3,3.88,3.08,3.58,-6.63,3.51,62.16,10.8,9.7,8.28,7.28,1.86,12.83,13.78,8.1,9.36,8.39,6.67,5.86,,17.23,20574436000.0
1840,"Tsuchiya Holdings Co., Ltd.",Consumer Cyclical,64.95,3.98,,,-14.76,22.83,-32.89,-42.78,-8.27,19.25,49.65,-28.61,-34.51,13.43,71.89,-0.39,0.46,1.14,0.43,-5.47,-3.27,-0.9,1.42,2.13,0.61,1.45,0.54,66.51,25.84,5331443000.0
1844,"Ohmori Co.,Ltd.",Industrials,84.04,2.68,12.66,,16.75,-24.9,5.39,,-0.92,17.56,-23.21,6.0,,0.12,2.51,,,10.4,7.46,,,-1.19,,,,5.51,,63.03,17.47,3447516000.0
1847,"Ichiken Co., Ltd.",Real Estate,503.01,4.47,7.85,,-7.69,15.96,3.57,2.44,3.95,-6.43,16.19,3.74,2.54,4.5,-4.55,8.51,6.9,4.26,3.04,7.25,2.72,9.44,13.8,20.25,11.38,8.34,5.31,84.23,12.34,14675000000.0
1848,Fuji P.S Corporation,Industrials,154.04,2.9,15.51,,-3.88,-26.14,-16.27,-14.46,-15.43,2.71,-15.15,-7.05,-7.54,-6.5,13.25,4.93,2.62,1.97,0.82,-4.56,18.22,6.42,4.68,5.1,2.71,1.84,0.74,55.5,15.91,1960000000.0
184A,"Manabi-aid Co.,Ltd.",Consumer Defensive,11.06,0.0,,,-10.87,-20.93,5.34,1.83,-8.82,-9.77,-19.75,5.77,2.18,-7.92,-3.22,-46.91,-102.47,23.28,22.23,26.27,-53.89,25.41,-31.04,-182.17,-174.73,34.67,35.0,,43.09,459872000.0
1850,"Nankai Tatsumura Construction Co., Ltd.",Industrials,123.6,1.83,6.07,,67.98,-51.04,12.09,14.59,9.68,68.34,-49.62,12.31,14.76,10.34,-0.17,6.21,4.5,3.86,4.35,-13.5,21.36,2.89,10.17,15.11,7.34,6.45,8.68,96.27,11.34,6688000000.0
1852,Asanuma Corporation,Industrials,715.73,6.24,14.03,,24.85,6.39,-5.03,1.68,8.74,25.73,7.24,-4.43,1.89,9.51,0.56,4.11,4.11,2.66,3.94,4.96,9.39,5.7,8.26,13.18,7.57,4.63,7.1,77.67,11.18,23890000000.0
1853,"Mori-Gumi Co., Ltd.",Industrials,106.76,4.29,11.52,,21.84,-43.24,5.78,6.66,-5.21,24.69,-39.61,6.37,7.48,-2.85,3.88,4.81,3.7,3.92,3.42,-4.8,6.79,12.03,5.95,10.14,6.18,4.73,3.72,30.21,10.51,6403000000.0
1860,Toda Corporation,Industrials,4413.95,3.98,12.08,,7.52,-8.51,1.28,-15.51,0.1,14.15,5.98,14.08,-6.99,11.4,126.66,5.92,4.54,3.43,2.58,10.07,12.29,-4.52,4.6,5.34,3.13,1.85,1.67,69.93,14.28,86553000000.0
1861,"Kumagai Gumi Co.,Ltd.",Industrials,2224.5,3.79,11.19,,9.14,1.87,6.62,-10.42,5.88,11.25,3.7,7.63,-8.46,7.53,27.13,5.56,2.87,2.85,2.85,-2.18,12.5,9.84,7.64,10.5,4.33,3.59,3.96,76.06,10.92,64679000000.0
1866,Kitano Construction Corp.,Industrials,277.5,2.69,7.95,,-19.61,-24.87,4.54,57.88,-13.31,-15.01,-22.23,6.91,59.53,-10.11,-2.75,5.89,4.5,5.65,4.61,-2.55,-4.84,-0.37,6.48,8.72,6.3,8.62,6.27,,14.84,13239000000.0
1867,UEKI Corporation,Industrials,179.63,4.07,7.52,,-28.96,8.58,-6.57,1.4,-8.98,-21.1,14.75,-3.73,3.22,-3.36,-23.8,5.88,5.63,4.64,4.17,24.82,-9.31,14.25,6.45,7.17,6.02,6.15,4.8,83.38,11.89,3864021000.0
186A,Astroscale Holdings Inc.,Industrials,1753.77,0.0,-349.58,,-11.05,-7.38,-7.98,-5.4,-8.8,-7.12,-6.99,-7.31,-4.53,-7.14,-23.35,-167.92,-763.34,-405.1,-539.08,141.79,-13.87,59.1,-65.6,-192.32,-110.8,-75.39,-45.02,29.67,0.32,10021823000.0
1870,"Yahagi Construction Co.,Ltd.",Industrials,944.82,5.06,11.12,,9.09,-19.09,8.29,1.56,-0.57,10.42,-18.2,10.83,4.39,1.02,10.46,8.11,6.15,7.94,6.49,20.4,17.42,7.84,9.05,10.67,5.57,7.41,5.52,83.91,15.34,16260000000.0
1871,"PS Construction Co., Ltd.",Industrials,1032.84,4.56,11.07,,-18.08,14.47,13.39,-17.73,3.26,-16.92,15.44,15.44,-16.18,4.65,4.21,8.66,9.08,6.05,5.23,10.13,4.9,18.26,10.03,11.14,10.85,7.2,4.97,71.17,16.57,9343000000.0
1873,"Nihon House Holdings Co., Ltd.",Consumer Cyclical,124.79,3.82,9.31,,5.98,22.34,7.38,-3.17,11.9,10.03,27.65,20.19,21.84,19.29,41.02,8.04,6.68,2.49,5.9,-15.33,-10.54,-8.59,4.5,5.69,5.0,-0.14,4.83,70.54,45.36,7034000000.0
1878,"Daito Trust Construction Co.,Ltd.",Real Estate,10749.17,4.95,11.04,,0.91,5.7,6.63,5.04,4.41,3.77,7.96,8.45,7.64,6.73,41.96,6.81,6.45,6.05,6.03,7.73,6.4,4.45,13.24,21.32,14.52,14.79,13.91,62.23,17.49,276335000000.0
1879,Shinnihon Corporation,Industrials,1367.48,3.39,8.98,,12.21,1.63,8.39,7.62,7.41,12.61,1.94,8.56,7.74,7.7,7.12,14.74,13.91,13.16,15.11,5.14,-1.39,17.4,11.12,38.62,10.45,10.81,11.7,,18.51,95824000000.0
1882,Toa Road Corporation,Industrials,748.56,5.57,21.84,,12.89,-5.97,9.06,-0.09,5.33,16.3,-2.34,14.58,2.91,9.51,-32.06,4.77,3.96,4.64,3.99,-4.15,7.21,-0.56,6.38,8.38,5.58,6.67,5.96,99.04,11.97,13909000000.0
1885,TOA Corporation,Industrials,1668.79,3.56,8.69,,26.53,-9.71,21.74,-10.48,12.85,28.77,-8.54,23.58,-8.36,14.6,0.65,6.75,6.24,6.07,3.07,8.54,16.42,32.91,12.93,19.85,9.48,7.84,3.33,79.68,11.67,49380000000.0
1887,JDC Corporation,Industrials,434.9,5.47,7.97,,-15.87,-0.99,-11.55,-35.09,-9.47,-10.51,8.72,-2.9,-25.44,-1.56,-79.14,5.29,1.88,-6.93,2.91,9.61,-9.1,-12.0,5.62,6.9,1.53,-10.75,2.9,65.32,12.07,19919000000.0
1888,"Wakachiku Construction Co., Ltd.",Industrials,479.89,3.9,10.98,,-1.55,-24.03,-11.64,29.67,-12.41,0.99,-21.28,-8.26,31.55,-9.52,67.43,6.35,6.04,7.35,7.42,21.15,-8.91,12.99,6.07,8.2,6.19,9.35,11.6,80.65,13.94,19638000000.0
1893,"Penta-Ocean Construction Co., Ltd.",Industrials,4104.96,3.34,12.09,,-6.71,-14.98,-0.43,2.33,-7.37,16.66,-5.68,2.23,4.8,4.4,31.96,6.96,2.98,4.72,0.82,9.18,17.77,23.0,9.26,11.31,4.15,6.69,0.6,44.01,10.49,71769000000.0
1897,"The Kaneshita Construction Co.,Ltd.",Industrials,81.99,1.28,20.22,,0.22,7.37,17.43,-15.78,8.34,0.82,7.93,18.93,-15.2,9.23,29.38,1.13,2.8,2.23,1.48,-9.3,-8.59,7.69,0.37,0.72,1.02,0.9,0.55,99.98,11.86,9525000000.0
1898,"Seikitokyu Kogyo Co., Ltd.",Industrials,545.82,5.12,11.7,,17.6,-4.23,14.69,-4.89,9.35,20.92,-1.78,20.06,4.36,13.07,-31.65,6.74,5.88,4.65,2.89,-4.13,12.86,-4.74,9.22,12.88,8.67,5.88,3.6,86.58,13.48,14437000000.0
1899,Fukuda Corporation,Industrials,775.45,2.73,10.78,,0.92,5.73,6.75,4.75,4.47,3.32,7.58,9.66,6.48,6.85,42.24,4.63,4.6,3.21,3.37,0.82,2.68,5.11,6.05,9.16,6.1,4.24,4.35,99.09,11.03,30822000000.0
189A,"D & M Company Co., Ltd.",Healthcare,25.0,1.84,11.51,,-40.94,-4.09,-31.4,-88.27,-25.48,-32.16,-2.79,-31.31,-87.51,-22.09,-24.74,16.77,19.93,23.63,21.28,8.08,26.33,7.06,1.88,2.0,2.45,2.14,2.08,22.63,53.79,636294000.0
1904,"Taisei Oncho Co., Ltd.",Industrials,320.97,2.41,9.0,,28.44,-0.95,8.52,1.52,12.0,30.27,1.75,9.37,2.24,13.8,56.48,6.45,4.98,4.94,3.73,-1.25,2.37,31.42,9.52,24.9,7.54,8.19,5.25,91.11,17.67,18978944000.0
1905,Tenox Corporation,Industrials,97.15,4.25,10.28,,7.15,22.26,-6.51,6.34,7.63,14.59,31.37,1.47,9.84,15.81,207.81,6.11,4.7,2.58,3.57,-11.06,17.37,10.31,6.56,15.26,5.64,2.72,3.57,,18.96,7882234000.0
1909,Nippon Dry-Chemical Co Ltd,Industrials,0.0,0.0061000003,0.0,,12535427.93,34400779.28,3066603.6,-3143198.2,16667603.6,15390612.61,40282292.79,5157833.33,541378.38,20276912.91,24.56,13.2,11.0,8.55,7.68,8.6,-0.27,11.26,15.77,23.6,14.47,10.93,10.25,89.86,28.56,11753909000.0
190A,Chordia Therapeutics Inc.,Healthcare,51.9,0.0,,,-35.5,-37.34,10.46,-33.1,-20.79,-35.39,-37.33,10.48,-32.84,-20.75,-0.06,,,8.48,,,-100.0,,-73.54,,-43.35,4.66,-42.83,,0.0,2548955000.0
1911,"Sumitomo Forestry Co., Ltd.",Consumer Cyclical,7483.88,4.12,8.87,,2.39,-5.66,12.35,2.49,3.03,12.65,3.62,16.74,7.39,11.0,121.27,7.44,9.48,8.44,9.48,10.42,18.49,3.8,7.41,8.29,9.9,9.89,11.81,43.69,23.14,185405000000.0
1914,"Japan Foundation Engineering Co., Ltd.",Industrials,150.54,3.65,9.18,,-9.03,-11.37,3.22,-1.15,-5.73,0.68,2.99,10.97,6.44,4.88,657.08,5.32,6.25,4.29,3.26,-9.66,28.44,-1.39,3.41,4.18,5.29,2.73,1.7,78.78,16.96,5837226000.0
1921,Tomoe Corporation,Industrials,667.93,1.18,11.51,,13.75,3.85,-0.34,-1.25,5.75,14.8,7.46,3.3,0.65,8.52,55.29,13.62,11.34,9.53,10.51,0.81,3.98,-7.34,4.07,4.56,4.32,3.73,6.36,81.08,21.53,9466988000.0
1925,"Daiwa House Industry Co., Ltd.",Real Estate,28195.28,2.03,8.03,,-10.8,1.38,-1.91,-9.09,-3.78,6.71,14.92,10.72,8.17,10.78,156.49,11.03,10.05,8.46,9.48,2.61,4.46,6.0,6.82,7.36,7.49,6.41,8.07,46.43,22.27,434566000000.0
1926,"Raito Kogyo Co., Ltd.",Industrials,1605.16,1.36,13.55,,6.44,3.48,6.53,1.08,5.48,8.51,6.45,9.09,2.97,8.02,32.85,12.36,10.55,9.59,11.12,14.62,3.52,2.04,13.55,20.12,10.15,8.53,10.44,97.92,21.78,29975000000.0
1928,"Sekisui House, Ltd.",Consumer Cyclical,21844.71,4.36,8.55,,5.55,-1.29,-2.8,1.52,0.49,9.9,2.88,0.72,5.74,4.5,226.42,8.13,8.16,8.72,8.93,3.43,30.62,6.09,5.98,6.71,6.3,7.77,8.43,55.03,20.01,435177000000.0
1929,"Nittoc Construction Co., Ltd.",Industrials,517.1,4.05,12.46,,4.19,6.08,6.46,2.84,5.58,6.71,8.73,8.55,5.14,8.0,30.78,6.95,5.47,6.06,7.48,24.67,-6.49,-1.42,10.81,20.17,6.89,8.44,11.37,98.72,18.92,17732000000.0
192A,Integroup Inc.,Financial Services,28.5,3.88,33.61,,6.19,-8.11,33.52,19.99,10.53,6.19,-7.87,34.6,20.14,10.97,0.03,7.7,26.28,44.77,18.71,-17.66,-13.91,72.57,4.2,,17.99,50.92,24.68,,46.21,2022388000.0
1930,"Hokuriku Electrical Construction Co.,Ltd.",Industrials,443.07,2.98,11.51,,0.07,16.23,3.33,4.18,6.54,1.25,17.16,5.09,7.48,7.83,44.94,8.39,7.83,6.41,5.26,9.75,4.14,19.07,7.9,13.95,6.74,5.22,3.77,99.87,18.97,20017000000.0
1934,Yurtec Corporation,Industrials,1803.03,2.99,17.47,,3.32,7.6,3.97,4.92,4.96,3.68,8.36,4.32,5.38,5.45,9.02,7.15,6.29,4.33,4.19,-1.92,5.77,6.95,7.19,10.12,7.21,4.53,4.21,94.51,16.88,47283000000.0
1938,"Nippon Rietec Co.,Ltd.",Industrials,653.46,3.68,11.77,,4.6,0.29,2.75,1.92,2.55,7.26,3.12,5.91,3.32,5.43,60.27,9.61,7.57,5.86,5.0,7.83,17.3,8.93,7.49,8.51,5.8,3.94,3.19,99.27,17.59,8394704000.0
1939,Yondenko Corporation,Industrials,1111.42,3.58,14.81,,1.77,-1.89,4.16,2.2,1.35,3.61,-0.48,5.43,3.43,2.85,-72.25,8.87,7.62,7.0,5.58,-6.07,14.94,3.36,8.09,10.31,7.52,5.9,4.95,93.35,18.69,17012000000.0
1941,Chudenko Corporation,Industrials,2763.6,2.7,15.27,,8.9,6.23,3.74,0.76,6.29,10.55,8.23,4.96,2.24,7.91,21.5,11.49,9.78,5.94,4.42,2.69,10.38,6.34,7.48,9.56,8.5,3.64,8.8,,19.66,53248000000.0
1942,"Kandenko Co.,Ltd.",Industrials,11248.27,2.31,18.11,,6.55,0.3,0.14,0.18,2.33,7.95,1.62,1.76,0.66,3.78,63.75,11.2,8.68,6.84,6.05,10.44,12.28,10.5,15.0,18.76,10.64,7.45,7.06,97.16,16.27,79937000000.0
1944,Kinden Corporation,Industrials,11505.5,2.0,19.72,,7.62,2.13,3.35,2.62,4.37,7.62,2.13,3.35,2.62,4.37,0.0,12.02,8.65,6.52,6.14,6.48,7.72,7.45,9.46,13.22,7.03,4.94,4.58,63.85,23.56,192549000000.0
1945,Tokyo Energy & Systems Inc.,Industrials,710.74,3.6,16.62,,5.38,-22.49,10.65,5.9,-2.15,6.62,-21.43,11.96,11.46,-0.95,8.27,5.7,3.94,4.48,4.38,22.68,-23.45,11.91,3.12,3.5,1.8,3.2,2.66,80.76,15.29,9817000000.0
1946,Toenec Corporation,Industrials,2100.17,3.34,11.72,,9.06,6.12,7.53,4.89,7.57,12.43,9.05,9.1,6.02,10.19,25.59,7.86,5.92,6.29,4.43,0.55,7.16,8.97,7.61,10.06,5.81,5.74,8.97,68.02,17.78,47820000000.0
1948,"The Kodensha Co., Ltd.",Industrials,1000.0,0.96,35.34,,3.19,0.92,0.14,0.07,1.42,3.35,1.12,0.19,0.12,1.55,17.2,8.8,7.85,3.32,2.03,12.66,12.6,3.91,10.91,11.31,10.02,3.8,2.37,98.03,21.44,901000000.0
194A,"WOLVES HAND Co., Ltd.",Healthcare,126.48,3.11,13.77,,3.26,3.63,-8.4,,-0.5,6.78,7.52,4.81,,6.37,126.15,,16.58,17.27,16.78,,7.3,8.29,,,11.93,12.27,,60.61,29.36,910879000.0
1950,"Nippon Densetsu Kogyo Co., Ltd.",Industrials,2394.97,3.1,13.24,,1.71,-4.11,0.66,-1.06,-0.58,4.39,-1.81,3.08,5.53,1.89,4.19,10.28,8.27,6.93,5.61,5.66,11.8,12.74,7.19,8.47,6.18,4.88,3.7,99.96,17.85,34342000000.0
1951,"EXEO Group, Inc.",Industrials,5318.45,3.07,17.43,,3.85,-2.22,4.16,-1.55,1.93,6.25,1.29,7.88,1.03,5.14,119.44,6.6,6.33,5.56,5.19,17.43,9.24,-2.15,6.55,7.17,5.77,4.63,4.81,74.11,14.56,41718000000.0
1952,"Shin Nippon Air Technologies Co., Ltd.",Industrials,1471.28,3.72,12.09,,7.29,9.27,-10.0,8.23,2.19,7.9,9.68,-9.22,8.71,2.79,1.15,9.77,8.24,7.22,6.35,12.49,7.58,14.03,12.77,18.78,10.78,8.59,8.17,97.07,17.56,27336000000.0
1959,Kraftia Corporation,Industrials,5738.72,2.71,14.27,,1.26,0.84,7.31,2.5,3.14,2.15,1.51,7.66,3.03,3.77,30.2,11.47,8.73,8.11,8.11,0.46,1.04,18.51,10.33,12.0,8.26,8.13,7.44,92.31,18.29,51939000000.0
195A,MUSCAT GROUP Inc.,Technology,25.15,0.0,,,-31.0,-18.89,2.5,-7.18,-15.8,-26.9,-16.22,3.67,-6.14,-13.15,0.0,-9.67,2.95,3.71,-9.09,38.27,25.77,29.49,-57.33,-69.31,1.86,7.55,-12.39,20.9,53.6,543999000.0
1960,Sanyo Engineering & Construction Inc.,Industrials,263.33,3.23,9.52,,19.85,-7.86,-8.33,2.96,1.22,22.14,-5.9,-2.51,5.74,4.58,-85.06,4.93,3.13,-2.52,-2.15,-9.99,33.76,30.93,5.69,9.29,4.41,-10.03,-1.23,95.52,14.94,14405000000.0
1961,"Sanki Engineering Co., Ltd.",Industrials,3930.26,2.58,50.27,,2.79,7.28,-0.1,-3.3,3.32,3.35,7.56,0.33,-2.69,3.75,49.93,10.99,8.65,5.22,2.84,0.61,14.07,16.27,15.92,23.75,14.29,6.95,3.75,94.9,22.02,42083000000.0
1963,JGC Holdings Corporation,Industrials,5602.85,2.26,13.38,,11.1,5.77,-1.41,17.6,5.15,14.26,8.35,1.98,19.77,8.2,74.74,4.75,-1.34,-2.28,6.05,-13.15,3.06,37.19,5.25,38.03,0.15,12.48,5.2,92.26,8.61,400476000000.0
1964,"Chugai Ro Co., Ltd.",Industrials,274.72,4.61,6.11,,19.53,-16.36,-8.1,-9.97,-1.64,23.39,-13.45,-3.24,-9.1,2.23,-51.64,7.71,7.55,5.05,4.68,2.99,23.78,4.67,5.85,8.4,5.88,3.0,3.59,85.88,21.73,10821000000.0
1965,Techno Ryowa Ltd.,Industrials,1492.66,0.84,12.76,,7.72,2.93,-1.24,-0.24,3.14,8.14,3.12,-0.97,-0.11,3.43,-5.45,15.98,11.44,7.86,5.21,17.21,14.25,20.74,16.86,24.03,13.03,8.16,4.82,98.76,25.38,19824000000.0
1966,Takada Corporation,Industrials,128.21,4.0,10.24,,-20.59,-28.67,0.2,-8.74,-16.35,-8.95,-5.03,13.61,-3.95,-0.12,-167.08,3.31,5.05,4.59,4.63,-7.53,11.12,-9.72,3.69,4.36,8.06,7.22,8.78,59.79,11.37,5241704000.0
1967,Yamato Corporation,Industrials,479.96,3.59,10.86,,-5.81,7.7,4.96,-5.51,2.28,2.89,9.45,8.16,-3.29,6.83,119.61,9.94,9.02,3.74,4.57,2.18,10.09,8.53,7.92,9.72,7.75,2.84,3.45,97.46,15.96,8653574000.0
1968,"Taihei Dengyo Kaisha, Ltd.",Industrials,1593.39,2.94,13.38,,-4.26,-2.1,-3.45,19.74,-3.27,-3.65,-1.58,-2.91,20.4,-2.71,-22.44,10.48,10.37,7.77,11.41,12.72,-2.85,2.85,7.2,9.6,6.78,6.2,9.6,89.31,18.05,35423000000.0
1969,"Takasago Thermal Engineering Co., Ltd.",Industrials,6180.65,2.6,16.45,,3.99,0.25,-2.66,3.36,0.53,4.81,0.95,-2.12,4.18,1.21,21.73,11.17,8.39,6.55,4.4,11.07,5.03,7.24,13.5,16.69,10.95,8.7,6.53,83.95,22.11,48228000000.0
196A,"MFS, Inc.",Financial Services,33.15,0.0,10.18,,-4.74,0.88,-24.94,,-9.6,-2.14,1.88,-24.89,,-8.38,-23.03,,-5.86,-8.68,-64.87,,17.54,90.59,,,-5.42,-17.34,,75.77,22.98,1976801000.0
1972,"Sanko Metal Industrial Co., Ltd.",Industrials,254.08,4.88,9.61,,6.57,11.46,12.33,1.39,10.12,10.29,14.02,16.16,3.22,13.49,26.06,8.04,9.08,8.66,8.5,3.74,5.7,7.83,9.41,19.25,10.77,10.43,10.41,93.56,20.73,14158000000.0
1975,"Asahi Kogyosha Co., Ltd.",Industrials,1036.32,3.6,11.19,,8.46,-0.23,1.66,-1.34,3.3,12.29,1.23,1.94,-0.03,5.15,54.74,11.15,7.89,4.98,3.37,14.0,0.29,14.35,14.71,26.68,11.48,7.82,4.59,88.46,20.46,26392000000.0
1976,"MEISEI INDUSTRIAL Co.,Ltd.",Industrials,789.52,4.64,14.61,,7.64,6.25,6.61,3.97,6.83,8.23,8.79,9.03,5.15,8.68,20.91,12.73,16.06,13.35,12.23,-9.03,9.78,8.03,8.17,17.28,11.21,9.31,7.77,98.85,21.91,36812000000.0
1979,Taikisha Ltd.,Industrials,2404.05,3.63,15.61,,26.05,-10.47,7.01,1.09,7.53,26.91,-8.83,8.63,2.0,8.9,1.1,8.15,6.51,6.23,5.38,3.59,-5.91,36.67,9.79,22.19,7.33,9.0,6.32,98.06,19.31,90664000000.0
197A,"TAUNS Laboratories,Inc.",Healthcare,563.97,5.5,10.25,,3.01,10.59,-7.67,14.88,1.98,12.09,17.62,-5.6,18.96,8.04,26.02,44.37,43.56,31.69,64.1,1.05,17.62,-10.22,19.99,28.19,25.5,21.65,51.29,47.74,68.58,9266630000.0
1980,"Dai-Dan Co., Ltd.",Industrials,3810.18,2.92,14.2,,15.13,3.17,-0.27,3.71,6.01,15.34,3.25,0.16,4.18,6.25,92.32,13.46,8.77,5.51,4.53,-2.48,33.08,6.17,18.49,48.79,12.89,7.72,6.62,97.54,21.89,83204000000.0
1981,"Kyowanissei Co.,Ltd.",Industrials,131.14,3.88,11.35,,14.14,5.11,3.54,4.5,7.6,14.93,8.45,10.46,8.44,11.28,37.02,3.48,3.96,3.48,3.31,5.26,4.25,4.11,5.09,8.18,5.32,4.62,4.53,94.88,9.11,7480944000.0
1982,"Hibiya Engineering, Ltd.",Industrials,1353.49,3.06,16.44,,8.41,-0.69,2.85,0.55,3.52,8.6,-0.46,3.08,0.82,3.74,-13.73,11.34,8.31,6.85,7.09,4.78,7.19,-0.26,9.86,17.35,7.22,5.94,6.66,,22.38,34377000000.0
198A,PostPrime Inc.,Technology,20.01,0.0,,,-27.98,-2.25,15.81,17.87,-4.81,-27.91,-2.19,16.01,17.98,-4.7,-0.55,-43.01,20.41,37.13,31.38,-38.31,-5.07,20.09,-34.32,-187.74,9.12,27.7,29.14,,79.48,631064000.0
1992,"Kanda Tsushinki Co., Ltd.",Technology,67.89,2.85,18.22,,8.59,5.27,6.82,0.57,6.89,9.68,6.95,7.32,0.64,7.98,14.12,6.47,8.71,10.09,8.09,-5.6,0.38,19.63,4.08,8.36,6.8,7.98,5.55,94.52,28.84,3437892000.0
1994,Takahashi Curtain Wall Corporation,Industrials,48.97,3.27,7.08,,43.65,-40.0,25.21,-25.52,9.62,51.28,-37.89,31.01,-17.83,14.8,9.34,1.54,6.33,4.85,2.26,-21.8,27.97,-2.63,1.02,1.26,2.76,2.11,1.03,98.22,15.0,2150355000.0
1997,"Akatsuki Eazima Co., Ltd.",Industrials,82.7,2.32,8.25,,14.16,18.7,-4.86,4.4,9.33,14.49,18.82,-0.28,4.51,11.01,-537.16,12.34,8.51,6.67,9.69,3.52,32.96,-9.48,9.5,31.8,7.22,4.07,7.2,51.36,20.11,5709792000.0
2001,Nippn Corporation,Consumer Defensive,2440.26,2.32,11.49,,10.36,7.69,9.84,6.17,9.3,10.36,7.69,9.84,6.17,9.3,0.0,5.28,5.23,5.08,3.36,1.84,2.59,9.57,4.25,5.25,4.88,5.25,3.42,78.68,25.04,69173000000.0
2002,Nisshin Seifun Group Inc.,Consumer Defensive,5670.58,3.23,17.89,,4.94,2.42,7.76,0.84,5.04,12.2,9.74,12.91,4.13,11.62,58.17,5.4,5.45,5.57,4.11,1.59,-0.79,7.46,5.48,6.67,5.9,5.87,-74.95,85.65,22.5,100219000000.0
2003,"Nitto Fuji Flour Milling Co.,Ltd.",Consumer Defensive,696.33,3.69,21.16,,4.37,3.4,4.61,-0.54,4.13,6.7,7.26,9.33,3.22,7.76,46.2,5.25,7.05,7.22,7.63,0.6,-0.35,4.4,5.17,5.29,6.96,7.71,8.08,99.2,23.1,1176000000.0
2004,"Showa Sangyo Co., Ltd.",Consumer Defensive,1288.5,3.59,12.15,,4.89,6.59,9.81,-10.12,7.1,13.98,15.73,18.43,-2.27,16.05,56.63,3.56,3.33,3.8,1.25,0.3,-3.45,3.37,4.3,4.49,4.27,5.42,1.74,74.37,17.83,8353000000.0
2009,"The Torigoe Co., Ltd.",Consumer Defensive,259.27,4.39,22.79,,3.12,5.02,2.76,-1.92,3.63,11.96,7.4,6.49,-0.18,8.62,54.51,5.0,4.06,4.02,5.05,0.31,-0.82,8.12,2.22,3.18,1.62,1.9,2.25,93.61,19.95,12019822000.0
2053,"Chubu Shiryo Co., Ltd.",Consumer Defensive,590.86,3.76,10.8,,12.17,20.3,17.55,-10.96,16.67,12.17,20.3,17.55,-10.96,16.67,0.0,3.11,2.04,1.68,0.69,0.94,-10.41,-3.8,5.83,6.81,3.89,4.02,1.75,91.15,10.28,11831000000.0
2055,"Nichiwa Sangyo Co., Ltd.",Consumer Defensive,62.49,1.73,16.48,,12.37,31.94,22.31,-39.03,22.21,18.47,39.11,32.84,-24.53,30.14,27.81,3.2,1.87,1.71,-0.37,-6.17,-8.15,-3.24,2.92,4.88,2.53,2.1,-0.73,82.45,9.06,9390000000.0
205A,Logos Holdings Inc.,Consumer Cyclical,65.53,5.36,8.19,,17.52,22.88,11.32,-34.74,17.24,32.86,30.44,16.59,-23.25,26.63,34.42,2.93,1.34,4.39,-0.42,36.49,14.36,13.16,7.05,24.76,2.25,11.8,-1.41,31.57,17.9,9163390000.0
2060,"Feed One Co.,Ltd.",Consumer Defensive,569.83,3.58,8.93,,8.38,8.62,14.9,-17.35,10.63,29.99,15.04,19.55,-13.72,21.53,46.18,2.78,2.14,2.47,0.46,-1.81,-5.68,1.94,6.99,8.02,6.28,6.42,1.12,71.55,11.64,11138000000.0
206A,"PRISM BioLab Co.,LTD",Healthcare,63.58,0.0,,,-24.16,-0.97,-8.63,1.53,-11.25,-23.1,2.36,-8.08,1.62,-9.61,43.22,-114.34,-256.0,-440.0,12.03,121.62,170.64,-79.63,-28.67,,-22.36,-43.38,3.92,,39.83,2915572000.0
208A,KOZO KEIKAKU ENGINEERING HOLDINGS Inc.,Industrials,304.94,3.12,14.62,,6.41,8.23,5.19,5.42,6.61,7.45,10.89,5.89,6.9,8.08,16.83,15.77,15.26,13.21,13.4,11.5,21.45,12.42,17.25,22.91,15.53,15.6,14.19,82.43,50.27,3428638000.0
2108,"Nippon Beet Sugar Manufacturing Co.,Ltd.",Consumer Defensive,610.71,1.72,12.82,,1.71,-16.6,14.43,-7.61,-0.15,6.99,-5.06,21.36,-2.99,7.76,-40.04,0.08,0.83,1.32,2.32,6.02,-6.5,6.59,0.05,0.05,0.44,0.75,1.15,100.0,20.29,8055000000.0
2109,"Mitsui DM Sugar Co.,Ltd.",Consumer Defensive,1213.55,3.64,30.74,,5.04,15.27,4.24,-9.67,8.18,10.17,18.62,10.5,5.13,13.1,42.69,7.17,7.74,2.49,0.67,0.74,4.69,4.57,2.81,3.51,4.93,2.08,0.36,76.68,23.35,29508000000.0
2112,"Ensuiko Sugar Refining Co., Ltd.",Consumer Defensive,127.42,3.46,4.61,,14.22,24.66,14.4,1.11,17.76,20.86,29.05,16.54,3.51,22.15,19.96,9.24,8.86,4.74,2.23,1.42,3.07,12.88,7.83,8.75,8.0,4.47,1.86,76.67,19.74,2892000000.0
2114,Fuji Nihon Corporation,Consumer Defensive,345.25,2.82,10.72,,6.4,8.72,1.8,0.88,5.64,9.31,9.62,2.73,1.68,7.22,24.88,12.5,11.46,8.39,8.0,0.83,8.96,14.16,8.12,11.27,8.53,6.14,5.98,85.78,28.69,9181000000.0
2117,"WELLNEO SUGAR Co., Ltd.",Consumer Defensive,942.87,4.16,14.55,,6.53,6.43,5.17,-2.35,6.04,11.42,9.47,7.07,-1.72,9.32,33.9,9.14,8.45,6.29,2.75,16.31,5.29,58.01,7.81,8.97,6.12,5.2,1.18,83.13,21.06,11347000000.0
211A,Cados Corporation,Industrials,32.52,5.49,10.32,,23.8,-4.55,-18.46,,0.26,26.95,4.2,9.11,,13.42,174.15,,9.85,9.21,10.72,,14.4,25.15,,,8.08,7.7,,79.51,20.97,2443971000.0
2120,"LIFULL Co.,Ltd.",Communication Services,306.73,5.6,9.26,,-11.45,4.15,18.63,6.58,3.78,15.67,5.45,20.32,8.79,13.81,68.4,13.56,11.5,5.06,4.68,6.9,-27.72,1.89,7.25,11.45,6.44,3.07,3.61,73.64,94.81,12568000000.0
2121,"MIXI, Inc.",Communication Services,2501.35,4.97,14.79,,3.8,8.39,2.29,5.28,4.83,7.71,10.98,3.67,6.3,7.45,37.36,12.99,17.18,13.06,16.9,10.67,5.43,0.0,6.51,18.23,9.22,5.79,6.86,81.53,66.28,146311000000.0
2122,"Interspace Co.,Ltd.",Communication Services,91.08,2.07,23.64,,-1.64,5.8,2.34,10.66,2.17,1.86,9.19,5.63,12.96,5.56,94.4,4.2,7.03,10.87,14.99,11.84,8.58,2.27,3.76,507.65,1.73,8.86,10.53,,82.64,5594460000.0
2124,"JAC Recruitment Co., Ltd.",Industrials,1635.63,3.7,18.1,,5.61,4.69,4.05,3.17,4.78,5.85,4.96,4.33,3.62,5.05,5.4,25.36,23.23,23.85,23.16,17.71,13.58,13.27,38.21,,33.79,34.78,32.45,98.9,92.69,23312000000.0
2127,Nihon M&A Center Holdings Inc.,Financial Services,2011.73,3.91,16.12,,7.57,6.48,5.17,3.89,6.41,7.73,6.52,5.23,4.05,6.49,1.27,37.33,37.92,36.4,37.03,14.02,-0.14,6.83,22.6,89.16,20.6,20.81,17.89,94.46,60.25,40447000000.0
212A,FIT EASY Inc.,Consumer Cyclical,464.27,1.59,24.37,,1.0,2.82,1.42,1.36,1.75,2.92,3.79,2.47,2.4,3.06,44.55,23.76,24.45,24.84,14.56,45.82,48.92,42.48,24.17,50.26,30.37,29.02,17.43,96.08,35.49,3274133000.0
2130,"Members Co., Ltd.",Communication Services,117.16,3.78,9.66,,13.19,9.74,4.79,10.74,9.24,13.47,10.34,4.99,11.94,9.6,3.96,6.55,2.21,0.2,8.16,9.38,9.1,15.88,16.03,40.17,5.41,0.58,14.79,90.81,26.42,4435308000.0
2134,"Kitahama Capital Partners Co.,Ltd.",Financial Services,107.72,0.0,,,-14.85,-16.32,-4.44,-5.54,-11.87,-12.0,-14.66,-4.35,-5.49,-10.34,-12.38,-51.83,-82.53,-141.07,-126.4,172.24,199.21,-38.52,-16.8,-20.8,-27.24,-47.12,-52.29,85.99,35.26,1141757000.0
2136,HIP Corporation,Industrials,54.3,4.98,12.73,,8.83,3.17,10.01,6.27,7.34,8.9,4.01,10.12,6.35,7.68,7.55,9.25,9.47,9.79,10.55,3.76,5.46,3.38,10.48,42.72,9.46,9.88,9.29,73.53,22.13,3076749000.0
2138,"CROOZ, Inc.",Technology,39.51,0.0,20.96,,-9.25,-29.27,-10.73,39.36,-16.42,-3.59,-26.14,-9.77,40.29,-13.17,-59.9,0.2,-7.23,1.13,4.61,-16.71,-0.55,1.92,0.2,0.26,-3.97,0.44,1.06,30.49,51.97,6574297000.0
2139,"Chuco Co., Ltd.",Communication Services,35.43,2.69,18.8,,11.1,-1.37,13.13,4.77,7.62,13.31,0.21,14.27,7.13,9.26,263.74,3.18,2.73,2.97,2.22,7.24,10.7,20.2,6.02,15.2,5.94,6.16,3.35,68.77,47.46,2077765000.0
2146,"UT Group Co.,Ltd.",Industrials,1372.12,5.58,20.58,,5.23,3.85,1.8,7.65,3.63,5.54,4.14,2.91,9.48,4.2,16.95,6.36,4.15,5.6,5.23,-14.32,16.59,-2.11,17.44,63.69,12.77,14.08,9.47,77.73,19.17,29507000000.0
2148,ITmedia Inc.,Communication Services,222.33,4.34,18.69,,7.49,5.27,8.2,8.69,6.99,8.28,6.18,8.44,8.95,7.63,9.03,21.24,25.04,27.85,33.48,2.6,1.24,-8.58,13.19,48.4,15.43,15.09,20.98,97.96,61.36,6439290000.0
2152,Youji Corporation,Consumer Defensive,167.66,1.67,14.66,,6.99,5.19,4.57,5.79,5.58,7.14,5.5,4.86,6.17,5.83,4.54,17.49,16.46,19.22,21.01,5.74,1.76,0.5,8.32,80.97,7.96,9.68,11.44,92.9,34.01,9872691000.0
2153,E J Holdings Inc.,Industrials,340.11,3.81,9.99,,5.45,8.22,8.05,-0.09,7.24,8.98,12.16,11.58,4.06,10.91,34.09,10.04,10.51,11.71,11.88,9.09,14.78,-0.81,6.67,14.13,7.05,8.8,9.88,85.34,33.71,24858000000.0
2154,Open Up Group Inc.,Industrials,1729.79,4.94,14.66,,9.99,7.59,10.66,8.6,9.41,10.34,8.19,11.09,9.02,9.87,4.82,9.97,8.64,8.25,8.07,-10.89,8.5,14.95,13.01,17.99,15.06,13.75,13.26,88.94,27.61,24949000000.0
2156,Saylor Advertising.Inc.,Communication Services,14.41,2.13,,,-8.13,2.29,-4.55,17.91,-3.46,-7.46,3.65,-3.49,18.42,-2.43,-0.79,-1.04,0.46,1.85,7.99,6.06,2.28,-2.67,2.2,2.96,0.16,23.57,5.03,70.19,77.76,708508000.0
2157,"Koshidaka Holdings Co., Ltd.",Consumer Cyclical,834.48,2.8,15.05,,7.05,4.37,2.48,5.3,4.63,15.31,15.08,16.04,13.91,15.48,69.85,16.42,16.07,14.04,5.81,9.68,15.8,43.78,17.71,22.85,18.15,13.51,5.76,73.42,26.48,10487331000.0
2158,"FRONTEO, Inc.",Technology,255.86,0.0,47.01,,-2.22,1.83,4.81,-6.01,1.47,1.01,2.94,6.68,-3.57,3.54,128.66,9.67,8.65,-2.51,-18.88,25.31,-17.3,2.22,7.71,9.9,23.0,-3.27,-17.11,49.02,51.1,1734528000.0
215A,"Timee, Inc.",Industrials,1308.53,0.0,69.02,,1.68,0.8,-0.95,-1.57,0.51,2.04,0.9,-0.57,-1.49,0.79,-12.12,19.68,15.8,12.13,1.97,27.56,66.5,159.7,17.82,39.38,11.44,8.94,1.83,56.75,94.42,16540436000.0
2160,GNI Group Ltd.,Healthcare,2135.68,0.0,16.85,,-1.86,-2.2,2.09,-0.72,-0.66,-1.13,-1.48,3.07,0.18,0.15,-27.16,-12.93,5.95,50.4,7.91,13.68,-9.23,49.32,-9.88,-20.45,-0.12,26.63,-7.36,92.91,74.49,27999000000.0
2163,"Artner Co., Ltd.",Industrials,100.59,6.77,15.46,,13.2,11.2,11.04,8.53,11.81,14.07,11.74,11.2,8.67,12.34,4.02,15.12,16.27,15.06,12.92,8.28,10.04,9.39,21.64,115.48,26.51,24.55,21.95,84.89,37.96,4728888000.0
2164,"Chiikishinbunsha Co.,Ltd.",Communication Services,23.69,0.0,,,-43.99,3.24,-2.68,2.14,-14.48,0.5,5.4,-0.82,2.86,1.69,2907.74,1.45,1.15,-0.71,0.33,5.92,1.73,1.34,2.46,4.0,10.21,-3.58,1.44,10.26,71.07,640083000.0
2168,Pasona Group Inc.,Industrials,581.2,0.96,31.56,,-32.47,-24.09,-21.94,-13.18,-26.17,4.98,7.44,12.73,10.26,8.38,482.47,-0.37,-0.4,1.9,3.86,-0.24,-13.31,-4.25,-2.3,-5.26,-1.01,3.35,8.27,77.34,22.78,92779000000.0
2169,"CDS Co.,Ltd.",Technology,119.62,4.25,39.38,,11.39,7.47,5.45,12.87,8.1,13.19,8.28,5.99,13.63,9.15,10.83,7.76,14.36,15.08,16.05,-15.87,7.92,0.66,4.91,9.9,11.22,11.1,12.85,97.58,28.42,4618260000.0
2170,Link and Motivation Inc.,Industrials,683.46,2.38,45.52,,6.72,7.07,5.39,3.68,6.39,7.68,8.25,6.35,5.19,7.43,13.98,10.12,14.64,13.61,11.07,10.85,10.27,3.64,7.77,13.88,20.68,18.06,13.64,46.7,54.44,11389000000.0
2173,Hakuten Corporation,Communication Services,121.07,3.54,6.78,,21.86,8.16,-0.47,3.34,9.85,22.34,9.09,0.94,4.03,10.79,54.09,11.11,7.4,5.3,5.01,23.83,35.16,31.21,30.63,108.8,19.92,18.57,14.01,83.75,32.1,4495375000.0
2175,"SMS Co., Ltd.",Healthcare,2158.72,1.15,24.47,,2.27,0.8,2.81,2.59,1.96,4.08,2.69,4.53,3.94,3.77,50.84,10.48,10.4,15.32,15.94,6.21,12.93,18.19,20.0,33.76,8.46,12.17,11.41,83.34,88.26,13728000000.0
2179,"Seigakusha Co.,Ltd.",Consumer Defensive,45.71,4.0,7.83,,14.01,10.34,12.64,9.3,12.33,22.79,22.16,22.72,17.55,22.56,45.41,6.46,5.45,5.37,5.62,6.09,9.04,3.4,10.06,16.66,8.85,8.07,8.51,60.44,23.25,2584118000.0
2180,Sunny Side Up Group Inc,Communication Services,0.0,1.99,,,4010343.77,5784339.19,8682964.09,,6159215.68,5006760.89,6465446.91,9053155.08,,6841787.63,11.51,,8.18,6.84,4.74,,-5.53,17.09,,,16.8,21.49,,69.23,23.4,3185218000.0
2181,"Persol Holdings Co.,Ltd.",Industrials,6553.65,4.44,15.32,,9.23,7.7,9.5,8.59,8.81,11.82,10.51,11.86,10.53,11.4,22.84,4.28,3.96,3.92,3.44,7.21,9.35,6.8,18.2,27.5,17.22,15.02,11.62,74.29,22.85,85258000000.0
2183,"Linical Co., Ltd.",Healthcare,46.08,3.88,8.68,,-35.68,12.74,22.41,39.64,-0.18,-34.97,12.92,23.12,39.93,0.36,0.84,-23.92,-5.59,5.9,10.04,-16.97,-15.2,-1.67,-38.01,-278.7,-6.56,3.43,8.54,61.17,12.97,5204281000.0
2185,CMC Corporation,Technology,259.08,2.73,10.05,,6.55,-0.81,10.46,6.37,5.4,8.91,8.1,11.79,6.92,9.6,49.27,14.76,15.24,14.19,14.46,-6.49,5.81,2.98,8.46,21.24,9.69,9.12,10.14,,37.82,13123533000.0
2186,Sobal Corporation,Technology,70.81,3.68,15.38,,5.09,11.67,1.11,7.28,5.96,5.26,11.92,1.36,7.42,6.18,7.81,7.37,7.05,8.21,7.89,3.39,6.28,0.13,10.22,45.01,8.81,11.97,11.15,,19.06,3507259000.0
218A,"Liberaware Co., Ltd.",Technology,202.66,0.0,,,-1.3,-4.07,-2.67,,-2.68,-1.25,-3.15,-2.32,,-2.24,-16.03,,-54.06,-166.2,-177.72,,114.78,45.74,,,-46.79,-125.95,,85.91,42.4,1061245000.0
2193,Cookpad Inc.,Communication Services,93.45,0.0,7.95,,13.88,-23.56,-29.58,-20.89,-13.09,16.29,-23.11,-28.91,-18.96,-11.91,3.51,4.95,11.46,-36.8,-38.74,-9.19,-22.75,-16.28,1.32,10.32,5.6,-18.71,-18.97,96.13,98.63,11818562000.0
2195,"Amita Holdings Co.,Ltd.",Industrials,64.94,1.33,23.04,,-3.8,0.78,5.04,7.43,0.67,9.0,7.31,11.17,9.01,9.16,95.47,8.96,9.6,10.41,12.64,-1.34,8.71,-5.98,5.15,11.6,8.59,6.66,13.98,55.32,44.83,3119338000.0
2198,IKK Holdings Inc.,Consumer Cyclical,225.56,3.1,9.88,,5.27,14.97,-0.78,12.23,6.49,8.8,17.51,7.39,15.51,11.23,55.07,8.11,10.71,8.89,9.49,-3.47,5.79,15.39,14.19,22.81,11.94,8.68,8.67,79.96,60.44,5494019000.0
219A,Heartseed Inc.,Healthcare,617.54,0.0,321.07,,1.7,-2.2,-1.82,-3.11,-0.77,1.75,-2.17,-1.29,-3.11,-0.57,-13.16,8.99,-118.91,-423.41,-292.27,246.44,153.42,-30.93,2.49,49.98,-15.56,-27.96,-30.7,,100.0,6836009000.0
2201,"Morinaga&Co., Ltd.",Consumer Defensive,2077.4,2.84,11.78,,2.86,-2.47,9.48,-7.97,3.29,11.38,5.18,14.52,-1.43,10.36,85.76,9.46,9.29,9.5,7.84,3.37,7.31,9.77,9.85,11.79,10.43,10.05,7.87,78.1,40.12,26419000000.0
2204,"Nakamuraya Co., Ltd.",Consumer Defensive,177.73,2.42,19.56,,20.63,24.63,21.76,-0.68,22.34,34.84,29.06,26.49,3.7,30.13,24.62,3.54,2.87,2.2,-0.69,0.28,-1.38,6.23,2.71,3.0,2.83,1.62,-0.33,73.86,37.42,2855404000.0
2206,"Ezaki Glico Co., Ltd.",Consumer Defensive,3019.93,1.89,50.6,,4.93,-5.19,3.21,-2.95,0.98,9.03,0.6,9.29,5.56,6.31,358.44,2.42,3.34,5.6,4.23,9.14,-0.44,9.43,1.97,2.62,2.72,4.54,2.74,94.01,37.39,68631000000.0
2207,"Meito Co., Ltd.",Consumer Defensive,561.13,1.17,18.98,,-21.83,1.26,-2.34,-4.99,-7.64,-1.26,7.55,5.17,-0.15,3.82,-467.31,4.24,5.03,0.96,0.44,3.69,15.08,7.33,1.11,1.17,1.63,0.33,0.12,77.84,29.1,3674000000.0
2208,Bourbon Corporation,Consumer Defensive,766.24,1.39,12.96,,6.74,-0.38,5.82,-4.7,4.06,12.11,8.52,12.8,2.76,11.14,67.78,6.23,6.58,3.67,1.66,6.02,9.41,6.5,7.94,11.3,8.38,4.44,1.7,96.08,25.24,20844000000.0
2209,"Imuraya Group Co., Ltd.",Consumer Defensive,301.5,1.61,12.62,,-5.03,14.06,-3.13,-1.34,1.97,12.74,20.13,8.86,8.13,13.91,101.67,5.96,5.88,5.26,4.46,5.09,6.01,7.92,7.43,7.78,8.78,6.55,5.71,74.75,34.63,1311088000.0
220A,Faber Company Inc.,Technology,26.42,3.15,11.26,,7.75,8.41,9.52,6.91,8.56,7.8,8.46,9.58,6.97,8.61,0.64,14.69,14.44,14.14,15.58,10.52,6.12,9.4,10.99,101.76,11.8,13.4,15.07,99.71,69.28,2124496000.0
2211,"Fujiya Co., Ltd.",Consumer Defensive,651.09,1.2,57.98,,-9.3,-4.03,-3.09,-4.07,-5.47,5.8,6.54,10.41,7.6,7.58,183.85,2.38,2.09,1.3,4.31,8.7,4.22,4.89,2.6,3.1,2.54,1.52,5.64,79.59,32.43,12318000000.0
2212,"Yamazaki Baking Co., Ltd.",Consumer Defensive,7171.27,1.68,17.05,,3.57,3.95,4.63,1.7,4.05,11.0,10.32,10.28,7.36,10.53,61.4,4.66,4.17,3.57,2.05,5.38,5.86,9.15,7.77,11.02,7.04,6.13,3.11,84.28,32.67,163820000000.0
2215,"First Baking Co., Ltd.",Consumer Defensive,42.99,0.0,9.3,,-32.0,2.65,4.14,3.3,-8.4,1.14,22.14,11.49,11.0,11.59,1020.05,1.62,2.23,2.27,-2.22,6.53,2.8,7.7,3.93,6.06,8.48,5.5,-6.04,,25.88,3005000000.0
2216,Kanro Inc.,Consumer Defensive,449.44,3.27,15.07,,-0.5,4.12,4.67,2.77,2.76,11.24,9.79,8.76,5.28,9.93,69.7,13.49,13.48,11.68,7.7,9.42,9.52,15.52,16.82,21.45,18.92,16.77,10.7,95.18,42.27,4321250000.0
2217,Morozoff Limited,Consumer Defensive,301.01,0.67,69.97,,-10.8,-4.1,5.02,5.28,-3.29,1.33,-1.86,7.03,7.31,2.17,274.22,3.49,5.72,7.08,7.46,0.71,3.1,7.47,3.34,3.68,6.5,7.59,7.86,90.82,48.31,2109585000.0
2220,"Kameda Seika Co.,Ltd.",Consumer Defensive,838.68,1.84,3.4,,4.66,1.16,2.34,0.64,2.72,14.19,11.26,11.6,9.88,12.35,78.89,5.45,5.33,4.68,3.75,33.69,8.09,0.57,4.61,5.35,5.46,2.67,3.11,71.1,28.81,20612000000.0
2221,"Iwatsuka Confectionery Co., Ltd.",Consumer Defensive,306.51,1.05,15.41,,0.18,6.34,2.75,12.19,3.09,10.02,12.85,8.99,17.43,10.62,72.77,3.01,3.27,2.74,-1.05,15.61,13.43,7.92,0.87,0.91,0.88,0.65,-0.24,,25.39,2932440000.0
2222,"Kotobuki Spirits Co., Ltd.",Consumer Defensive,3883.22,1.33,30.89,,2.91,2.58,2.31,2.19,2.6,3.55,3.4,2.79,2.34,3.25,19.94,23.61,24.34,24.64,19.84,8.89,12.98,27.67,25.99,79.21,29.97,30.72,25.21,,61.42,32200000000.0
2224,"Como Co.,Ltd.",Consumer Defensive,130.99,0.19,171.29,,1.49,-2.08,3.02,1.51,0.81,3.33,0.23,5.5,3.27,3.02,367.33,2.35,0.93,1.12,0.67,2.99,-2.72,3.82,3.08,3.37,1.19,1.2,0.81,57.82,27.39,313692000.0
2226,KOIKE-YA Inc.,Consumer Defensive,518.45,1.13,20.0,,-5.85,-13.45,6.26,3.73,-4.35,7.71,-0.29,10.83,4.96,6.08,-1443.96,6.33,6.77,6.56,3.98,2.99,8.31,23.01,9.91,11.57,12.43,14.62,7.24,72.44,31.22,4355000000.0
2229,"Calbee, Inc.",Consumer Defensive,3719.37,2.27,21.85,,2.86,2.58,-1.84,-1.99,1.2,9.57,10.51,6.55,5.19,8.88,91.23,7.69,9.01,9.01,7.96,5.45,6.45,8.49,7.1,8.97,8.82,8.48,8.38,85.64,32.58,51548000000.0
2264,"Morinaga Milk Industry Co., Ltd.",Consumer Defensive,3645.97,2.21,16.39,,9.8,-3.42,15.52,5.32,7.3,9.8,-3.42,15.52,5.32,7.3,0.0,6.03,5.29,5.09,4.55,1.83,2.58,4.08,6.22,6.66,2.47,5.38,5.34,67.99,25.07,26059000000.0
2266,"Rokko Butter Co., Ltd.",Consumer Defensive,204.79,5.54,11.4,,-10.04,15.5,13.35,1.32,6.27,-8.14,17.91,15.81,5.34,8.53,1.94,3.32,4.35,1.41,0.82,0.86,-3.1,5.66,2.73,3.12,3.66,1.2,0.6,74.55,19.38,5085220000.0
2267,"Yakult Honsha Co.,Ltd.",Consumer Defensive,7999.3,2.57,18.63,,6.52,10.59,8.84,10.82,8.65,6.52,10.59,8.84,10.82,8.65,0.0,9.29,11.09,12.6,13.68,-2.65,-0.68,4.14,4.45,6.56,5.63,7.2,8.33,85.22,58.84,231464000000.0
2268,"B-R 31 Ice Cream Co.,Ltd.",Consumer Defensive,389.77,1.48,23.42,,0.21,1.17,3.14,2.28,1.51,11.43,9.08,6.98,5.02,9.16,80.1,8.07,7.7,7.39,7.75,11.72,23.94,12.35,10.44,18.09,9.88,9.11,10.23,89.12,49.64,7192901000.0
2269,"Meiji Holdings Co., Ltd.",Consumer Defensive,11714.41,2.56,33.43,,-4.03,1.05,4.66,1.1,0.56,4.82,5.89,9.22,7.26,6.64,105.05,7.95,7.34,7.63,7.1,1.7,4.39,4.08,6.01,6.52,6.98,6.5,7.28,85.53,30.59,69249000000.0
2270,"MEGMILK SNOW BRAND Co.,Ltd.",Consumer Defensive,2186.41,2.74,6.99,,-2.04,-0.53,5.42,3.22,0.95,10.47,9.65,13.93,12.26,11.35,95.36,2.97,3.11,3.05,2.23,-0.01,1.72,3.61,4.67,4.92,4.91,4.53,3.32,85.63,16.95,14041000000.0
2281,"Prima Meat Packers, Ltd.",Consumer Defensive,1213.84,3.35,26.46,,2.07,1.79,4.85,-7.29,2.9,16.27,11.71,18.57,9.65,15.52,81.98,1.92,1.95,2.64,2.26,3.76,2.21,4.11,1.8,1.94,4.17,5.29,4.62,87.1,11.06,9763000000.0
2282,NH Foods Ltd.,Consumer Defensive,5533.26,2.98,16.74,,8.65,7.5,6.89,-12.82,7.68,14.88,14.0,15.65,2.05,14.84,48.1,3.95,2.62,2.42,0.87,6.34,5.15,3.46,5.09,5.65,3.59,3.07,1.17,68.5,17.19,76016000000.0
2286,"Hayashikane Sangyo Co.,Ltd.",Consumer Defensive,73.33,4.99,5.84,,-0.61,9.76,40.75,-9.48,16.63,9.74,15.19,48.8,-4.24,24.58,52.85,2.89,2.18,1.47,0.83,-7.47,3.99,11.36,5.01,5.56,3.69,2.71,1.41,59.67,13.46,1961000000.0
2288,"Marudai Food Co., Ltd.",Consumer Defensive,547.98,3.52,5.72,,19.23,9.85,18.27,5.3,15.78,19.23,9.85,18.27,5.3,15.78,0.0,3.15,2.33,1.36,-0.63,1.46,2.69,3.08,6.67,7.54,5.19,3.95,-2.3,83.44,16.59,9796000000.0
228A,"OPRO Co., Ltd.",Technology,40.1,0.0,14.78,,7.77,9.21,4.25,6.79,7.08,10.98,10.94,6.95,7.62,9.62,27.99,12.98,10.18,6.87,10.26,21.28,30.07,25.39,19.14,,14.21,61.9,91.02,,54.19,2080943000.0
2291,"Fukutome Meat Packers, Ltd.",Consumer Defensive,17.02,0.0,5.37,,-72.52,-33.26,-34.97,-23.21,-46.92,-44.84,-14.05,-10.46,-2.88,-23.12,-144.27,-3.34,-2.53,-1.66,-1.47,-3.51,-2.27,1.2,-8.79,-11.96,-8.59,-4.26,-4.43,29.1,14.7,2223000000.0
2292,S Foods Inc.,Consumer Defensive,873.23,4.03,9.49,,-1.5,-4.87,-4.52,2.65,-3.63,10.11,8.45,10.25,15.7,9.6,138.86,2.22,1.16,2.98,3.65,6.25,4.6,6.46,3.56,4.45,1.42,4.84,6.23,72.54,11.36,37756000000.0
2293,"Takizawa Ham Co., Ltd.",Consumer Defensive,54.52,0.75,,,6.21,-7.17,9.76,2.82,2.93,8.71,0.06,14.61,5.17,7.79,4193.57,-1.44,-1.54,0.51,-0.74,-5.42,-0.43,-4.23,-5.43,-7.33,-6.79,1.74,-4.13,39.62,13.27,1966855000.0
2294,"Kakiyasu Honten Co., Ltd.",Consumer Defensive,239.57,3.39,29.43,,4.51,3.13,1.6,6.38,3.08,6.43,7.29,5.89,8.39,6.54,53.23,3.95,4.15,5.94,8.03,-0.09,-2.56,-2.23,5.48,11.4,5.75,8.03,11.77,,53.6,8052000000.0
2296,Itoham Yonekyu Holdings Inc.,Consumer Defensive,2860.23,3.09,14.15,,-4.35,-4.21,4.5,-3.94,-1.35,4.78,3.5,10.28,1.38,6.19,155.81,2.66,1.98,2.34,2.49,8.35,3.47,3.57,5.09,5.34,3.88,4.77,5.04,73.2,13.67,17980000000.0
2300,"Kyokuto Co., Ltd.",Consumer Cyclical,26.36,2.2,48.74,,3.25,13.18,-23.52,5.09,-2.36,4.65,14.93,-10.9,9.48,2.89,-24.72,0.09,1.86,1.8,-3.35,-2.54,9.42,4.88,0.08,0.09,2.24,2.72,-8.17,83.76,71.68,322301000.0
2301,"Gakujo Co., Ltd.",Industrials,228.94,4.31,13.48,,6.24,4.1,8.9,5.94,6.41,8.29,7.14,9.95,6.5,8.46,25.97,21.17,24.76,26.3,23.94,2.69,22.15,29.69,11.18,19.13,13.4,11.92,9.2,,65.19,6184783000.0
2303,Dawn Corp.,Technology,79.73,1.18,17.22,,8.16,3.78,4.98,4.49,5.64,8.2,3.8,5.2,4.59,5.73,1.73,37.77,34.87,35.53,32.39,5.34,9.73,9.67,15.39,40.47,14.96,15.24,14.17,,69.21,1851622000.0
2304,"CSS Holdings,Ltd.",Industrials,45.19,4.38,6.76,,14.3,11.49,9.81,5.51,11.87,15.67,13.39,10.42,6.25,13.16,9.61,3.68,3.38,1.86,-1.71,10.6,18.87,36.29,16.51,25.41,12.93,6.5,-7.46,89.58,16.51,1188735000.0
2305,"STUDIO ALICE Co.,Ltd.",Consumer Cyclical,317.94,2.68,27.36,,7.72,13.6,6.91,-0.48,9.41,15.36,19.93,17.93,12.71,17.74,47.63,6.37,8.49,6.27,10.42,-7.5,-2.19,-5.62,4.16,10.07,5.62,4.1,7.6,98.01,21.86,18300191000.0
2307,"Cross Cat Co., Ltd.",Technology,149.76,3.68,9.92,,15.19,4.09,7.11,4.01,8.8,15.65,4.62,8.17,4.92,9.48,9.18,11.63,11.34,10.19,10.56,6.92,8.46,7.92,19.51,35.43,17.56,17.04,17.08,,23.55,3304336000.0
2311,"EPCO Co.,Ltd.",Industrials,70.82,5.03,17.9,,4.05,3.5,6.17,-5.67,4.57,5.22,4.54,6.58,-2.37,5.45,17.24,6.02,5.97,3.2,1.36,11.5,10.82,5.01,5.53,12.17,4.83,2.79,1.14,,29.48,2821963000.0
2315,CAICA DIGITAL Inc.,Technology,113.71,0.0,,,0.45,2.49,-15.54,-12.63,-4.2,0.46,2.49,-15.39,-10.06,-4.15,-0.19,1.37,2.06,-41.88,-21.57,-7.33,-1.28,-11.84,1.82,2.21,4.81,-106.24,-24.55,,17.09,639565000.0
2317,Systena Corporation,Technology,1558.51,4.12,13.78,,8.21,4.92,5.58,4.16,6.24,8.52,5.12,5.8,4.91,6.48,3.81,16.28,14.43,12.63,13.21,12.89,8.68,3.24,26.11,93.75,25.38,17.88,20.35,96.19,26.29,29733000000.0
2321,Softfront Holdings,Technology,73.3,0.0,,,-3.88,0.55,0.46,-1.69,-0.96,-3.0,0.83,0.89,-0.61,-0.43,17.61,-12.28,3.48,-18.48,-6.83,16.57,-7.41,16.45,-6.97,-112.3,2.63,-120.11,-13.54,,43.69,1704431000.0
2323,fonfun corporation,Technology,75.4,0.0,17.74,,3.33,2.46,2.3,1.4,2.7,3.33,2.53,2.33,1.44,2.73,1.34,11.48,11.79,10.66,2.65,66.41,81.31,78.01,13.18,18.87,27.72,14.28,1.17,47.82,39.44,830064000.0
2325,"NJS Co., Ltd.",Industrials,441.4,2.39,14.17,,3.2,3.18,2.39,2.15,2.92,4.7,4.05,3.51,4.43,4.09,28.41,13.15,13.25,7.35,10.06,10.0,2.57,14.54,7.77,20.73,7.72,4.62,5.69,,40.6,17827341000.0
2326,Digital Arts Inc.,Technology,657.13,2.02,19.74,,10.84,2.66,2.8,3.47,5.43,12.75,4.29,4.31,4.79,7.12,29.37,44.23,45.67,38.46,42.29,8.55,-13.29,10.31,18.39,,18.32,19.02,21.58,,69.23,23083000000.0
2327,NS Solutions Corporation,Technology,7108.83,2.24,23.04,,-1.23,4.74,3.24,3.04,2.25,-0.48,5.23,3.68,3.66,2.81,-45.33,11.59,11.39,11.26,10.87,12.72,8.91,6.49,10.32,16.92,9.53,9.14,9.95,92.29,26.7,118744000000.0
2329,Tohokushinsha Film Corporation,Communication Services,685.22,5.42,9.84,,1.43,-0.38,8.07,4.93,3.04,1.68,0.06,8.88,6.79,3.54,237.48,6.18,5.87,5.07,7.51,4.39,-13.5,-5.55,2.44,5.94,2.13,3.3,3.41,99.67,27.01,50771000000.0
2330,"Forside Co.,Ltd.",Consumer Cyclical,40.1,0.0,11.98,,15.28,3.22,1.13,-8.3,6.54,16.68,4.09,2.87,-8.21,7.88,30.07,5.3,0.94,1.09,-1.51,63.83,10.86,-3.43,10.77,25.49,1.03,1.85,-4.72,79.08,23.08,2228134000.0
2331,"Alsok Co.,Ltd.",Industrials,5893.5,2.71,17.89,,2.49,4.22,6.88,2.44,4.53,9.13,7.24,9.51,5.38,8.63,47.36,7.86,7.28,7.3,7.52,8.18,5.85,5.93,7.44,12.06,7.55,7.32,7.37,93.5,23.96,167383000000.0
2332,"Quest Co., Ltd.",Technology,89.72,3.52,11.49,,4.54,6.56,5.52,7.19,5.54,5.69,6.59,7.91,7.36,6.73,16.94,6.13,7.07,7.01,6.87,19.23,5.0,0.16,10.36,17.53,10.03,9.67,10.41,,16.95,3057484000.0
2334,eole Inc.,Technology,244.82,0.0,,,3.59,-0.5,-0.75,0.05,0.78,3.72,-0.07,0.39,0.51,1.35,-93.66,1.49,-0.57,1.1,1.55,298.95,-7.04,7.11,5.8,9.0,-3.82,4.91,7.62,96.34,32.4,1308149000.0
2335,Cube System Inc.,Technology,167.1,4.34,10.66,,2.58,1.29,5.83,5.26,3.23,4.59,1.53,6.25,5.34,4.12,21.9,8.45,7.55,8.53,8.9,0.8,1.83,10.38,10.31,25.57,8.89,9.96,9.85,97.98,23.23,6945000000.0
2337,Ichigo Inc.,Real Estate,1587.54,3.88,10.12,,-20.24,-21.15,-10.64,-6.48,-17.34,-13.77,-17.92,-5.4,0.16,-12.36,-53.99,32.19,30.44,23.91,28.33,10.92,1.0,21.52,4.96,5.57,4.82,4.02,4.17,25.62,32.49,45239000000.0
2338,"Quantum Solutions Co.,Ltd.",Technology,58.5,0.0,,,-12.28,-8.91,-11.32,-6.48,-10.84,-12.05,-8.9,-11.24,-6.48,-10.73,-0.9,-264.02,-68.4,-458.99,-149.17,-61.79,240.13,-22.34,-28.18,-30.53,-202.28,-5659.05,-99.62,,70.1,192468000.0
2340,"Gokurakuyu Holdings Co., Ltd.",Consumer Cyclical,171.3,1.1,19.02,,-3.86,7.13,3.1,2.82,2.12,7.59,12.81,9.2,4.88,9.87,87.17,7.61,7.52,5.31,0.32,7.14,7.68,10.29,13.25,16.68,10.79,14.23,0.85,67.03,16.82,1519949000.0
2341,"Arbeit-Times Co., Ltd.",Communication Services,31.64,2.94,16.73,,9.84,-1.99,2.33,-4.94,3.39,12.64,3.1,5.31,0.74,7.02,80.79,3.39,1.65,2.49,1.36,13.42,-3.65,6.78,6.26,15.65,2.56,27.74,1.4,99.37,67.01,1712963000.0
2342,Transgenic Group Inc.,Healthcare,41.8,0.0,,,-1.02,-1.95,-15.74,-41.54,-6.24,0.62,2.25,-9.39,-34.21,-2.17,127.67,1.05,-2.0,0.68,-0.22,1.3,-0.6,14.47,0.94,1.37,-5.71,0.1,-0.4,65.45,18.47,2134967000.0
2345,"HODL 1,inc.",Technology,18.58,0.0,,,-34.79,-37.68,-14.41,-53.8,-28.96,-34.74,-33.81,-10.81,-53.8,-26.45,-14.97,-1844.3,-70.27,-131.44,12.35,-98.35,67.58,-40.46,-114.61,-239.19,-41.87,-32.75,3.29,,92.96,222836000.0
2349,"Nippon Information Development Co., Ltd.",Technology,274.34,1.19,10.96,,8.39,9.29,6.52,7.47,8.07,9.14,10.09,6.73,7.61,8.65,6.44,12.76,12.32,12.45,12.44,5.85,10.62,10.38,9.78,38.57,10.14,9.63,9.88,98.55,23.85,18124151000.0
2351,ASJ Inc.,Technology,26.29,0.89,29.93,,9.15,-12.12,0.29,6.16,-0.89,18.41,15.82,10.74,17.24,14.99,108.09,4.76,5.88,3.61,2.85,-2.9,-3.7,3.38,2.49,3.58,6.77,3.65,2.15,81.73,38.08,1090517000.0
2353,"NIPPON PARKING DEVELOPMENT Co.,Ltd.",Industrials,807.16,7.66,14.2,,0.8,2.35,2.74,,1.96,7.68,7.58,4.88,,6.71,67.47,,,19.76,19.47,,,2.63,,,,29.04,,51.81,39.98,16616696000.0
2354,YE DIGITAL Corporation,Technology,220.86,2.29,18.4,,3.68,4.56,1.34,0.45,3.19,6.44,5.82,2.47,2.55,4.91,36.75,8.04,7.06,7.63,5.63,1.6,2.25,20.77,14.43,24.87,13.45,17.48,11.66,,28.7,3405057000.0
2359,Core Corporation,Technology,304.27,3.07,10.57,,6.09,7.36,6.76,5.76,6.74,6.71,7.8,7.2,6.39,7.24,6.96,14.4,12.91,13.09,12.01,7.86,2.5,5.04,12.39,19.91,10.93,11.86,11.53,95.69,28.73,8447407000.0
2370,"MEDINET Co., Ltd.",Healthcare,67.6,0.0,,,-21.39,-19.68,-19.95,-17.78,-20.34,-20.91,-18.8,-18.69,-17.18,-19.47,-4.56,-178.39,-180.19,-215.55,-210.38,5.44,16.17,4.4,-38.38,-238.68,-26.75,-28.34,-24.27,97.87,13.54,3170097000.0
2371,"Kakaku.com, Inc.",Communication Services,7541.52,1.31,40.07,,3.25,2.31,2.71,1.89,2.76,3.63,2.59,2.97,2.13,3.06,10.06,29.02,38.1,38.7,39.46,20.01,17.19,10.04,27.62,116.39,33.68,34.8,34.37,88.91,27.35,51995000000.0
2373,Care Twentyone Corporation,Healthcare,59.24,3.85,56.01,,31.47,-8.48,8.1,3.11,10.36,36.66,11.98,36.16,18.79,28.27,87.52,1.63,-1.01,-0.98,2.89,6.08,10.46,7.03,3.82,5.47,-2.72,-0.48,5.97,20.59,23.09,4165260000.0
2375,GiG Works Inc.,Technology,40.38,1.0,23.77,,-0.65,-19.1,19.42,-18.84,-0.11,9.01,-11.21,27.99,-9.16,8.6,22.51,0.07,-1.59,0.42,1.93,-12.25,-4.02,15.26,0.2,0.43,-13.82,2.43,3.18,57.88,22.06,2508229000.0
2376,Scinex Corporation,Communication Services,44.36,1.86,87.6,,3.5,4.29,7.08,10.88,4.96,5.3,7.54,13.04,13.08,8.63,40.93,0.98,2.9,3.28,3.39,3.63,7.15,7.68,0.42,0.7,2.38,2.77,2.59,73.05,34.18,4294142000.0
2378,"Renaissance,Incorporated",Communication Services,197.85,1.24,21.0,,0.71,0.41,11.72,-5.49,4.28,20.84,17.74,24.42,8.16,21.0,82.09,2.41,3.05,2.89,1.67,1.88,46.09,7.03,5.65,8.5,5.86,5.32,11.89,24.42,8.38,8596617000.0
2379,DIP Corporation,Communication Services,954.43,5.32,16.02,,4.88,11.54,5.66,10.03,7.36,10.44,17.24,9.98,13.83,12.55,43.21,16.61,23.77,23.73,23.38,-2.72,4.84,8.97,16.06,30.72,25.39,24.27,21.44,,88.48,17739062000.0
2384,"SBS Holdings, Inc.",Industrials,2140.77,4.51,10.74,,10.46,1.26,2.01,2.49,4.58,16.55,7.38,6.59,10.47,10.17,63.09,4.34,3.95,4.57,4.8,9.42,3.76,-5.17,7.27,8.24,5.65,6.78,8.41,57.27,11.37,22553000000.0
2385,Soiken Holdings Inc.,Healthcare,58.33,4.12,27.46,,8.92,-15.35,-2.42,35.85,-2.95,9.57,-15.1,-1.74,36.62,-2.42,-11.29,-2.84,-11.83,8.98,12.93,-6.01,-36.16,-13.56,-2.19,-17.27,-10.56,6.54,11.86,,49.72,5258351000.0
2388,"Wedge Holdings CO.,LTD.",Industrials,13.16,0.0,,,-1.22,-1.19,6.44,2.84,1.34,-1.22,-1.17,6.51,3.37,1.37,-0.09,-11.18,-1.71,4.78,12.5,-5.2,12.41,12.19,-3.1,-6.04,-0.44,1.01,1.23,65.08,34.73,1657300000.0
2391,"Planet, Inc.",Technology,77.25,3.84,18.85,,4.13,2.7,6.06,,4.3,8.1,8.18,8.92,,8.4,49.33,,20.25,19.98,22.53,,1.3,0.03,,,7.97,8.18,,,60.64,2677903000.0
2393,"Nippon Care Supply Co., Ltd.",Industrials,684.57,1.67,30.66,,3.74,0.48,-0.64,-1.32,1.19,4.71,2.03,0.5,-0.01,2.41,108.84,8.86,7.68,7.6,8.18,9.13,11.94,10.43,11.39,11.8,8.91,8.69,9.03,89.53,36.62,692644000.0
2395,"Shin Nippon Biomedical Laboratories, Ltd.",Healthcare,562.86,3.75,12.33,,5.31,-6.92,-11.55,-1.69,-4.39,14.79,12.5,3.74,7.11,10.34,209.31,8.16,9.21,15.74,20.9,0.34,22.55,5.42,2.3,2.95,3.26,5.48,9.17,52.93,49.93,18536325000.0
2404,"Tetsujin Holdings, Inc.",Consumer Cyclical,70.68,0.0,16.84,,4.27,3.13,1.11,1.8,2.84,9.64,6.03,3.08,2.65,6.25,55.85,2.63,0.98,-1.27,-4.45,13.78,7.24,12.14,10.29,15.36,0.29,-0.28,-3.0,33.86,14.4,979168000.0
2408,"KG Intelligence CO., LTD.",Communication Services,60.44,4.42,12.39,,3.52,-5.39,4.37,8.12,0.83,5.78,-4.85,4.67,8.35,1.87,11.48,16.11,12.35,13.85,10.34,10.91,-7.16,6.8,5.34,32.78,3.65,6.05,3.75,,30.28,5041122000.0
2410,"Career Design Center Co., Ltd.",Industrials,150.72,9.79,13.01,,11.23,0.66,9.41,11.35,7.1,13.48,5.7,12.86,13.63,10.68,43.98,8.49,8.08,9.12,7.11,5.14,1.99,12.13,23.47,156.66,24.95,24.66,20.54,,51.9,3935123000.0
2411,Gendai Agency Inc.,Communication Services,51.98,5.51,11.17,,11.89,8.81,3.54,5.56,8.08,12.95,9.81,5.0,7.16,9.25,15.87,8.96,5.46,3.36,5.31,-1.93,3.5,-1.67,9.66,34.53,7.42,2.55,6.83,87.5,35.89,3226000000.0
2413,"M3, Inc.",Healthcare,11777.14,1.27,24.38,,3.63,4.31,4.39,4.15,4.11,4.39,4.95,4.85,4.42,4.73,13.25,20.23,21.16,26.38,30.55,23.33,19.26,3.49,11.41,19.8,10.24,12.0,16.29,92.19,50.05,187065000000.0
2415,"Human Holdings Co., Ltd.",Consumer Defensive,168.02,8.46,7.58,,13.56,0.25,19.14,7.85,10.98,19.54,9.07,27.51,15.04,18.71,52.75,3.52,3.39,3.28,2.46,2.2,4.62,4.72,7.93,,8.76,8.0,5.29,64.35,25.7,29131791000.0
2418,TSUKADA GLOBAL HOLDINGS Inc.,Consumer Cyclical,281.79,2.34,10.57,,23.6,-0.38,-3.22,21.39,6.67,36.69,36.89,28.66,28.24,34.08,82.65,13.05,11.66,9.29,5.76,15.03,10.56,11.17,5.3,7.0,5.35,5.51,1.66,34.84,41.77,27991000000.0
241A,"ROXX,inc.",Technology,30.59,0.0,2.4,,-33.95,-20.07,-17.52,-27.81,-23.85,-33.46,-19.84,-15.96,-24.52,-23.09,-4.13,-16.0,-13.52,-35.94,-61.31,29.81,67.49,70.98,-15.43,-237.65,-19.18,-158.16,-67.53,59.33,83.16,4030176000.0
2424,Brass Corporation,Consumer Cyclical,32.82,2.62,12.34,,-19.15,28.07,22.85,,10.59,16.36,40.47,37.0,,31.28,95.32,3.57,8.85,7.66,,-4.03,16.16,,3.24,4.07,13.7,7.97,,46.3,66.95,1635688000.0
2425,"Care Service Co.,Ltd.",Healthcare,25.22,3.3,21.91,,-1.73,16.51,17.57,16.0,10.78,4.85,21.96,21.65,17.57,16.15,59.79,1.43,5.42,5.38,4.67,-6.34,2.11,4.33,4.22,9.58,11.33,13.43,11.89,,9.95,1674551000.0
2428,Wellnet Corporation,Technology,118.19,4.9,10.97,,7.54,25.31,,,16.42,9.43,27.78,,,18.6,14.47,,12.06,9.97,8.22,,7.51,5.3,,,8.68,6.67,,86.06,24.82,16657168000.0
2429,"World Holdings Co., Ltd.",Industrials,503.04,4.8,8.7,,6.49,-7.1,-15.52,-12.86,-5.38,29.4,-2.87,-6.67,-9.47,6.62,-67.36,3.81,3.55,4.85,4.87,17.39,13.33,16.39,5.17,7.24,3.86,5.47,6.36,33.93,15.96,39419000000.0
2432,"DeNA Co., Ltd.",Industrials,2354.88,2.59,14.89,,12.14,-9.08,1.37,5.07,1.48,16.56,-4.6,4.59,7.8,5.52,-0.18,12.66,17.67,-20.67,3.12,-9.94,19.94,1.35,5.69,10.18,7.53,-12.28,1.03,93.34,53.73,103616000000.0
2433,Hakuhodo DY Holdings Inc,Communication Services,4776.92,2.44,28.87,,11.91,13.78,-1.48,4.21,8.07,14.31,17.26,2.07,7.96,11.21,69.53,5.19,3.94,3.62,5.59,-9.68,0.69,-4.48,4.06,7.76,2.9,3.34,6.42,76.15,47.16,245644000000.0
2435,"CEDAR.Co.,Ltd.",Healthcare,23.01,3.92,4.43,,35.56,11.95,43.25,17.13,30.25,54.42,33.78,64.07,34.64,50.76,43.92,3.72,5.0,4.43,0.83,1.88,3.03,5.24,4.29,5.08,5.99,3.52,1.14,11.76,12.16,1766000000.0
2436,"Kyodo Public Relations Co., Ltd.",Communication Services,102.32,1.33,11.05,,7.86,8.58,7.01,4.68,7.82,8.36,8.9,7.53,5.34,8.26,5.52,15.23,14.67,12.19,13.68,16.81,6.2,30.98,20.77,87.42,15.78,13.81,14.18,94.95,44.34,3578057000.0
2437,"Shinwa Wise Holdings Co.,Ltd.",Consumer Cyclical,69.52,0.0,,,-2.51,-3.27,-13.24,16.92,-6.34,-2.32,-3.03,-11.65,16.99,-5.67,-9.95,-9.15,0.6,-11.91,14.81,-23.68,1.55,-41.6,-6.98,-12.17,0.45,-9.68,8.35,89.18,56.15,1008874000.0
2438,"Asukanet Co., Ltd.",Consumer Cyclical,52.19,2.02,18.36,,3.55,10.65,4.42,7.97,6.21,12.41,16.54,11.8,13.33,13.58,56.5,5.52,2.39,6.36,8.39,-2.21,3.19,0.89,5.24,7.09,3.28,4.26,7.37,,45.55,1388204000.0
2440,"Gurunavi, Inc.",Communication Services,68.21,0.0,29.02,,-23.91,-2.39,-32.79,-26.01,-19.7,-2.53,13.5,-21.97,-15.28,-3.67,-259.33,2.84,1.95,-2.61,-14.02,5.01,3.66,5.58,4.63,7.58,2.93,-4.1,-19.09,61.87,59.17,3300833000.0
2445,"Takamiya Co., Ltd.",Industrials,183.84,4.96,10.6,,19.94,-21.48,-20.1,-5.79,-7.21,25.76,-3.18,-0.98,-0.08,7.2,-835.26,7.23,4.7,7.72,5.38,3.16,-0.68,5.33,3.28,3.9,2.27,3.79,3.24,38.75,34.67,9772000000.0
2449,"PRAP Japan, Inc.",Industrials,46.07,3.9,9.75,,10.61,8.87,14.7,4.01,11.39,12.98,10.68,17.14,8.65,13.6,16.49,9.72,8.32,11.0,7.01,7.31,3.76,5.76,9.63,48.76,5.97,9.43,5.59,,37.61,4304300000.0
244A,"Growth X Partners,Inc.",Technology,39.93,0.0,8.56,,13.51,13.43,3.58,6.15,10.17,14.11,13.65,4.6,8.56,10.79,9.36,15.22,13.63,10.33,8.83,15.03,18.36,13.46,14.05,30.83,15.0,11.34,8.05,94.31,45.96,2062061000.0
2454,"All About, Inc.",Communication Services,48.47,0.29,,,-12.97,-2.07,0.85,-10.61,-4.73,1.53,5.14,7.02,2.97,4.56,392.23,-0.7,0.07,-2.94,0.04,-3.07,1.6,-7.18,-7.33,-8.5,-0.38,-7.85,-0.58,,62.95,489537000.0
2459,"AUN CONSULTING, Inc.",Communication Services,13.43,0.0,,,-2.85,-3.53,-9.37,-6.97,-5.25,-2.85,-3.53,-9.08,-6.83,-5.15,-1.08,-22.42,-38.78,-20.99,-15.84,-6.02,-38.66,-2.86,-11.12,-60.04,-18.75,-12.78,-9.11,59.42,67.77,421610000.0
245A,INGS inc.,Consumer Cyclical,62.74,0.0,17.61,,1.21,5.11,1.25,10.72,2.52,9.53,10.61,6.34,14.67,8.83,73.15,6.35,7.02,5.38,1.33,20.47,21.99,50.79,12.19,31.41,11.7,7.65,1.72,58.64,66.93,1579575000.0
2461,"FAN Communications, Inc.",Communication Services,259.51,5.33,32.24,,7.41,4.23,5.15,9.07,5.6,7.98,4.86,5.82,9.54,6.22,10.56,27.69,22.92,27.96,31.11,1.94,-5.88,-4.41,7.37,52.0,7.39,7.54,8.94,,86.85,15087544000.0
2462,"LIKE, Inc.",Industrials,292.26,3.96,12.56,,10.62,6.37,7.39,11.33,8.13,17.02,12.96,12.45,16.42,14.14,43.01,4.43,4.73,5.51,5.97,7.99,3.09,0.76,6.87,10.77,6.7,8.07,8.0,63.34,13.76,9958468000.0
2464,"Aoba-BBT, Inc.",Consumer Defensive,47.73,2.93,17.5,,8.74,20.82,-12.27,20.04,5.76,11.03,22.99,-8.97,23.4,8.35,-2.2,5.94,5.72,5.13,4.54,-0.41,3.01,3.0,5.64,15.29,5.39,5.23,4.18,98.27,38.98,3012556000.0
2469,Hibino Corporation,Technology,272.17,1.64,8.91,,21.64,1.5,12.7,-19.28,11.95,31.67,13.18,25.61,-8.98,23.49,56.9,7.49,7.01,5.57,2.93,13.67,17.79,20.44,11.56,13.16,7.64,6.46,2.63,46.03,36.32,3434000000.0
246A,ASUA Inc.,Industrials,28.18,1.3,33.85,,3.8,2.11,-1.83,,1.36,4.48,3.63,0.83,,2.98,125.64,,12.05,9.26,8.8,,10.09,0.9,,,15.38,10.23,,97.74,41.68,556209000.0
2471,"S-Pool, Inc.",Industrials,218.69,3.51,16.63,,16.88,7.93,-0.56,0.4,8.08,25.7,23.19,18.73,13.09,22.54,67.69,9.29,10.89,10.77,-4.72,1.86,-0.89,1299.02,8.63,10.63,11.92,11.3,-1.32,27.22,37.4,3583000000.0
2475,"WDB Holdings Co., Ltd.",Industrials,340.11,6.41,12.52,,-3.02,3.48,10.94,9.55,3.8,8.21,12.84,13.21,10.45,11.42,75.61,8.87,9.91,11.09,11.57,-1.63,3.73,3.56,8.84,18.87,10.52,12.76,13.58,,23.01,17426313000.0
2477,"Temairazu, Inc.",Communication Services,190.84,2.0,19.71,,5.54,4.98,5.06,3.83,5.19,5.54,4.98,5.06,3.83,5.19,0.0,73.63,72.96,73.61,71.63,7.97,11.85,10.94,15.65,587.4,14.87,15.09,15.23,,88.8,6588033000.0
2479,JTEC Corporation,Technology,21.19,3.75,14.37,,5.48,11.82,7.48,7.11,8.26,5.84,11.83,7.53,7.33,8.4,2.24,7.02,9.7,7.07,5.63,-1.03,4.63,2.05,10.91,599.53,15.15,12.17,8.33,99.0,32.03,1469016000.0
247A,Ai Robotics Inc.,Consumer Defensive,655.98,0.0,24.93,,-9.5,1.62,1.31,0.01,-2.19,-8.96,2.0,1.37,0.02,-1.86,5.9,12.95,17.46,17.8,8.41,106.67,101.18,93.72,18.99,26.5,34.94,26.34,13.78,12.6,73.36,3987201000.0
2480,"System Location Co.,Ltd.",Industrials,65.87,2.04,22.17,,9.49,6.87,6.34,7.58,7.57,10.02,7.52,8.23,9.06,8.59,12.25,34.86,32.16,33.33,33.12,3.99,-4.29,2.69,8.48,22.22,9.53,10.61,11.13,,79.8,2500980000.0
2481,"Townnews-Sha Co.,Ltd.",Communication Services,39.8,3.13,8.68,,9.38,8.73,8.76,9.93,8.96,9.97,10.05,10.77,11.68,10.26,12.56,14.89,12.57,15.44,15.43,8.45,-1.58,1.18,7.05,12.75,6.1,8.57,9.06,,65.56,2534824000.0
2483,Honyaku Center Inc.,Industrials,76.53,6.31,16.55,,7.39,6.32,9.79,4.74,7.83,13.83,6.57,9.85,4.88,10.08,17.01,6.49,7.94,7.98,8.48,-3.02,-0.83,3.25,6.51,23.01,8.77,10.21,11.7,99.77,47.4,5047753000.0
2484,"Demae-Can Co.,Ltd",Consumer Cyclical,162.6,0.0,192.11,,-30.56,-28.18,-75.58,-246.95,-44.77,-30.56,-28.18,-75.58,-245.91,-44.77,0.0,-12.39,-11.89,-23.84,-77.02,-21.21,-1.95,8.67,-17.21,-5473.3,-16.32,-29.05,-67.45,,11.51,28536000000.0
2485,Tear Corporation,Consumer Cyclical,101.71,4.45,25.95,,9.94,7.86,-0.81,4.38,5.66,23.37,19.7,12.51,13.3,18.53,74.68,7.62,7.64,8.07,7.97,14.46,33.91,5.91,5.08,6.51,4.08,7.63,7.01,42.51,37.82,4541000000.0
2488,"JTP Co.,Ltd.",Technology,77.29,3.44,11.91,,8.34,9.03,5.68,5.93,7.68,9.48,10.04,7.09,6.82,8.87,14.04,9.73,8.9,7.78,6.17,7.44,13.45,10.0,17.53,141.97,16.69,13.87,10.16,,20.28,3548160000.0
2489,Adways Inc.,Communication Services,145.9,1.62,11.22,,-3.8,-2.54,-0.46,-0.31,-2.27,-0.55,1.27,4.06,2.64,1.59,-61.41,2.43,1.31,6.81,12.46,-3.67,-6.21,0.81,1.01,3.69,-4.0,3.73,6.48,,82.64,9924286000.0
248A,KIDS STAR Inc.,Technology,21.15,0.0,22.25,,6.8,1.47,8.46,3.38,5.58,18.43,10.86,14.37,8.14,14.55,63.56,21.47,18.61,20.64,18.44,27.41,18.75,35.48,7.1,816.91,5.0,27.05,24.39,,61.85,2342354000.0
2491,"ValueCommerce Co., Ltd.",Communication Services,100.86,3.42,3.96,,15.48,29.98,30.48,63.76,25.31,19.07,34.31,34.69,67.16,29.36,14.53,8.16,13.68,17.79,23.1,-20.52,3.45,-17.68,6.9,72.84,22.46,15.71,27.65,,30.41,11026000000.0
2492,Infomart Corporation,Technology,1898.09,0.93,76.07,,1.63,0.08,0.03,-0.18,0.58,2.46,1.09,0.96,0.52,1.5,74.65,15.22,7.68,6.21,4.78,20.38,16.97,21.43,13.58,23.7,6.57,5.25,3.08,97.79,73.12,6155368000.0
2493,"E-SUPPORTLINK, Ltd.",Technology,42.43,0.53,24.22,,-8.92,-15.01,-0.8,-15.74,-8.24,-5.32,-5.18,5.81,-11.89,-1.56,-47.84,2.19,3.03,1.8,4.41,19.67,18.48,-5.92,4.36,6.44,3.81,1.24,5.72,80.8,33.22,1406567000.0
2497,"UNITED, Inc.",Technology,197.32,4.19,10.56,,-21.13,5.95,9.77,18.77,-1.8,-20.16,7.0,10.57,20.01,-0.86,5.9,-13.78,21.99,38.65,44.32,-26.36,-4.28,-4.31,-8.8,-62.93,7.22,11.93,14.57,98.93,33.79,15029722000.0
2498,Oriental Consultants Holdings Company Limited,Industrials,377.8,8.18,8.59,,-7.72,4.61,-3.62,-23.38,-2.24,-4.54,7.45,-0.52,-18.61,0.8,-210.86,5.9,5.41,4.97,4.8,10.53,10.4,1.05,8.35,10.6,8.28,7.94,9.31,61.01,22.1,9932729000.0
2499,"Nihonwasou Holdings, Inc.",Industrials,27.94,6.49,16.8,,13.62,11.73,-7.23,0.43,6.04,13.81,12.28,-6.42,0.97,6.56,-2.28,8.37,10.21,8.74,8.8,-4.65,4.46,-5.58,3.18,4.69,4.07,2.79,3.23,48.2,91.08,2510605000.0
2501,Sapporo Breweries Limited,Consumer Defensive,7097.51,2.22,75.33,,4.4,2.34,3.81,-0.25,3.52,6.28,5.09,6.4,1.1,5.92,41.46,4.82,1.1,2.28,2.11,-1.09,-1.2,8.4,4.17,4.46,0.54,2.11,1.2,77.63,32.96,25451000000.0
2502,"Asahi Group Holdings, Ltd.",Consumer Defensive,23607.37,3.86,14.68,,-2.11,11.33,10.07,7.04,6.43,4.44,17.1,14.72,11.27,12.09,70.98,6.42,9.15,8.85,8.64,-1.52,6.15,10.27,2.74,2.85,4.93,4.34,4.49,65.42,37.75,173467000000.0
2503,"Kirin Holdings Company, Limited",Consumer Defensive,22722.38,2.69,11.79,,2.74,3.93,1.63,5.85,2.77,10.69,8.94,5.97,9.65,8.53,67.67,8.62,5.36,7.04,5.83,4.06,9.56,7.28,7.11,7.56,3.78,6.41,5.8,66.58,47.59,131681000000.0
250A,Shimadaya Corporation,Consumer Defensive,231.17,3.36,9.44,,4.91,7.27,13.43,5.85,8.54,17.39,13.61,20.12,11.91,17.04,50.52,9.18,8.51,8.6,6.49,3.62,1.67,14.24,14.56,19.01,13.47,15.26,7.27,90.11,29.99,4349127000.0
2531,Takara Holdings Inc.,Consumer Defensive,5115.39,1.2,44.25,,-0.95,-0.78,1.95,6.81,0.07,3.39,3.16,5.7,8.89,4.08,106.18,4.33,5.68,6.55,10.82,8.72,6.87,-3.22,2.47,3.2,4.56,5.6,11.24,81.38,32.38,73191000000.0
2533,"Oenon Holdings, Inc.",Consumer Defensive,264.24,2.48,8.5,,13.5,16.2,17.43,-3.25,15.71,13.5,16.2,17.43,-3.25,15.71,0.0,4.72,4.1,4.22,-0.87,4.19,-0.99,4.72,10.65,10.99,9.61,12.76,-4.83,85.54,17.64,884000000.0
253A,"ETS Group Co.,Ltd",Industrials,66.81,2.21,9.95,,-17.53,1.67,-4.35,-13.71,-6.74,-15.89,2.76,-3.28,-4.58,-5.47,-1.17,6.37,3.48,3.98,5.17,39.47,20.72,36.36,7.56,10.22,3.06,3.57,4.31,51.96,15.3,1673115000.0
254A,Ai Fusion Capital Group Corp.,Financial Services,104.17,0.0,,,-8.02,-1.98,-0.04,1.81,-3.35,-6.14,-1.76,-0.04,1.82,-2.65,-14.35,-42.07,46.18,-9.84,9.25,6.77,507.87,-9.61,-9.41,-26.47,23.36,-0.69,3.45,99.92,46.92,8475000000.0
255A,"Gltechno Holdings, Inc.",Technology,700.09,2.32,13.29,,-0.45,4.76,2.7,-1.67,2.34,5.93,9.2,5.04,2.84,6.72,67.38,15.07,14.67,15.38,15.6,9.08,16.46,-3.96,8.71,10.3,8.97,9.9,11.37,84.4,34.46,8784927000.0
256A,TOBISHIMA HOLDINGS Inc.,Industrials,446.47,4.79,9.19,,3.03,3.13,-26.6,12.62,-6.81,7.91,6.28,-22.38,14.18,-2.73,30.99,4.96,4.65,3.98,3.29,0.72,4.7,4.85,5.69,7.41,4.78,4.31,5.33,67.63,12.16,20870000000.0
2573,"Hokkaido Coca-Cola Bottling Co.,Ltd.",Consumer Defensive,561.97,0.73,39.14,,0.02,2.24,1.46,-0.09,1.24,5.74,6.4,5.79,3.55,5.98,79.8,4.44,3.88,3.06,1.18,3.91,0.87,9.24,3.85,4.9,3.36,2.74,0.98,97.35,31.78,9570000000.0
2579,Coca-Cola Bottlers Japan Holdings Inc.,Consumer Defensive,6232.6,1.91,34.72,,3.33,4.41,1.61,-0.53,3.12,7.84,9.48,6.85,5.77,8.06,62.53,-8.11,1.5,0.4,-1.43,0.13,2.77,7.57,-10.23,-12.13,1.32,0.33,-1.18,67.81,44.67,77502000000.0
2585,"Lifedrink Company, Inc.",Consumer Defensive,680.79,1.14,19.75,,-12.15,2.61,-6.0,0.53,-5.18,7.27,7.64,6.77,5.54,7.23,173.86,10.12,10.65,12.32,10.3,18.22,16.48,26.4,9.49,10.44,12.95,13.34,12.38,34.57,45.34,3561000000.0
2586,Fruta Fruta Inc.,Consumer Defensive,70.22,0.0,79.49,,-17.64,-6.25,-3.54,-4.43,-9.14,-17.58,-6.22,-3.54,-4.43,-9.11,-0.29,3.01,9.01,-23.14,-38.76,23.26,124.26,41.24,0.88,2.64,8.99,-20.69,-31.32,,40.99,4716262000.0
2587,Suntory Beverage & Food Limited,Consumer Defensive,14034.76,2.67,15.65,,4.65,6.09,5.63,6.43,5.46,11.35,13.8,11.28,10.72,12.14,54.99,8.67,9.44,8.91,9.6,1.1,6.6,9.74,8.37,9.45,9.46,8.99,9.29,98.92,37.42,151382000000.0
2588,"Premium Water Holdings,Inc.",Utilities,791.01,3.24,12.91,,23.98,18.05,19.31,12.59,20.45,27.4,26.12,24.87,17.46,26.13,21.91,15.75,14.93,11.71,9.61,4.46,-4.57,5.38,8.08,12.99,7.67,8.26,9.48,28.57,85.77,41485000000.0
2590,"DyDo Group Holdings, Inc.",Consumer Defensive,936.0,1.0,29.05,,-1.37,0.03,-1.82,-3.6,-1.05,12.19,11.56,9.84,5.48,11.2,109.83,1.73,2.02,1.75,0.44,1.71,11.16,33.25,4.78,8.01,1.69,2.59,-0.28,68.78,45.18,39622000000.0
2593,"Ito En, Ltd.",Consumer Defensive,3627.45,1.64,104.48,,-0.0,1.59,4.29,4.63,1.96,3.12,4.97,7.02,6.55,5.04,69.01,4.36,4.86,5.51,4.54,5.32,4.15,5.15,5.0,7.31,6.15,6.44,5.44,71.02,36.04,75193000000.0
2594,Key Coffee Inc.,Consumer Defensive,425.9,0.6,43.09,,-12.02,-5.64,-1.61,-9.71,-6.42,-7.94,-3.18,1.13,-7.27,-3.33,37.7,1.16,0.63,1.04,0.4,19.65,5.4,16.59,1.68,1.88,0.53,0.88,0.42,62.8,17.86,5279000000.0
2597,Unicafe Inc.,Consumer Defensive,171.38,0.78,20.76,,6.48,2.23,4.69,-0.37,4.47,8.36,4.32,8.23,2.55,6.97,37.95,4.42,4.16,3.12,-0.62,24.12,4.68,15.34,8.17,15.42,5.63,4.12,-1.39,88.57,18.45,3871500000.0
2602,"The Nisshin OilliO Group,Ltd.",Consumer Defensive,1911.49,2.9,8.21,,-9.84,2.98,11.48,-3.58,1.54,5.47,11.07,19.21,0.21,11.92,131.07,3.07,3.63,4.06,2.91,4.4,3.38,-7.73,3.61,3.83,4.94,5.5,4.45,64.6,13.49,19394000000.0
2607,"Fuji Oil Co., Ltd.",Consumer Defensive,3852.02,1.41,34.56,,-19.47,8.06,-3.1,-4.05,-4.84,-13.14,12.52,1.97,0.92,0.45,81.56,3.86,1.71,3.23,1.96,15.06,18.99,1.2,2.88,3.19,1.83,2.64,1.83,46.69,14.37,49547000000.0
2612,Kadoya Sesame Mills Incorporated,Consumer Defensive,792.48,1.6,29.1,,6.7,0.1,3.41,2.23,3.4,7.18,0.48,3.75,3.1,3.8,31.57,9.54,8.03,8.74,8.65,1.47,10.57,5.91,7.03,10.33,6.24,6.0,6.12,,28.27,11983000000.0
2613,"J-Oil Mills, Inc.",Consumer Defensive,759.0,3.53,15.97,,-4.25,17.53,23.77,-19.79,12.35,3.95,24.1,29.6,-13.2,19.22,84.89,1.94,3.71,2.96,0.28,-1.82,-5.54,-6.18,2.55,2.61,4.58,4.12,0.3,84.58,15.04,3300000000.0
261A,"Nihon Suido Consultants Co., Ltd.",Industrials,237.9,3.7,17.91,,11.0,6.31,-3.6,5.24,4.57,11.0,6.31,-3.6,6.66,4.57,0.0,9.75,9.25,8.54,8.77,3.74,7.54,5.36,11.32,38.0,10.67,9.71,9.63,,29.11,10406517000.0
262A,Intermestic Inc.,Healthcare,532.1,2.96,12.11,,5.54,9.18,2.27,3.86,5.66,9.81,11.95,3.95,5.22,8.57,36.45,11.95,11.18,8.77,7.94,11.83,12.46,11.12,9.35,12.07,14.11,20.29,15.11,60.32,76.71,10060000000.0
264A,"Schoo,inc.",Consumer Defensive,38.18,0.0,36.76,,3.06,2.49,-12.16,-15.97,-2.2,6.53,3.02,-11.88,-15.95,-0.78,22.71,8.64,4.08,-31.06,-57.16,17.78,42.08,52.36,7.41,,16.04,-47.45,-61.14,77.19,75.31,2946270000.0
2652,Mandarake Inc.,Consumer Cyclical,136.06,0.24,9.5,,-0.93,7.32,7.01,3.38,4.47,1.58,7.98,8.75,4.13,6.1,62.4,11.8,14.38,14.6,8.82,5.03,12.59,21.26,6.87,7.2,8.74,8.01,4.09,35.46,54.63,766155000.0
2653,"Aeon Kyushu Co., Ltd.",Consumer Cyclical,956.73,1.78,16.01,,-3.92,-2.94,2.16,7.67,-1.57,24.77,15.08,15.28,15.19,18.38,107.08,1.97,1.98,2.04,1.72,2.92,4.17,5.34,6.25,7.07,7.42,15.74,7.93,51.13,29.22,12558000000.0
2654,Asmo Corporation,Consumer Defensive,58.17,2.31,12.55,,8.0,-1.66,11.01,9.92,5.78,8.14,-0.3,12.27,11.39,6.7,-147.68,3.07,1.45,2.96,1.69,3.44,-0.02,4.11,6.35,23.83,2.02,6.38,2.55,98.94,19.21,5174180000.0
2656,Vector HOLDINGS Inc.,Communication Services,52.25,0.0,,,-20.56,-4.19,-24.28,-9.2,-16.34,-11.85,-3.59,-23.24,-8.2,-12.89,-31.56,-379.01,-354.12,-508.25,-143.95,-3.47,2.09,-35.5,-48.13,-78.78,-238.93,-87.68,-58.53,99.93,99.94,423535000.0
2659,"SAN-A CO.,LTD.",Consumer Cyclical,1994.22,3.28,19.42,,12.98,4.38,9.08,4.92,8.81,15.85,7.51,10.62,7.39,11.33,24.75,6.95,7.14,7.24,5.24,3.54,4.21,6.58,7.64,15.52,7.99,8.35,5.79,,37.07,79534000000.0
265A,Hmcomm Inc.,Technology,30.82,0.0,76.55,,8.69,-4.53,3.37,3.92,2.51,9.02,-4.53,3.37,3.95,2.62,1.2,3.47,10.02,10.42,12.13,17.53,18.12,10.18,1.08,5.0,7.79,4.89,7.49,,43.76,1317463000.0
2664,Cawachi Limited,Healthcare,816.5,2.71,26.29,,5.56,3.94,1.25,5.03,3.58,10.86,9.16,7.84,12.02,9.29,63.24,2.38,2.59,2.66,2.35,-1.15,0.65,1.45,2.95,4.15,4.08,3.91,3.3,87.43,22.96,38112000000.0
2666,"AUTOWAVE Co., Ltd.",Consumer Cyclical,27.6,2.07,6.25,,18.43,4.45,14.38,7.53,12.42,20.58,11.78,19.47,13.32,17.28,32.94,3.24,3.09,3.96,3.7,10.87,5.32,5.36,5.78,6.52,3.44,3.62,3.35,60.7,29.32,650695000.0
2667,"ImageONE Co., Ltd.",Technology,16.18,0.0,,,-28.4,-14.26,-0.24,-69.25,-14.3,-27.66,-12.81,2.42,-19.68,-12.68,31.94,-47.36,-54.05,-22.29,-9.12,-44.56,-47.36,-10.05,-57.15,-256.69,-112.94,-39.87,-11.88,98.52,28.88,562690000.0
2668,Tabio Corporation,Consumer Cyclical,86.64,2.37,15.21,,7.6,8.47,-1.32,3.91,4.92,10.58,10.97,4.11,7.04,8.55,60.99,5.26,4.39,3.69,3.32,-0.24,3.89,6.27,11.18,17.08,12.33,11.01,9.12,91.77,58.06,1978211000.0
2669,"Kanemi Co., Ltd.",Consumer Defensive,370.09,0.97,20.81,,-3.28,2.34,5.24,5.22,1.43,4.45,7.89,8.51,6.98,6.95,94.17,3.18,3.4,3.63,3.31,-4.23,3.87,7.46,5.89,13.43,7.54,7.39,6.87,,17.41,16775259000.0
2670,"ABC-Mart,Inc.",Consumer Cyclical,6772.31,2.96,14.61,,4.06,6.66,6.44,0.59,5.72,6.17,8.29,7.56,1.61,7.34,22.87,16.72,16.81,16.18,14.59,1.73,8.14,18.66,11.12,24.05,11.9,11.41,9.45,98.92,50.69,215120000000.0
2673,"YUMEMITSUKETAI Co.,Ltd.",Consumer Cyclical,10.52,0.0,6.79,,-0.81,-5.64,23.41,-6.59,5.65,-0.81,-5.64,23.47,-6.28,5.67,0.09,8.49,-5.29,11.75,-13.62,39.27,-53.58,105.8,0.83,0.84,-0.42,2.0,-1.06,81.96,57.34,23204000.0
2674,"Hard Off Corporation Co.,Ltd.",Consumer Cyclical,362.71,3.54,14.38,,2.64,1.81,2.03,2.49,2.16,6.8,5.91,5.16,4.87,5.96,63.68,8.62,9.6,9.31,8.55,17.14,11.38,11.33,9.32,10.67,10.88,10.58,9.18,75.17,68.21,3307878000.0
2676,エラー,,,,,,,,,,,,,,,,,,,,,,,,,,,,,,,
2678,ASKUL Corporation,Consumer Cyclical,1110.22,1.63,9.89,,-21.29,-2.29,4.91,5.09,-6.22,-9.73,11.63,15.21,18.13,5.7,22.88,-4.36,2.91,3.59,3.27,-16.82,2.0,5.59,-13.78,-29.42,9.9,12.1,11.84,43.64,22.32,49332000000.0
2681,Geo Holdings Corporation,Consumer Cyclical,947.24,1.45,10.92,,3.8,-5.65,0.16,-3.57,-0.56,20.56,8.46,9.81,4.52,12.94,115.54,2.96,2.63,3.88,2.82,12.53,-1.42,14.99,4.67,7.78,3.17,6.3,3.89,40.27,39.37,86656000000.0
2683,"UOGroup CO.,LTD.",Consumer Defensive,25.04,1.01,81.54,,4.46,-3.63,9.33,-8.87,3.39,16.82,3.57,13.15,-6.86,11.18,101.46,0.93,0.9,0.73,0.07,-4.44,0.8,-0.51,3.01,6.79,2.99,3.27,0.1,48.36,45.52,994122000.0
2685,"and ST HD Co.,Ltd.",Consumer Cyclical,1476.1,2.84,15.55,,4.55,6.76,8.97,2.0,6.76,13.93,14.48,15.06,9.12,14.49,53.69,5.43,5.29,6.54,4.75,3.84,6.35,13.62,11.42,15.9,11.65,20.06,12.95,93.3,54.58,24912000000.0
2687,CVS Bay Area Inc.,Consumer Defensive,24.43,4.02,,,-9.57,-44.31,-26.36,-8.23,-26.75,11.85,16.8,19.72,-7.06,16.12,259.4,1.65,5.39,6.47,1.18,1.01,4.03,8.57,2.47,3.14,4.03,9.16,-2.37,35.84,48.02,1886844000.0
2689,"OLBA DVx HEALTHCARE, Inc.",Healthcare,114.11,4.15,10.26,,14.08,-7.98,17.24,,7.78,18.26,-5.78,21.21,,11.23,1.19,,,1.88,1.95,,,7.33,,,,15.9,,81.89,11.2,2731386000.0
268A,Rigaku Holdings Corporation,Technology,3777.96,1.16,41.74,,0.72,2.18,2.35,1.23,1.75,2.48,3.87,3.1,1.95,3.15,46.18,17.74,20.26,19.1,10.1,3.91,13.48,27.41,8.29,9.97,10.14,9.2,1.69,57.13,56.14,24275000000.0
2693,YKT Corporation,Industrials,33.2,1.75,10.38,,23.77,-7.61,66.0,30.87,27.39,23.92,-7.37,67.06,31.29,27.87,-0.32,-1.49,-0.09,3.0,4.56,12.2,-7.39,-41.65,-0.4,-0.9,0.0,2.34,6.36,72.51,13.8,6609688000.0
2694,Yakiniku Sakai Holdings Inc.,Consumer Cyclical,169.74,0.69,,,-4.25,2.3,0.96,2.21,-0.33,3.27,4.86,2.98,3.93,3.7,116.72,0.65,1.99,2.32,-1.08,3.05,3.14,-1.03,-40.2,-65.07,4.07,8.68,-0.84,47.01,66.4,5232425000.0
2695,"Kura Sushi, Inc.",Consumer Cyclical,1336.96,0.89,38.38,,2.85,5.82,1.06,-0.44,3.24,11.12,13.73,10.27,7.44,11.71,73.9,2.23,2.43,1.16,-0.61,4.32,11.14,15.49,4.6,6.22,3.85,1.8,-0.84,68.01,59.23,26370000000.0
2698,"Can Do Co., Ltd.",Consumer Defensive,525.64,0.52,118.0,,4.77,-0.21,-4.82,0.96,-0.09,8.34,3.59,-1.71,2.79,3.41,-11.07,1.77,1.03,0.31,0.53,4.41,3.76,9.01,4.72,6.93,-3.08,5.71,-3.32,73.36,38.47,4641000000.0
269A,Sapeet Inc.,Technology,48.52,0.0,25.36,,-1.17,-2.71,-3.79,-1.56,-2.56,0.95,-0.66,-3.65,-1.56,-1.12,-30.9,5.54,-3.0,-35.08,-29.28,56.91,50.76,40.35,18.49,32.33,-5.28,-74.18,-55.16,,50.29,213327000.0
2700,"Kitoku Shinryo Co., Ltd.",Consumer Defensive,143.58,2.87,5.63,,-12.15,-12.21,1.07,25.62,-7.76,-8.12,-6.48,3.24,30.25,-3.79,-23.72,4.56,2.0,1.8,1.26,48.06,3.63,9.68,15.18,17.62,6.06,6.52,4.52,55.68,8.93,5146506000.0
2702,"McDonald's Holdings Company (Japan), Ltd.",Consumer Cyclical,10078.27,0.84,27.41,,1.23,1.06,1.59,-0.39,1.29,5.28,5.23,4.81,2.36,5.11,74.43,12.78,11.84,10.7,9.6,2.74,6.15,8.43,12.77,17.29,12.83,11.69,10.43,99.97,20.78,73422000000.0
2705,"OOTOYA Holdings Co., Ltd.",Consumer Cyclical,644.54,0.23,52.36,,2.47,0.96,2.22,0.31,1.88,4.87,3.3,3.47,1.13,3.88,51.96,5.78,5.29,5.9,1.14,17.94,12.52,16.98,25.1,80.99,22.29,25.85,3.69,84.44,55.67,3525000000.0
2708,"Kuze Co., Ltd.",Consumer Defensive,87.9,2.38,5.03,,9.4,3.87,30.46,17.95,14.58,13.91,7.55,40.55,22.82,20.67,35.38,3.0,2.7,2.89,1.5,7.2,6.35,14.19,14.28,23.09,12.99,16.35,8.52,86.25,23.61,4334000000.0
2721,J-Holdings Corp.,Real Estate,16.84,0.0,,,-31.44,-13.04,-12.14,-9.78,-18.87,-21.25,-13.02,-11.76,-8.61,-15.34,-17.12,-163.78,-148.77,-159.52,-179.79,5.59,2.36,56.89,-263.85,-1184.32,-730.37,-99.77,-42.48,,59.05,93207000.0
2722,"IK HOLDINGS Co.,Ltd.",Consumer Defensive,27.3,2.5,12.72,,8.61,1.02,20.38,-7.24,10.0,11.09,3.86,34.47,2.43,16.47,45.59,1.35,2.8,2.43,-1.59,-4.23,8.27,-0.92,20.17,22.35,6.62,6.43,-5.58,63.07,37.64,393661000.0
2726,"PAL GROUP Holdings CO., LTD.",Consumer Cyclical,2540.47,2.72,14.4,,6.99,7.35,4.05,5.73,6.13,8.4,8.67,5.3,6.7,7.46,18.51,11.57,11.39,9.66,9.62,12.93,7.94,17.06,16.86,168.52,16.63,17.54,15.45,86.41,56.69,96264000000.0
2730,EDION Corporation,Consumer Cyclical,2640.32,2.0,17.26,,10.83,10.94,6.43,3.74,9.4,11.68,11.63,7.56,4.6,10.29,9.4,3.25,3.05,2.35,2.66,3.33,6.52,0.07,5.83,6.01,5.23,3.52,5.34,80.07,28.68,8958000000.0
2733,Arata Corporation,Consumer Cyclical,910.57,4.13,8.99,,11.17,3.97,9.28,7.29,8.14,20.53,10.74,15.44,12.05,15.57,49.51,1.31,1.52,1.54,1.44,1.88,4.46,5.89,5.24,6.8,6.76,6.95,5.88,67.91,9.69,39710000000.0
2734,SALA Corporation,Industrials,782.79,2.93,10.73,,6.14,3.57,-1.54,5.53,2.72,20.64,18.2,7.36,12.69,15.4,90.5,2.93,2.62,2.51,2.93,4.59,-0.64,3.07,3.2,4.11,3.19,3.12,3.8,58.94,24.35,33704000000.0
2735,"Watts Co., Ltd.",Consumer Defensive,95.84,2.09,11.52,,-29.36,35.82,-4.16,11.03,0.77,-18.45,42.19,2.31,17.97,8.68,78.78,2.31,2.04,1.05,1.71,0.52,3.28,1.65,5.51,8.87,5.9,3.12,5.35,86.93,38.82,6187421000.0
2736,"Festaria Holdings Co., Ltd.",Consumer Cyclical,21.75,1.16,16.26,,6.94,14.89,0.47,24.79,7.43,18.39,22.4,11.31,32.54,17.37,63.88,3.08,2.91,2.23,4.64,1.04,7.46,-1.39,3.85,4.99,3.54,1.69,5.62,27.28,62.27,1143341000.0
2737,Tomen Devices Corporation,Technology,2971.97,8.21,29.64,,-32.83,3.09,1.4,-1.77,-9.45,-32.8,3.1,1.49,-1.67,-9.4,2.13,2.96,2.41,2.56,2.93,50.28,13.76,-11.24,7.94,8.31,11.92,10.77,14.68,33.32,3.82,7829000000.0
2742,"Halows Co.,Ltd.",Consumer Defensive,836.85,1.83,9.36,,15.86,4.32,6.87,-0.67,9.02,31.31,18.99,15.72,12.69,22.01,60.98,5.53,5.83,5.56,5.2,7.1,7.83,12.26,10.19,13.82,11.15,10.78,8.43,87.69,27.53,23061000000.0
2747,"Hokuyu Lucky Co.,Ltd.",Consumer Defensive,40.45,1.56,37.31,,26.4,-10.05,9.11,20.69,8.49,35.59,5.72,14.38,26.96,18.56,112.72,0.61,0.65,1.34,0.99,0.77,-2.66,0.51,1.37,1.46,1.24,3.05,2.01,28.44,27.89,685658000.0
2749,"Jp-Holdings,Inc.",Industrials,571.21,2.04,13.33,,10.51,6.6,9.29,3.24,8.8,10.97,7.36,9.8,4.79,9.38,6.62,15.08,14.12,12.11,10.33,5.3,8.69,6.61,15.03,75.66,13.27,10.45,8.27,83.5,22.06,22619318000.0
274A,"Garden Co., Ltd.",Consumer Cyclical,160.59,4.03,27.75,,3.19,4.43,8.6,5.99,5.41,6.68,8.83,11.2,7.9,8.9,41.77,7.27,10.78,9.9,3.08,4.29,12.07,29.3,5.58,19.53,10.46,12.13,3.25,42.08,69.4,10681634000.0
2750,"S.Ishimitsu & Co.,Ltd.",Consumer Defensive,106.9,3.67,8.41,,20.16,-20.35,31.8,-19.81,10.54,22.99,-9.63,35.65,-12.07,16.34,-29.41,3.54,2.4,2.67,2.23,17.82,4.72,5.18,7.16,9.18,4.66,4.95,3.94,58.83,13.07,5296598000.0
2751,"TENPOS HOLDINGS Co.,Ltd.",Consumer Cyclical,440.6,0.25,23.0,,2.61,1.58,5.12,1.05,3.1,3.87,2.78,5.9,1.47,4.18,29.62,5.41,5.67,7.62,7.1,13.5,26.92,18.51,9.37,17.04,12.35,11.58,10.51,86.3,40.96,8841000000.0
2752,Fujio Food Group Inc.,Consumer Cyclical,601.23,0.26,51.18,,0.03,2.45,2.29,0.37,1.59,1.63,3.58,2.89,1.37,2.7,50.26,2.27,3.89,1.31,-7.09,1.94,5.27,12.16,1.61,2.96,4.46,3.1,-18.73,52.24,64.58,7981000000.0
2753,"Amiyaki Tei Co., Ltd.",Consumer Cyclical,282.92,2.46,22.26,,7.15,3.12,8.04,3.24,6.1,13.37,9.59,12.48,7.18,11.81,49.84,5.86,7.47,6.68,1.48,6.73,6.21,16.57,5.67,9.04,7.73,6.61,0.81,93.43,59.65,8831000000.0
2760,Tokyo Electron Device Limited,Technology,1357.62,3.06,17.34,,11.27,12.63,-0.44,-9.17,7.82,11.55,13.93,0.22,-8.98,8.57,103.92,5.03,5.76,6.35,5.92,-5.84,-10.91,1.06,9.03,9.95,10.76,11.53,12.13,61.85,15.48,7622000000.0
2762,"Sanko Marketing Foods Co., Ltd.",Consumer Cyclical,29.36,0.0,,,-21.87,-37.81,-31.4,-9.33,-30.36,-19.93,-29.97,-26.19,-4.56,-25.36,-18.59,-6.88,-7.32,-10.52,-45.56,3.76,31.03,195.39,-86.64,-426.72,-105.22,-100.09,-155.45,8.6,33.97,628000000.0
2764,Hiramatsu Inc.,Consumer Cyclical,117.98,0.73,53.7,,-10.85,-4.32,3.77,-2.57,-3.8,-5.54,-2.94,9.76,-0.84,0.43,-27.13,2.03,2.34,1.93,-4.99,-7.33,-23.06,11.98,2.77,5.66,2.58,1.73,-3.4,63.46,55.46,4966198000.0
2767,Tsuburaya Fields Holdings Inc.,Consumer Cyclical,1627.9,2.69,12.5,,3.28,3.92,2.33,6.89,3.18,4.59,4.78,3.42,7.72,4.26,26.01,10.02,10.86,8.32,9.35,23.87,-0.95,21.17,18.93,33.82,18.92,18.07,18.8,88.7,22.04,30935000000.0
2768,Sojitz Corporation,Industrials,11975.95,3.15,11.63,,-2.42,-5.31,6.76,11.14,-0.32,1.4,-1.39,9.37,14.33,3.13,6.55,2.19,3.02,3.58,4.74,9.87,3.94,-2.63,2.36,2.64,3.11,3.88,5.1,44.27,13.33,256050000000.0
2769,"Village Vanguard CO.,LTD.",Consumer Cyclical,72.77,0.0,12.63,,26.56,4.55,-16.94,-2.93,4.72,28.09,6.79,-12.86,-0.73,7.34,2.23,3.94,-3.75,-3.69,0.58,-6.45,0.66,-1.91,7.1,11.87,-8.32,-5.98,0.23,19.75,44.69,4868000000.0
276A,CCReB Advisors Inc.,Technology,221.29,0.7,138.45,,-2.26,-2.25,0.97,-0.4,-1.18,-1.73,-1.35,1.26,-0.1,-0.61,-24.55,23.99,33.22,33.14,28.32,101.24,80.45,36.41,12.38,23.03,23.79,21.18,16.84,61.79,43.81,1639195000.0
2776,"SHINTO Holdings, Inc.",Consumer Cyclical,51.87,0.0,14.74,,-11.19,1.91,-4.61,-7.93,-4.63,-6.78,6.82,-3.99,-7.39,-1.32,-2.91,2.12,0.35,-4.7,-5.21,127.21,95.4,56.56,3.9,4.39,0.58,-27.77,-14.46,42.06,4.82,979215000.0
2778,"Palemo Holdings Co.,Ltd.",Consumer Cyclical,14.34,0.0,82.31,,-30.61,8.31,29.9,0.75,2.53,-8.66,25.35,39.45,14.45,18.71,-54.08,1.35,1.43,2.27,3.01,-6.37,-5.65,-8.98,2.59,4.28,7.55,7.28,13.44,37.31,52.74,1276248000.0
277A,Globe-ing Inc.,Industrials,533.83,2.25,20.48,,5.63,5.27,-0.31,,3.53,6.25,6.1,-0.14,,4.07,-34.13,37.13,32.67,8.85,,39.4,87.99,,34.12,250.78,27.58,15.78,,85.54,67.69,7709509000.0
2780,"Komehyo Holdings Co.,Ltd.",Real Estate,493.4,2.42,8.98,,-10.14,-15.93,-6.62,-0.21,-10.9,-2.12,-10.5,-1.11,3.11,-4.58,-308.67,4.19,3.88,6.24,6.0,39.44,33.09,38.72,6.39,8.08,5.85,9.44,9.03,37.71,21.27,19790299000.0
2782,"Seria Co., Ltd.",Consumer Defensive,2939.3,1.71,21.41,,3.8,3.66,2.35,2.28,3.27,6.47,5.44,4.16,3.86,5.36,39.16,8.2,7.13,6.78,7.28,8.2,5.88,5.11,15.8,28.67,10.61,9.9,10.39,99.21,41.73,42075000000.0
2784,Alfresa Holdings Corporation,Healthcare,4187.91,3.02,10.4,,2.4,-3.46,16.97,-2.96,5.3,9.21,1.35,20.63,3.12,10.4,149.55,1.17,1.29,1.35,1.12,4.83,3.59,6.02,4.53,7.05,5.17,5.08,4.12,94.19,7.02,193066000000.0
2788,"Apple International Co., Ltd.",Consumer Cyclical,53.5,7.26,4.32,,-2.07,-23.06,-5.56,-11.7,-10.23,-1.32,-22.58,-5.15,-11.38,-9.68,-22.1,1.39,3.14,3.55,4.99,-6.82,41.68,5.78,2.44,3.29,6.49,6.11,8.48,55.77,7.4,4731852000.0
2789,"Karula Co.,LTD.",Consumer Cyclical,28.01,1.03,11.67,,3.12,10.68,14.81,3.84,9.54,15.73,13.64,17.99,6.64,15.79,39.83,4.07,5.04,5.1,-0.11,3.87,6.19,13.23,6.55,8.94,8.18,9.62,-0.28,48.33,69.31,1198694000.0
278A,Terra Drone Corporation,Industrials,2139.45,0.0,,,-0.8,-0.85,-0.24,0.07,-0.63,-0.33,-0.43,-0.01,0.15,-0.26,-1152.27,-23.92,-14.14,-8.2,4.63,7.82,49.68,52.02,-23.63,-40.34,-7.89,-5.62,1.75,99.45,48.36,2019003000.0
2790,"NAFCO Co., Ltd.",Consumer Cyclical,523.61,2.72,232.28,,-5.86,-12.42,7.91,12.36,-3.46,5.85,-1.35,17.51,18.44,7.34,-187.33,0.93,0.7,2.84,4.55,-3.62,-5.76,-4.77,0.3,0.32,0.25,1.91,3.14,84.99,34.33,11523000000.0
2791,"Daikokutenbussan Co.,Ltd.",Consumer Defensive,606.87,0.87,17.05,,-25.19,-8.01,14.8,-16.22,-6.13,18.15,18.85,35.28,12.54,24.09,146.45,1.66,3.35,3.46,1.86,8.97,8.47,11.49,3.53,3.95,8.68,9.06,4.49,62.89,23.25,10337000000.0
2792,"Honeys Holdings Co., Ltd.",Consumer Cyclical,397.82,3.82,13.99,,8.81,7.26,-4.91,12.97,3.72,11.71,12.36,5.36,17.11,9.81,85.88,8.22,10.24,12.32,13.98,-2.63,2.0,3.07,6.17,8.91,8.71,10.65,12.89,,58.87,15113510000.0
2795,Nippon Primex Inc.,Industrials,50.38,2.59,11.3,,6.58,7.47,7.46,5.76,7.17,7.07,7.99,10.85,6.11,8.64,14.92,6.9,7.75,8.31,8.47,-0.71,2.21,12.44,3.89,10.8,4.87,5.07,4.96,,24.99,5348887000.0
2796,Pharmarise Holdings Corporation,Healthcare,57.97,2.76,51.48,,44.11,10.5,36.14,34.12,30.25,56.54,22.61,46.82,43.47,41.99,32.79,1.41,0.46,1.68,2.77,9.45,16.6,4.68,0.71,0.98,-68.46,-11.2,3.05,32.49,13.61,6016000000.0
2798,Y's Table Corporation,Consumer Cyclical,98.61,0.0,48.05,,0.34,-0.25,1.3,2.7,0.46,5.13,2.94,3.98,4.77,4.02,89.68,1.91,0.98,1.59,-3.87,7.64,7.41,15.38,7.72,19.96,5.53,10.32,-9.37,40.58,21.71,1535457000.0
2801,Kikkoman Corporation,Consumer Defensive,15419.03,1.52,25.2,,2.0,2.16,3.23,2.12,2.46,5.87,4.8,5.24,3.84,5.3,53.09,10.19,10.4,10.1,8.95,5.16,7.29,6.78,9.7,12.64,10.39,9.86,9.41,90.43,33.88,134942000000.0
2802,"Ajinomoto Co., Inc.",Consumer Defensive,48123.75,1.0,36.49,,2.39,2.0,0.93,1.35,1.77,4.36,3.49,2.44,3.03,3.43,50.08,12.08,7.03,9.86,10.64,3.47,6.35,5.89,11.87,13.62,6.68,8.11,9.78,60.16,37.71,153363000000.0
2804,"Bull-Dog Sauce Co., Ltd.",Consumer Defensive,226.38,2.7,9.75,,6.07,9.55,-20.9,-17.48,-1.76,7.24,10.29,0.4,0.2,5.98,1789.86,4.17,1.53,1.13,3.18,0.49,0.93,7.05,1.46,1.74,0.61,0.37,0.94,85.99,32.27,4734288000.0
2805,S&B Foods Inc.,Consumer Defensive,1822.86,0.79,21.69,,3.53,2.92,1.39,-2.44,2.61,5.12,4.66,2.53,0.35,4.1,37.79,8.0,7.65,6.15,4.48,4.45,-2.31,4.8,6.44,8.69,7.36,6.47,4.26,79.32,28.01,30313000000.0
2806,Yutaka Foods Corporation,Consumer Defensive,133.18,2.08,65.12,,-54.79,-27.19,-21.41,2.46,-34.46,-1.79,10.57,6.86,7.96,5.21,-732.29,0.99,4.75,4.28,6.54,3.69,4.71,0.47,0.46,0.47,2.15,1.85,2.83,,6.31,354000000.0
2809,Kewpie Corporation,Consumer Defensive,5995.18,1.46,24.47,,2.55,6.54,1.05,1.73,3.38,5.3,10.53,3.96,4.54,6.6,54.47,6.74,7.09,4.33,5.91,6.08,6.35,5.76,7.24,9.47,7.78,4.47,5.91,93.28,29.4,80598000000.0
280A,TMH Inc.,Technology,42.02,0.0,300.0,,-56.94,33.64,-26.45,32.74,-16.58,-56.4,36.8,-25.84,33.46,-15.15,1.75,3.92,5.38,-7.29,-1.03,38.38,244.41,2.85,15.03,22.68,26.71,-17.72,-2.95,62.14,11.23,532949000.0
2810,House Foods Group Inc.,Consumer Defensive,3592.56,2.51,50.46,,2.77,3.18,3.59,1.2,3.18,6.81,7.4,7.12,5.42,7.11,55.31,5.76,6.34,6.5,6.07,0.49,5.28,8.92,2.96,4.44,4.61,4.56,4.35,94.41,37.26,101841000000.0
2811,"Kagome Co., Ltd.",Consumer Defensive,2464.08,21.76,18.57,,6.31,8.42,-0.73,-2.13,4.67,10.93,12.86,1.87,1.88,8.55,72.01,7.58,11.72,6.79,5.76,-4.11,36.55,9.29,6.21,7.03,11.23,5.57,5.69,76.35,32.42,31637000000.0
2813,"Wakou Shokuhin Co., Ltd.",Consumer Defensive,97.56,5.38,8.46,,0.55,9.23,10.63,11.17,6.8,15.1,15.51,16.34,13.84,15.65,57.26,9.03,9.8,9.66,7.2,6.73,5.4,14.18,9.09,12.0,10.96,10.73,15.4,73.83,29.07,3028867000.0
2814,"Sato Foods Industries Co., Ltd.",Consumer Defensive,136.31,1.48,19.52,,5.62,4.86,7.91,1.5,6.13,8.06,6.76,8.55,4.06,7.79,21.95,11.1,10.58,10.88,10.51,7.42,4.25,3.73,2.6,4.37,2.29,2.65,3.11,96.87,24.13,8443118000.0
2815,"ARIAKE JAPAN Co., Ltd.",Consumer Defensive,1645.31,4.57,17.67,,4.1,6.81,3.5,1.56,4.8,5.5,7.4,5.35,3.4,6.08,22.69,17.6,17.0,14.44,15.18,2.38,9.04,7.69,6.18,10.47,6.02,5.01,5.32,99.99,30.73,54641383000.0
2816,"Daisho Co.,Ltd.",Consumer Defensive,137.16,1.41,30.14,,-13.44,-16.94,5.45,-1.55,-8.31,4.16,7.2,7.11,3.59,6.16,260.51,2.5,2.53,3.54,2.1,4.76,3.51,8.46,3.25,3.75,3.92,6.28,3.07,74.38,36.39,1928000000.0
2818,"PIETRO Co., Ltd.",Consumer Defensive,121.93,1.37,,,-29.82,-8.41,0.54,2.83,-12.56,4.9,3.76,5.99,4.6,4.88,374.37,1.62,1.59,2.16,-0.83,9.08,10.29,10.85,-0.7,-0.87,0.98,1.73,-1.14,43.12,50.33,2230537000.0
2819,"EBARA Foods Industry,Inc.",Consumer Defensive,245.03,2.01,13.78,,5.59,4.24,-10.86,4.85,-0.34,16.44,18.5,3.13,11.48,12.69,196.64,4.81,4.24,5.31,6.85,4.26,6.08,4.14,4.38,8.25,3.94,4.89,6.59,98.68,34.01,17134000000.0
281A,"Informetis Co., Ltd.",Technology,24.31,0.0,,,-29.12,-12.6,-16.94,,-19.55,-18.1,0.51,-0.8,,-6.13,157.49,-118.62,5.04,-18.34,,-46.05,6.39,,-43.74,-61.63,2.83,-15.78,,51.01,51.76,417679000.0
2820,Yamami Company,Consumer Defensive,440.32,1.56,22.91,,0.27,2.65,2.42,2.92,1.78,6.33,6.47,4.9,4.96,5.9,68.44,8.2,10.94,6.43,6.54,10.86,17.45,17.14,9.68,10.4,12.67,6.44,5.62,83.49,20.52,856524000.0
2831,Hagoromo Foods Corporation,Consumer Defensive,352.9,1.9,13.39,,3.36,4.64,0.86,-6.97,2.95,13.61,7.0,2.56,-0.15,7.72,58.49,4.19,3.82,2.5,-1.61,0.57,1.56,4.33,4.04,4.36,4.51,2.98,-2.49,90.97,21.49,4017276000.0
285A,Kioxia Holdings Corporation,Technology,297031.28,0.0,55.24,,1.12,0.84,-0.37,,0.53,2.08,1.6,0.66,,1.45,83.24,37.23,26.47,-23.47,,36.99,58.51,,25.16,31.27,21.9,-9.68,,74.16,43.33,477898000000.0
286A,EUCALIA Inc.,Healthcare,265.48,0.0,10.99,,-10.54,-0.2,-19.76,6.54,-10.17,-7.07,4.9,-0.79,10.02,-0.99,-786.19,9.56,11.56,10.52,5.21,24.71,9.85,8.66,5.12,7.44,4.14,3.88,2.71,41.79,42.6,13411093000.0
2871,Nichirei Corporation,Consumer Defensive,5563.58,3.36,20.35,,2.99,4.28,6.02,2.3,4.43,8.76,9.56,11.22,6.81,9.85,55.82,5.45,5.46,5.43,4.97,2.0,3.23,2.7,6.82,7.85,7.77,7.63,7.27,66.9,18.04,52108000000.0
2872,"Seihyo Co., Ltd.",Consumer Defensive,27.03,0.94,233.17,,-19.5,-1.72,-13.43,1.39,-11.55,1.66,1.28,6.27,7.77,3.07,607.89,0.74,2.15,1.28,0.27,6.96,5.37,1.5,0.25,0.28,4.0,2.36,0.35,41.58,17.61,234513000.0
2874,"Yokorei Co.,Ltd.",Consumer Defensive,1282.7,1.29,40.34,,-6.5,-5.61,-9.25,-2.26,-7.12,8.64,10.5,3.1,4.66,7.41,242.24,3.38,3.8,2.86,3.69,2.68,-2.64,8.97,1.04,1.06,1.89,2.51,1.8,44.58,11.26,3659000000.0
2875,"Toyo Suisan Kaisha, Ltd.",Consumer Defensive,9289.04,2.26,13.7,,4.19,5.14,5.49,2.98,4.94,9.17,8.6,7.59,4.52,8.45,40.74,15.99,14.94,13.64,9.26,4.76,4.76,12.21,12.02,23.58,11.93,10.78,7.84,99.43,30.75,261783000000.0
2876,Delsole Corporation,Consumer Defensive,41.94,2.55,19.77,,-20.02,12.76,19.0,6.77,3.91,-2.97,21.54,26.39,9.43,14.99,-168.19,2.94,3.64,6.86,2.47,-5.09,-13.39,5.28,4.2,5.76,6.3,11.45,6.16,79.49,37.17,1715922000.0
2877,NittoBest Corporation,Consumer Defensive,92.19,1.58,17.9,,12.17,-17.53,26.83,-7.42,7.16,29.68,0.53,39.04,12.8,23.08,1176.03,1.13,1.03,0.93,0.73,2.92,2.93,4.61,1.76,2.08,1.62,1.3,0.93,66.21,16.92,4279848000.0
287A,"Kuroda Group Co., Ltd.",Industrials,497.51,5.43,14.24,,6.36,18.04,10.64,,11.68,14.05,20.95,14.12,,16.37,31.07,5.32,4.89,1.56,3.28,1.21,-4.23,-9.04,5.86,7.88,6.36,0.26,4.46,61.28,17.0,17380000000.0
2882,"Eat & Holdings Co., Ltd.",Consumer Cyclical,228.4,0.75,60.98,,-2.86,-4.14,-5.63,-10.41,-4.21,20.7,16.47,9.09,5.57,15.42,133.62,2.83,2.92,2.95,2.77,8.36,3.93,8.75,2.64,3.0,3.17,-43.31,3.21,57.41,42.28,2324000000.0
2883,"Dairei Co.,Ltd.",Industrials,120.4,2.94,25.07,,2.31,4.62,13.51,2.3,6.81,2.57,5.9,13.56,2.68,7.34,10.76,2.64,3.27,3.89,5.6,-2.64,-6.14,0.65,5.21,8.76,19.23,7.37,10.54,,15.18,3577896000.0
2884,Yoshimura Food Holdings K.K.,Consumer Defensive,146.59,0.0,15.95,,-25.7,38.24,34.43,-2.94,15.66,-17.08,45.21,39.32,0.54,22.48,-7.56,2.73,7.16,4.75,1.94,-1.08,16.73,42.49,1.87,2.5,5.77,3.18,1.52,36.22,19.65,11002107000.0
288A,Laxus Technologies Inc.,Consumer Cyclical,24.15,0.0,24.6,,-4.41,20.66,1.12,-7.76,5.79,-4.33,23.09,1.18,-7.47,6.65,4.56,8.13,23.04,20.73,16.44,-11.14,16.74,9.31,3.01,4.22,11.45,12.76,12.83,76.67,70.22,1180518000.0
2892,"Nihon Shokuhin Kako Co., Ltd.",Consumer Defensive,228.6,3.06,20.26,,17.74,-8.79,16.26,-13.69,8.4,30.0,16.12,29.63,-2.33,25.25,80.17,1.99,1.92,3.85,5.48,0.47,-5.97,3.19,2.45,2.47,2.43,5.96,7.39,73.3,16.29,338000000.0
2894,"Ishii Food Co., Ltd.",Consumer Defensive,59.93,1.11,,,3.16,-9.36,10.66,-0.26,1.49,11.41,1.96,20.82,5.7,11.4,232.68,0.06,2.46,3.94,2.3,1.01,3.6,9.87,0.15,0.24,3.66,6.96,4.98,67.42,32.45,2064164000.0
2897,"Nissin Foods Holdings Co.,Ltd.",Consumer Defensive,8422.53,2.41,18.81,,-0.49,-1.71,3.75,4.64,0.52,9.55,6.77,11.18,7.69,9.17,98.96,6.27,7.87,8.23,7.12,1.49,5.96,9.52,5.4,6.45,7.93,8.72,8.52,74.14,34.14,112946000000.0
2901,Wel-Dish.Incorporated,Healthcare,43.48,2.67,6.89,,-3.86,-0.85,-8.56,-6.15,-4.42,0.56,-0.84,-8.4,-6.14,-2.89,262.46,10.16,-6.03,-4.49,-4.41,-2.04,-32.26,23.35,4.91,6.74,-20.65,-19.4,-14.03,88.77,33.49,1076218000.0
2903,"Shinobu Foods Products Co., Ltd.",Consumer Defensive,163.5,2.15,10.29,,9.61,9.46,12.01,11.99,10.36,20.62,19.63,22.45,18.17,20.9,50.57,3.77,4.05,4.32,3.68,7.5,5.15,7.4,8.85,11.43,8.16,7.69,1.84,75.24,14.52,4388000000.0
2904,"Ichimasa Kamaboko Co., Ltd.",Consumer Defensive,138.55,3.7,42.38,,-6.92,22.54,-39.96,-4.96,-8.11,11.66,37.52,-7.34,13.01,13.95,-81.61,2.58,3.69,-0.59,1.73,0.27,5.1,3.72,2.64,2.78,3.76,-0.42,2.04,60.0,20.21,1100387000.0
2907,"Ahjikan Co., Ltd.",Consumer Defensive,117.52,3.72,10.74,,3.34,19.98,1.31,2.21,8.21,14.76,29.4,11.71,8.16,18.62,66.08,2.49,3.85,3.4,0.19,0.75,1.6,5.92,4.15,4.65,6.71,5.45,0.26,82.05,25.14,2336000000.0
2908,"Fujicco Co., Ltd.",Consumer Defensive,468.96,2.82,32.83,,-2.48,2.62,0.85,3.49,0.33,3.52,9.56,5.97,7.1,6.35,109.57,2.64,1.98,2.75,2.32,-2.7,2.44,3.34,1.77,2.07,1.25,1.54,1.23,,28.42,10249000000.0
290A,Synspective Inc.,Industrials,1956.82,0.0,,,-5.09,-4.68,-2.99,-3.39,-4.25,0.85,-0.92,-1.14,-2.11,-0.4,42.89,-174.11,-132.53,-129.55,-871.41,2.58,67.11,181.53,-2.99,-6.1,-11.32,-16.64,-49.97,78.08,0.33,24542232000.0
2910,"Rock Field Co.,Ltd.",Consumer Defensive,367.54,2.12,368.06,,2.05,1.99,6.5,3.5,3.51,6.3,5.52,9.7,6.02,7.17,54.77,1.53,2.43,3.38,3.0,-0.17,-0.34,2.78,0.54,1.0,2.18,4.05,3.47,99.13,57.34,13155000000.0
2911,"Asahimatsu Foods Co., Ltd.",Consumer Defensive,40.28,1.53,18.3,,-2.77,0.6,6.59,-1.12,1.47,9.87,11.89,18.12,5.1,13.29,95.54,1.14,2.82,2.54,-0.63,-4.12,-1.0,2.02,0.72,0.92,2.0,1.96,-1.44,92.33,27.34,1960885000.0
2914,Japan Tobacco Inc.,Consumer Defensive,123263.08,3.96,20.7,,2.85,3.89,3.65,3.12,3.46,4.17,5.11,4.59,3.92,4.62,25.35,24.62,9.86,23.37,24.29,13.44,7.59,6.89,10.03,12.2,4.25,10.43,10.74,72.51,56.19,1026951000000.0
2915,"KENKO Mayonnaise Co.,Ltd.",Consumer Defensive,292.27,3.42,10.2,,0.57,12.91,17.26,7.6,10.25,10.06,15.72,20.38,12.06,15.39,42.52,4.5,5.28,3.32,0.13,0.71,3.36,7.72,6.4,9.15,7.54,4.95,0.19,92.92,22.58,13487000000.0
2916,"Semba Tohka Industries Co., Ltd",Consumer Defensive,83.44,2.02,15.04,,9.62,5.95,9.89,4.65,8.49,14.71,12.12,16.45,9.86,14.43,41.82,4.65,4.04,3.61,1.45,3.86,-2.28,2.78,3.37,4.28,2.7,2.97,0.57,77.61,22.42,3378420000.0
2917,"Ohmoriya Co.,Ltd.",Consumer Defensive,45.43,1.08,50.33,,-152.27,-43.57,-20.82,24.78,-72.22,-110.3,-37.51,-16.74,25.67,-54.85,-26.18,-0.4,1.65,2.63,3.89,1.26,14.51,0.52,-0.33,-0.35,1.38,1.97,3.2,62.42,11.71,1380097000.0
2918,"Warabeya Nichiyo Holdings Co., Ltd.",Consumer Defensive,470.82,4.44,8.9,,6.44,-11.4,-7.86,0.71,-4.27,36.02,26.5,19.91,15.79,27.48,121.54,3.18,2.03,3.08,2.57,5.11,7.47,6.48,6.8,7.75,4.28,7.08,6.13,64.78,18.8,10378000000.0
291A,Reskill Corp.,Consumer Defensive,41.11,0.0,6.95,,15.57,13.41,6.41,,11.8,15.57,13.43,6.46,,11.82,0.3,36.24,34.89,27.12,,26.53,32.01,,31.52,2825.4,34.15,42.96,,,66.81,1862326000.0
2922,"Natori Co., Ltd.",Consumer Defensive,252.53,1.51,18.81,,4.8,-0.66,22.26,-7.61,8.8,6.63,1.35,25.66,-5.27,11.21,63.25,3.89,4.03,4.47,1.38,-0.63,2.76,5.51,4.13,4.84,4.4,4.91,1.33,88.44,21.3,4606314000.0
2923,"Sato Foods Co., Ltd.",Consumer Defensive,373.73,1.03,13.34,,-12.44,-0.68,-5.16,1.05,-6.09,5.7,13.15,5.77,8.13,8.21,204.28,6.44,5.8,6.24,5.67,11.39,9.15,7.35,5.1,5.57,4.42,5.52,4.78,51.98,26.21,3859137000.0
2924,"Ifuji Sangyo Co., Ltd.",Consumer Defensive,158.18,3.56,7.9,,-6.65,16.53,-6.22,5.25,1.22,7.42,25.48,-1.85,8.05,10.35,-4.08,8.57,11.74,7.22,7.55,27.45,4.3,17.29,12.35,15.86,15.69,11.46,10.81,79.54,18.13,3508000000.0
2926,"Shinozakiya, Inc.",Consumer Defensive,17.41,4.65,26.8,,3.05,-7.37,2.5,-4.9,-0.61,4.34,-6.77,2.78,-4.57,0.12,10.36,2.01,-0.34,-2.88,-2.18,5.54,3.93,-3.97,4.19,10.01,-1.7,-18.93,-6.74,87.93,30.46,609657000.0
2927,"AFC-HD AMS Life Science Co., Ltd.",Consumer Defensive,123.76,5.17,8.85,,-14.16,-15.08,-8.68,4.32,-12.64,14.44,12.44,6.99,12.06,11.29,214.48,7.38,6.35,6.4,4.41,8.18,18.01,11.09,4.12,5.81,3.39,3.59,2.05,40.93,34.49,11303492000.0
2929,"Pharma Foods International Co., Ltd.",Healthcare,208.53,3.56,10.47,,,21.64,27.43,-31.35,24.54,,26.31,29.37,-29.08,27.84,12.18,,8.39,5.37,1.88,,-9.37,13.94,,,11.17,13.39,,43.4,80.18,15666000000.0
2930,Kitanotatsujin Corporation,Consumer Defensive,184.06,2.63,26.45,,4.55,8.9,1.64,0.05,5.03,4.6,9.86,2.46,0.62,5.64,14.71,8.93,14.17,9.88,5.19,-5.21,-19.36,49.17,8.35,28.65,15.17,13.7,5.31,,75.68,5701828000.0
2931,"Euglena Co., Ltd.",Consumer Defensive,489.65,0.58,-140.4,,9.38,3.91,-0.07,0.87,4.41,10.6,5.4,1.34,1.89,5.78,48.15,6.2,0.63,-3.15,-7.79,5.78,2.44,4.71,1.48,2.32,0.4,-4.07,-9.26,57.79,69.55,21163000000.0
2932,"STI Foods Holdings,Inc.",Consumer Defensive,195.56,3.64,11.86,,7.41,-1.31,13.72,1.27,6.61,10.32,16.52,15.68,4.39,14.17,49.52,6.64,8.15,7.26,5.4,8.5,11.94,15.3,15.2,20.76,17.31,19.34,13.22,79.58,27.06,3507000000.0
2933,Kibun Foods Inc.,Consumer Defensive,255.69,2.04,23.26,,0.38,7.32,17.6,-1.91,8.43,5.64,15.11,21.59,3.6,14.11,54.42,2.94,4.14,4.43,1.91,1.95,2.25,0.78,3.18,3.81,6.66,8.01,1.6,50.78,21.87,8292203000.0
2934,"J Frontier Co.,Ltd.",Healthcare,108.11,0.0,28.06,,3.56,4.14,-14.29,-17.9,-2.2,4.2,4.71,-13.28,-16.93,-1.46,6.58,1.4,1.37,-3.42,-10.78,3.4,21.39,5.17,13.13,19.62,2.72,-11.58,-39.94,22.43,40.39,2158254000.0
2935,"Pickles Holdings Co.,Ltd.",Consumer Defensive,152.22,2.4,11.33,,24.81,-25.42,11.61,5.14,3.67,27.57,5.46,17.86,10.94,16.96,203.51,5.1,3.08,3.88,3.75,-1.43,-3.51,4.81,5.93,8.11,3.96,5.16,5.29,85.49,21.75,6214000000.0
2936,BASE FOOD Inc.,Consumer Defensive,147.37,0.0,56.21,,0.87,0.34,-5.01,-5.44,-1.27,1.73,0.89,-4.52,-4.97,-0.63,33.37,1.43,0.9,-6.07,-9.85,-0.33,2.47,50.89,10.71,203.53,6.52,-64.38,-45.02,65.49,56.62,1886902000.0
2937,"St.Cousair Co., Ltd.",Consumer Defensive,166.56,1.98,26.86,,5.76,0.09,2.14,4.84,2.66,9.2,1.49,4.09,6.34,4.93,59.65,3.84,4.29,6.73,8.95,5.82,1.59,7.26,8.47,12.77,6.79,12.45,16.97,69.16,35.75,2311704000.0
2938,"Okamura Foods Co., Ltd.",Consumer Defensive,648.22,0.78,23.62,,2.39,-3.18,-5.04,-3.91,-1.94,5.45,0.43,-1.76,-1.33,1.37,237.94,8.55,7.8,11.01,13.0,8.2,12.88,20.08,6.76,7.84,5.39,9.14,11.57,39.18,20.92,4416000000.0
2961,Nitcho Corporation,Industrials,67.53,6.08,11.91,,-13.14,4.34,25.13,-7.03,5.44,-12.72,6.36,28.9,-5.36,7.51,13.83,4.66,5.74,3.07,2.22,-1.76,4.54,14.06,7.14,12.86,9.4,4.82,3.16,98.39,28.64,3485574000.0
2962,"Tecnisco, Ltd.",Industrials,200.78,0.0,3211.76,,-4.07,-1.46,1.34,,-1.4,-1.93,1.8,5.19,,1.69,48.0,,-10.18,5.11,11.3,,-12.42,-2.44,,,-9.98,3.32,,29.11,40.53,2180097000.0
296A,"Reiwa Accounting Holdings Co., Ltd.",Industrials,438.74,3.07,31.05,,2.92,2.27,1.3,0.33,2.16,3.07,2.34,1.38,0.37,2.26,4.68,34.85,30.02,18.6,19.69,14.57,12.57,13.86,54.2,541.05,33.14,24.37,26.4,99.87,58.19,2380724000.0
2970,"Glc Group,Inc.",Real Estate,188.27,0.0,15.1,,6.56,-4.3,-6.24,-9.23,-1.33,9.24,-2.55,-4.75,-7.52,0.65,-23.58,10.5,9.02,9.28,7.1,43.09,49.77,41.86,10.86,17.48,6.95,9.64,6.6,38.19,16.21,5923000000.0
2975,"Star Mica Holdings Co., Ltd.",Real Estate,531.13,3.61,7.86,,-9.85,-9.98,-3.39,-8.82,-7.74,-9.64,-9.92,-3.32,-8.65,-7.63,-1.68,10.58,9.89,9.91,12.65,23.83,14.27,1.38,4.5,4.64,3.77,3.57,4.83,25.81,17.75,3400884000.0
2978,TSUKURUBA Inc.,Real Estate,37.46,0.0,53.04,,-40.04,-25.07,-2.52,-29.67,-22.54,-39.45,-24.04,-2.28,-27.37,-21.92,-5.38,3.39,2.83,-3.19,-27.98,47.71,32.04,50.11,3.25,4.88,4.28,-5.12,-30.41,39.39,43.75,1867530000.0
297A,"Alpico Holdings Co., Ltd.",Industrials,145.63,2.36,7.7,,7.98,0.45,47.11,4.77,18.51,43.01,17.19,70.91,24.3,43.7,70.8,3.64,3.29,2.46,0.59,3.45,4.23,7.54,6.15,7.1,7.14,7.01,0.48,38.68,30.72,5317797000.0
2980,SRE Holdings Corporation,Real Estate,372.21,0.86,20.53,,-24.65,-0.71,0.2,10.16,-8.39,-22.95,1.17,1.22,11.72,-6.85,78.97,12.72,11.64,9.14,9.09,23.11,10.21,30.62,5.83,8.2,7.45,7.55,6.16,37.03,34.72,12049240000.0
2981,Landix Inc.,Real Estate,135.06,2.38,7.32,,-2.77,-26.33,-8.0,4.01,-12.37,-2.71,-25.24,-5.75,4.19,-11.23,-15.2,12.76,11.14,7.51,11.21,16.09,18.93,13.48,8.37,11.86,7.31,5.75,8.59,45.08,23.13,7015427000.0
2982,"A.D.Works Group Co.,Ltd.",Real Estate,212.4,4.63,5.23,,-34.29,5.97,-5.27,-54.24,-11.2,-28.03,8.12,-3.22,-53.93,-7.71,-19.8,7.39,6.44,5.91,4.94,35.31,20.73,48.41,4.78,5.83,3.73,3.23,1.7,27.56,17.88,11909924000.0
2983,"Arr Planner Co., Ltd.",Real Estate,175.7,3.21,5.83,,-8.15,9.72,2.43,-19.71,1.33,-7.47,11.09,3.46,-17.46,2.36,10.98,7.71,5.38,1.66,2.22,21.0,25.3,2.64,9.72,12.64,7.0,1.73,2.35,28.83,18.2,6289170000.0
2984,"Yamaichi Real Estate Co., Ltd",Real Estate,68.08,3.91,12.01,,-124.86,-34.78,26.75,-15.14,-44.3,-124.86,-34.78,26.75,-15.14,-44.3,0.0,10.95,8.39,11.67,13.47,-15.64,4.11,7.82,1.79,1.97,2.24,3.7,4.3,25.18,30.95,5126211000.0
2986,"LA Holdings Co., Ltd.",Real Estate,673.61,5.95,14.63,,-20.57,-3.51,-6.33,-7.07,-10.14,-16.91,-2.61,-4.75,-4.55,-8.09,-29.84,21.54,17.23,17.63,23.16,4.11,41.93,72.57,7.24,9.54,8.04,6.53,6.73,28.53,28.73,23059357000.0
298A,"GVA TECH,Inc.",Technology,15.63,0.0,,,-28.92,-43.37,-30.56,-25.0,-34.28,-1.06,-18.99,-16.8,-15.26,-12.28,-947.61,-20.37,-44.93,-57.12,-69.69,27.32,60.03,73.96,-29.38,-56.3,-55.9,-52.65,-91.57,18.32,61.62,489890000.0
2991,LANDNET Inc.,Real Estate,128.49,2.44,5.48,,-32.69,-32.5,-17.22,,-27.47,-14.3,-18.61,-8.35,,-13.75,-103.1,,3.58,2.39,2.9,,22.22,22.7,,,11.46,8.35,,37.7,15.25,3935970000.0
2993,Choei Inc.,Real Estate,97.85,4.5,10.05,,-53.82,-51.96,-19.53,-37.27,-41.77,26.18,19.25,32.89,20.6,26.11,278.28,17.88,17.98,19.47,25.42,9.88,6.93,2.25,2.05,2.5,2.05,2.24,3.09,17.64,32.84,11966543000.0
2997,"STORAGE-OH Co.,Ltd.",Real Estate,24.99,0.0,10161.54,,-17.81,-26.48,-26.38,10.0,-23.56,-15.5,-25.32,-18.39,10.76,-19.74,-20.99,4.79,4.03,4.54,5.0,-6.17,28.19,8.47,3.11,4.0,4.46,4.15,6.48,20.99,17.62,915490000.0
2998,CREAL Inc.,Financial Services,188.3,1.51,8.72,,-51.05,53.12,-6.67,6.74,-1.53,-50.0,53.22,-6.43,6.85,-1.07,-1.89,7.78,4.71,4.66,3.33,-9.63,98.73,28.04,10.67,33.32,14.5,7.38,6.0,54.63,20.64,13694608000.0
2999,"Home Position Co., Ltd.",Consumer Cyclical,48.1,1.94,7.4,,-43.06,57.77,-28.87,9.33,-4.72,-39.8,60.25,-28.28,9.76,-2.61,-2.05,3.25,-2.89,1.9,4.8,-11.99,-0.6,7.63,4.53,5.75,-4.9,1.91,4.84,37.49,13.36,2845979000.0
299A,"Kurashiru, Inc.",Communication Services,517.95,0.0,22.04,,5.47,3.94,2.66,3.92,4.02,5.54,4.08,2.71,3.92,4.11,2.33,20.37,20.32,23.65,29.82,29.76,32.37,41.95,18.35,147.66,16.31,16.76,19.61,,47.38,11599617000.0
3001,"Katakura Industries Co.,Ltd.",Industrials,989.05,1.95,13.01,,5.64,3.62,2.49,-1.78,3.92,8.34,5.71,3.62,-0.72,5.89,33.32,14.41,10.47,9.53,4.01,3.11,-1.37,16.62,3.76,5.76,2.18,3.14,1.1,93.9,35.93,36624000000.0
3002,Gunze Limited,Consumer Cyclical,1292.98,3.58,264.08,,13.36,8.95,8.05,1.39,10.12,13.36,8.95,8.05,1.39,10.12,0.0,3.73,5.78,5.1,4.27,-4.52,3.18,-2.31,1.97,2.14,4.27,6.06,3.12,84.98,30.46,9936000000.0
3003,"Hulic Co., Ltd.",Real Estate,13166.6,3.88,11.02,,-13.43,-1.62,0.47,-2.06,-4.86,20.45,26.84,20.57,20.21,22.62,123.15,25.68,27.61,32.75,24.1,22.96,32.54,-14.72,4.02,4.31,4.13,4.58,3.99,30.11,38.05,209363000000.0
3004,Shinyei Kaisha,Industrials,80.7,5.35,5.99,,13.0,7.13,14.78,6.67,11.64,15.15,8.2,16.25,7.41,13.2,12.12,3.8,3.45,4.46,3.45,7.74,-0.11,0.78,4.66,4.94,5.64,7.43,5.99,46.98,20.65,1318000000.0
300A,"MIC Co., Ltd.",Communication Services,224.11,2.43,18.19,,-3.36,2.84,2.33,0.49,0.6,1.61,3.44,3.14,2.78,2.73,117.5,11.17,8.14,5.24,5.54,22.95,21.35,-2.06,11.88,17.22,7.49,4.81,5.31,84.26,29.85,3107653000.0
3010,"Polaris Holdings Co., Ltd.",Consumer Cyclical,446.77,10.58,9.72,,11.81,8.52,16.8,-0.25,12.38,13.0,9.59,17.32,-0.25,13.3,7.8,8.34,10.06,15.0,0.04,73.84,23.67,221.26,13.45,15.91,8.2,23.64,0.02,53.88,96.0,7515563000.0
3011,"Banners Co., Ltd.",Consumer Cyclical,21.9,3.5,10.52,,-15.57,22.72,-7.85,7.57,-0.23,4.47,23.47,2.99,15.29,10.31,271.32,4.95,6.14,5.82,4.9,0.93,19.56,8.06,3.59,4.34,4.76,3.76,2.9,43.89,23.47,1090005000.0
3020,"Applied Co.,Ltd.",Technology,129.74,2.93,5.72,,16.63,20.81,8.77,11.81,15.4,23.12,22.7,11.0,14.11,18.94,18.87,7.15,5.65,4.97,4.51,1.53,10.44,10.91,16.36,35.75,14.47,12.43,11.4,,23.25,7478000000.0
3021,"Pacific Net Co.,Ltd.",Technology,86.25,3.45,9.98,,-14.09,-12.4,-20.88,-5.82,-15.79,55.65,41.39,29.23,31.74,42.09,142.23,13.31,10.4,9.51,8.27,29.11,17.02,8.07,6.84,7.83,5.24,4.76,4.99,29.22,40.28,1722368000.0
3023,Rasa Corporation,Basic Materials,220.5,3.86,9.41,,9.35,12.67,2.99,11.33,8.34,9.69,12.9,3.25,11.51,8.61,4.42,10.49,9.53,8.94,9.62,6.15,-4.83,-5.87,8.12,10.34,7.04,6.84,8.06,91.12,26.92,5662000000.0
3024,Create Corporation,Industrials,46.53,3.63,12.76,,20.57,17.73,-1.44,15.54,12.29,22.42,19.39,0.09,16.6,13.97,553.95,2.21,2.08,1.15,1.95,2.12,1.92,2.81,7.63,10.71,7.97,2.67,6.25,67.62,17.43,1733256000.0
3028,"Alpen Co.,Ltd.",Consumer Cyclical,900.72,2.59,14.16,,2.08,-4.28,-0.44,-10.19,-0.88,10.08,6.33,6.42,-5.22,7.61,117.9,,3.17,1.32,2.07,,6.21,3.43,,,4.57,1.81,4.87,90.15,39.53,15150000000.0
302A,"b-style holdings,Inc.",Industrials,16.99,0.0,32.99,,-17.06,14.33,24.21,8.44,7.16,-7.07,17.05,28.99,15.22,12.99,-36.31,48.93,43.83,39.66,1.99,7.09,3.58,6.19,72.26,272.78,106.54,174.68,5.16,48.63,48.87,1980221000.0
3030,"Hub Co., Ltd.",Consumer Cyclical,111.19,1.15,18.11,,3.49,1.75,3.13,5.47,2.79,8.21,3.92,5.05,5.77,5.73,50.31,4.67,4.23,2.81,-7.12,6.77,8.73,29.53,14.44,33.35,11.9,8.28,-7.81,74.67,70.47,2635312000.0
3031,"RACCOON HOLDINGS, Inc.",Consumer Cyclical,132.04,3.25,17.19,,3.67,6.53,3.21,7.3,4.47,5.24,7.95,5.01,8.5,6.07,27.87,20.09,20.57,9.76,22.42,7.8,5.0,9.15,11.8,42.57,14.48,5.84,11.48,59.49,83.22,5245947000.0
3034,"Qol Holdings Co., Ltd.",Healthcare,919.9,2.3,12.4,,11.53,-10.15,12.2,7.77,4.53,20.29,13.69,14.71,12.68,16.23,78.12,5.09,5.1,4.62,5.58,10.15,46.61,5.89,9.19,11.87,7.99,5.43,7.83,61.63,14.07,21401000000.0
3035,ktk Inc.,Industrials,42.64,2.83,11.02,,4.75,3.44,7.29,-5.32,5.16,6.21,6.63,9.51,-4.42,7.45,31.65,2.25,2.12,2.05,2.35,4.52,2.83,2.4,4.71,8.74,4.9,4.58,5.32,78.21,23.52,2522722000.0
3036,ALCONIX Corporation,Basic Materials,1040.11,2.82,18.57,,-5.99,-0.08,11.32,-4.39,1.75,2.33,6.73,14.63,0.22,7.9,160.36,4.43,3.51,3.12,4.61,11.53,12.64,-1.92,3.74,4.42,3.64,1.95,4.0,62.2,13.94,21537000000.0
3038,"Kobe Bussan Co., Ltd.",Consumer Defensive,6536.09,1.08,19.23,,5.01,3.13,3.21,1.56,3.78,6.44,4.71,4.64,3.3,5.26,28.89,7.23,6.76,6.66,6.84,8.63,10.04,13.45,14.24,45.05,13.81,13.8,14.18,87.48,12.05,130994000000.0
303A,visumo Inc.,Technology,12.55,0.0,14.64,,-1.48,1.47,0.98,-1.21,0.32,12.36,10.02,7.08,3.18,9.82,94.5,8.4,9.65,2.75,2.6,17.37,22.13,30.01,9.08,14.85,11.09,3.1,2.8,87.32,60.47,306659000.0
3040,Soliton Systems K.K.,Technology,504.14,3.15,15.91,,6.71,3.49,6.23,3.96,5.48,7.15,4.04,7.23,4.56,6.14,11.17,14.4,10.99,13.69,10.31,6.21,-2.37,-3.54,16.69,,13.03,16.0,14.32,99.44,46.75,16955000000.0
3041,"Beauty Kadan Holdings Co., Ltd.",Consumer Cyclical,16.49,1.16,,,1.54,5.55,8.73,,5.27,5.97,6.43,9.57,,7.32,32.26,,1.22,1.94,1.77,,8.89,9.48,,,1.45,4.74,,22.94,9.67,1071375000.0
3042,SecuAvail Inc.,Technology,23.14,1.0,22.15,,1.54,-1.17,-1.78,-2.08,-0.47,1.67,-0.87,-1.12,-1.78,-0.11,-28.69,8.81,3.06,-2.99,-3.38,11.38,4.56,6.78,7.9,64.25,3.47,-1.9,-4.08,99.5,45.35,1130962000.0
3045,"Kawasaki & Co., Ltd.",Consumer Cyclical,31.39,3.39,8.96,,15.88,10.17,-25.54,-14.13,0.17,19.23,28.9,4.76,13.2,17.63,239.72,22.53,18.43,16.24,14.82,4.96,24.87,14.62,5.0,5.54,4.22,3.09,2.52,81.17,46.3,659350000.0
3046,JINS HOLDINGS Inc.,Healthcare,1356.37,1.95,17.1,,3.76,6.17,1.81,0.87,3.91,7.77,8.1,4.46,3.24,6.78,44.96,12.44,9.44,6.62,4.96,17.13,13.29,9.51,23.28,34.33,13.54,8.78,2.78,82.12,77.99,11977000000.0
3048,Bic Camera Inc.,Consumer Cyclical,2971.24,2.49,15.2,,5.1,11.78,-0.25,4.71,5.54,8.53,14.13,3.39,8.52,8.68,54.76,3.11,2.64,1.74,2.25,5.63,13.12,2.93,7.82,10.61,6.76,2.7,4.33,69.81,26.73,69583000000.0
304A,"FORCIA, Inc.",Technology,25.44,0.0,52.19,,2.29,-3.29,17.24,-11.58,5.41,7.12,1.08,20.42,-9.81,9.54,162.37,3.25,9.32,7.15,4.77,-4.88,18.66,-9.28,2.35,6.68,7.38,6.85,6.73,,48.34,1287720000.0
3050,"DCM Holdings Co., Ltd.",Consumer Cyclical,2197.03,3.01,12.71,,9.78,9.15,9.13,0.89,9.35,16.63,16.63,14.61,7.11,15.96,41.22,5.72,6.1,5.87,6.31,-0.42,11.46,2.47,3.51,4.18,3.62,3.97,4.57,53.12,35.46,86373000000.0
3053,"Pepper Food Service Co., Ltd.",Consumer Cyclical,124.08,0.0,72.92,,-1.83,0.82,-3.91,-0.73,-1.64,1.15,1.69,-3.59,-0.35,-0.25,100.39,0.3,0.55,-3.37,-10.53,4.04,-4.11,-1.27,2.76,6.63,1.2,-17.69,-52.37,,60.54,1995000000.0
3054,HYPER Inc.,Technology,36.35,1.89,17.35,,22.12,5.07,10.35,-20.87,12.51,22.64,5.45,10.83,-20.29,12.97,4.6,2.32,2.11,1.06,-0.43,11.01,8.88,7.53,5.83,30.2,6.45,1.8,-1.28,81.35,24.63,3107262000.0
3058,Sanyodo Holdings Inc,Consumer Cyclical,52.15,0.14,15.32,,-4.94,-1.75,3.88,-12.77,-0.94,0.56,0.8,6.57,-9.89,2.64,448.8,1.56,0.74,0.49,-1.46,3.88,-4.0,-2.82,3.77,6.4,3.17,2.0,-4.58,51.57,32.72,2429486000.0
3059,"Hiraki Co.,Ltd.",Consumer Cyclical,34.56,2.81,,,-4.58,1.01,39.65,-30.41,12.03,-2.52,4.72,41.26,-26.03,14.49,0.22,-2.69,-0.03,-0.35,1.09,-8.21,-2.66,-6.82,-3.25,-6.27,-0.04,5.16,0.64,43.67,44.45,6016320000.0
3063,j-Group Holdings Corp.,Consumer Cyclical,144.66,0.34,53.89,,9.13,3.16,-1.1,-2.6,3.73,11.13,5.78,0.74,-1.65,5.88,104.16,3.22,3.51,2.97,-12.89,21.44,2.96,30.2,4.51,6.5,4.35,4.33,-15.4,21.9,64.79,2454729000.0
3064,"MonotaRO Co., Ltd.",Consumer Cyclical,9636.95,1.92,27.29,,1.83,2.61,2.28,0.41,2.24,3.5,2.97,3.11,1.61,3.19,28.81,13.84,12.87,12.31,11.6,15.88,13.31,12.53,23.66,36.32,24.64,23.62,22.81,85.25,29.84,47293000000.0
3065,"Life Foods Co., Ltd.",Consumer Cyclical,49.15,0.31,137.01,,5.1,4.69,3.11,-2.04,4.3,10.28,6.4,4.99,1.8,7.22,38.28,0.91,3.55,-0.24,-6.0,-1.72,-6.17,5.44,2.41,,19.52,-1.86,-19.76,84.95,66.44,2021787000.0
3067,"Tokyo Ichiban Foods Co., Ltd.",Consumer Cyclical,41.42,0.0,52.97,,-11.06,-7.38,-3.23,21.41,-7.22,3.21,0.23,0.47,23.1,1.3,1505.83,2.69,3.05,1.92,-6.06,-2.83,2.82,19.71,2.05,2.48,1.95,3.29,-5.66,38.42,63.59,812591000.0
3068,WDI Corporation,Consumer Cyclical,191.41,0.56,80.78,,-0.86,-6.68,2.79,2.86,-1.58,9.0,1.73,9.33,8.78,6.69,221.95,3.69,2.34,4.53,3.18,8.03,3.24,18.25,0.98,1.8,3.48,9.31,6.14,48.02,70.99,5776476000.0
3069,JFLA Holdings Inc.,Consumer Cyclical,78.12,0.0,11.75,,5.92,-10.13,15.87,-23.95,3.89,22.03,6.03,21.19,-9.32,16.42,122.07,2.33,2.01,1.2,-0.52,0.69,-3.97,-11.49,3.16,3.81,3.6,5.31,-1.83,35.93,26.34,4556144000.0
3070,"JELLY BEANS GROUP Co., Ltd.",Consumer Cyclical,39.05,0.0,,,-65.51,-16.31,-15.76,-16.23,-32.53,-62.99,-15.91,-15.64,-15.53,-31.51,-2.42,-0.94,-62.53,-62.33,-45.56,331.8,-9.58,-34.0,-1.65,-2.04,-135.23,-175.97,-177.02,87.52,38.23,1022744000.0
3071,"Stream Co.,Ltd.",Consumer Cyclical,28.19,2.97,10.97,,26.88,27.72,-28.57,-0.21,8.68,32.44,33.46,-20.51,5.23,15.13,-1.66,0.86,0.86,0.67,1.27,8.18,10.37,-9.14,5.02,8.05,-0.31,1.29,6.49,81.83,15.95,1367033000.0
3075,"Choushimaru Co., Ltd.",Consumer Cyclical,212.98,1.87,21.16,,5.27,4.04,-2.6,3.65,2.24,9.77,11.15,2.02,6.52,7.65,112.74,6.66,8.0,3.47,1.34,10.8,10.62,13.37,12.13,26.22,14.24,5.11,1.71,93.46,59.87,4848431000.0
3076,Ai Holdings Corporation,Industrials,1608.84,4.72,13.69,,2.45,3.83,2.36,4.52,2.88,4.75,5.24,2.82,5.03,4.27,30.58,13.43,19.7,20.34,20.94,32.89,7.36,-1.41,8.06,13.7,10.28,10.85,11.09,99.33,45.84,45496000000.0
3077,"Horiifoodservice Co., Ltd.",Consumer Cyclical,94.73,0.0,27.73,,1.3,0.06,1.22,-9.29,0.86,2.04,0.59,1.65,-7.82,1.43,50.76,4.19,1.49,-8.75,-51.91,2.45,14.86,87.61,9.58,49.04,6.25,-21.34,-72.1,49.64,73.39,2055763000.0
3080,"Jason Co., Ltd.",Consumer Defensive,107.23,1.55,,,-0.45,1.8,4.36,5.29,1.9,2.53,5.5,5.15,6.28,4.39,66.82,0.7,1.9,3.05,2.94,1.09,-1.54,5.56,7.57,16.77,4.94,8.7,9.17,83.11,25.93,3807998000.0
3082,"KICHIRI HOLDINGS & Co.,Ltd.",Consumer Cyclical,110.62,0.77,50.57,,3.57,-2.9,6.08,,2.25,8.46,3.57,9.75,,7.26,92.28,,5.71,-0.76,-16.23,,25.64,58.1,,,10.53,-1.46,,43.94,71.6,2983497000.0
3083,"Star seeds Co.,Ltd.",Consumer Cyclical,102.1,0.83,128.87,,-6.1,-3.19,-1.48,-6.01,-3.59,-1.28,-2.9,-1.47,-5.92,-1.88,-129.68,1.78,-5.52,-1.86,-4.07,103.17,-7.59,-12.3,3.27,7.36,-24.33,-11.52,-21.83,83.99,33.63,1832352000.0
3086,"J. Front Retailing Co., Ltd.",Consumer Cyclical,6610.71,2.09,24.04,,7.3,10.41,12.66,8.6,10.12,10.13,12.98,13.72,9.91,12.28,18.49,11.01,13.17,10.58,5.3,0.73,8.57,13.16,5.22,5.71,7.22,5.29,2.65,54.49,48.4,50365000000.0
3087,"DOUTOR NICHIRES Holdings Co., Ltd.",Consumer Cyclical,1348.92,1.87,19.12,,1.36,4.78,5.09,-0.16,3.74,5.2,9.16,8.74,3.83,7.7,54.51,6.38,6.45,5.21,2.34,6.94,5.83,10.85,7.03,9.74,6.82,5.45,2.65,98.28,58.87,29422000000.0
3088,MatsukiyoCocokara & Co.,Healthcare,9921.49,2.22,18.03,,5.35,6.75,4.37,4.77,5.49,7.38,8.21,6.4,6.46,7.33,25.64,7.6,7.73,7.4,6.55,5.26,3.82,7.49,9.91,12.69,10.3,9.18,7.79,99.72,35.24,119746000000.0
3089,"Techno Alpha Co., Ltd.",Technology,19.02,3.27,4.68,,28.0,-21.46,2.27,10.35,2.94,31.9,-17.67,4.2,13.03,6.14,12.21,12.97,6.97,4.49,7.62,13.92,-9.15,2.37,15.29,21.15,7.6,6.51,11.44,99.96,33.87,725118000.0
3091,"BRONCO BILLY Co.,LTD.",Consumer Cyclical,834.11,0.71,34.57,,2.31,1.82,1.77,0.68,1.97,4.04,3.2,3.05,1.94,3.43,42.62,9.7,9.51,7.03,3.83,13.53,13.86,19.84,9.5,15.96,8.83,5.97,2.69,98.16,67.19,8914000000.0
3092,"ZOZO, Inc.",Consumer Cyclical,10007.21,3.51,21.26,,4.54,5.38,3.32,2.74,4.41,5.25,6.01,4.26,3.66,5.17,15.29,30.38,30.39,30.5,30.76,7.15,8.18,7.41,38.29,84.63,38.23,42.17,40.58,83.09,93.27,69416000000.0
3093,"Treasure Factory Co.,LTD.",Consumer Cyclical,460.39,2.23,14.52,,4.13,3.09,-0.07,2.13,2.38,7.04,6.12,2.17,3.83,5.11,64.64,9.83,9.56,9.72,9.09,15.14,22.5,22.13,16.65,22.23,17.46,16.59,15.98,61.28,59.12,5014000000.0
3096,Ocean System Corporation,Consumer Defensive,149.28,1.24,13.14,,7.05,8.65,18.4,1.09,11.37,16.1,12.74,23.15,8.55,17.33,36.26,1.86,1.92,2.23,1.45,5.48,6.01,10.54,8.53,12.57,8.72,9.69,4.18,80.26,22.03,4719739000.0
3097,The Monogatari Corporation,Consumer Cyclical,2004.5,0.88,23.01,,0.8,0.23,1.16,0.86,0.73,5.91,5.3,4.84,4.38,5.35,86.04,7.46,7.62,7.81,3.92,15.65,16.13,25.92,12.01,15.7,12.79,14.36,5.85,73.04,65.08,12520000000.0
3099,Isetan Mitsukoshi Holdings Ltd.,Consumer Cyclical,11599.64,1.8,15.63,,5.17,5.38,2.54,4.14,4.36,7.82,7.72,4.9,5.72,6.81,37.49,14.67,13.74,10.14,6.08,-1.78,3.56,10.06,9.25,10.38,7.24,7.65,4.84,89.23,61.71,75273000000.0
3101,"Toyobo Co., Ltd.",Basic Materials,1480.75,2.4,13.26,,10.73,-10.2,-23.66,-21.18,-7.71,30.41,20.34,14.58,5.27,21.78,159.04,6.62,3.95,2.17,2.52,-0.11,1.87,3.59,4.39,4.7,2.65,1.31,-3.2,49.46,25.66,31107000000.0
3103,Unitika Ltd.,Basic Materials,876.34,0.0,4.9,,3.46,2.55,1.2,-9.14,2.4,6.41,7.18,9.32,0.58,7.64,65.89,8.9,4.63,-2.09,1.13,-6.21,6.82,0.34,5.55,9.91,3.89,-1.98,-0.03,51.33,24.71,47700000000.0
3104,"Fujibo Holdings, Inc.",Consumer Cyclical,1114.37,2.55,19.85,,3.22,1.65,1.49,2.25,2.12,9.1,7.77,4.48,4.64,7.12,70.03,17.74,15.1,7.81,12.94,7.03,18.84,-4.14,11.55,14.15,9.12,4.05,7.56,99.63,36.88,9535000000.0
3105,Nisshinbo Holdings Inc.,Industrials,3997.92,1.43,16.65,,8.13,0.88,-0.44,-0.7,2.86,12.34,7.1,5.88,4.9,8.44,76.43,5.26,3.35,2.3,2.99,1.53,-8.59,4.87,3.37,3.73,1.56,2.39,2.91,73.25,23.4,45625000000.0
3106,Kurabo Industries Ltd.,Industrials,1836.62,0.57,14.96,,4.63,2.97,4.51,-1.1,4.04,7.94,6.02,7.0,1.37,6.99,42.63,6.39,6.84,6.07,5.65,-4.58,-0.43,-1.44,4.68,5.27,6.09,4.57,5.48,94.88,21.48,15533000000.0
3107,"Daiwabo Holdings Co., Ltd.",Technology,3221.09,2.97,10.5,,2.63,0.78,6.77,4.64,3.39,4.52,1.83,7.62,5.26,4.66,36.81,3.27,3.07,3.2,3.09,18.83,17.47,7.06,16.83,22.14,13.89,6.07,11.2,82.2,7.0,45152000000.0
3109,Shikibo Ltd.,Consumer Cyclical,135.58,4.71,14.26,,-4.54,-6.16,5.57,-0.44,-1.71,6.69,15.54,26.18,8.2,16.14,128.76,2.19,3.44,3.69,3.21,13.99,1.05,2.08,1.24,1.37,1.63,1.52,3.77,52.97,17.16,6407000000.0
3110,"Nitto Boseki Co., Ltd.",Consumer Cyclical,5424.36,0.93,12.99,,3.19,3.53,0.93,1.41,2.55,3.19,3.53,0.93,1.41,2.55,0.0,17.61,15.08,8.99,5.58,8.43,16.92,6.54,6.74,9.34,6.82,3.97,2.06,78.87,40.24,62014000000.0
3111,"Omikenshi Co., Ltd.",Consumer Cyclical,11.48,0.0,,,-126.41,-167.61,-133.46,-123.18,-142.49,-45.04,-122.22,-123.36,-107.76,-96.87,-75.33,6.93,-2.25,-2.88,4.42,12.55,-3.04,-21.56,1.98,2.21,-0.4,-0.55,-22.2,15.93,40.68,937000000.0
3113,UNIVA Oak Holdings Limited,Financial Services,77.38,0.0,,,-11.56,-2.78,-12.58,-13.56,-8.97,-11.37,-2.68,-12.33,-13.19,-8.79,-2.45,-29.48,-25.06,-24.84,-37.68,-19.09,-42.77,145.91,-17.96,-22.19,-19.61,-27.25,-15.71,69.24,45.79,743126000.0
3116,Toyota Boshoku Corporation,Consumer Cyclical,3998.4,3.83,17.19,,18.47,11.05,27.57,9.74,19.03,35.76,30.47,43.74,22.37,36.66,49.68,2.65,2.17,4.06,2.97,4.24,0.03,21.79,4.06,7.48,3.78,9.99,3.42,74.72,10.18,307936000000.0
3121,"MBK Co.,Ltd.",Financial Services,78.71,2.35,,,17.93,-29.5,11.89,7.69,0.11,29.95,39.86,36.79,12.46,35.53,93.94,8.43,7.34,8.18,12.32,-23.92,2.17,60.0,1.97,2.26,1.99,6.38,2.03,32.14,23.34,1912396000.0
3123,"Saibo Co., Ltd.",Consumer Cyclical,82.39,2.77,7.82,,10.8,23.73,23.5,23.46,19.34,25.42,28.78,27.51,27.86,27.24,29.89,9.59,7.83,8.64,10.73,0.51,-9.85,12.18,3.07,3.47,1.95,2.27,2.36,65.24,23.78,3639803000.0
3131,Shinden Hightex Corporation,Technology,149.87,1.79,42.63,,-29.71,20.38,6.82,30.42,-0.84,-28.65,20.47,6.89,30.54,-0.43,-0.7,2.49,3.2,2.8,5.35,-2.13,3.45,0.86,3.63,5.74,7.24,5.1,11.64,28.54,7.72,6989005000.0
3132,"Macnica Holdings, Inc.",Technology,7655.0,1.9,27.57,,2.07,2.69,4.92,4.8,3.23,2.45,3.17,5.22,5.08,3.61,12.1,3.46,3.83,6.2,5.99,17.41,0.53,-0.05,8.71,10.29,8.66,15.22,17.88,74.87,10.74,54388000000.0
3133,"kaihan co.,Ltd.",Consumer Cyclical,29.93,0.0,3.03,,-64.61,-20.55,-49.6,-41.92,-44.92,-36.91,-9.81,-21.12,-19.34,-22.61,-106.44,-45.62,-16.56,-24.05,-28.82,12.95,14.27,17.02,-46.34,-54.51,-15.69,-24.42,-42.59,27.5,71.47,472308000.0
3134,Hamee Corp.,Consumer Cyclical,47.84,1.01,8.84,,-11.07,1.61,8.55,4.36,-0.3,-2.24,17.98,18.52,14.53,11.42,-82.81,4.46,10.28,10.89,9.05,-3.59,30.0,25.46,6.36,7.56,10.48,8.67,8.39,56.39,58.58,1812064000.0
3135,"MarketEnterprise Co.,Ltd",Consumer Cyclical,63.88,0.0,,,-7.37,2.48,-7.57,,-4.15,-6.64,3.02,-6.18,,-3.27,-5.22,,1.57,0.62,-2.66,,24.58,27.29,,,23.14,2.7,,45.75,30.81,1486785000.0
3137,"Fundely Co., Ltd.",Communication Services,27.0,0.0,37.11,,5.85,9.18,2.64,6.98,5.89,5.91,9.23,2.64,7.01,5.93,0.48,5.0,-5.42,2.22,-10.14,6.49,-6.9,-5.83,3.43,4.02,-3.42,1.31,-6.22,,48.87,546591000.0
3138,"Fujisan Magazine Service Co., Ltd.",Consumer Cyclical,38.34,1.39,83.77,,1.87,-2.06,3.8,5.1,1.2,11.01,7.21,11.2,11.35,9.81,92.54,2.8,5.48,6.2,7.43,3.49,-2.64,-3.29,3.39,,6.62,8.62,11.77,81.68,27.05,2978951000.0
3139,"Lacto Japan Co., Ltd.",Consumer Defensive,348.37,3.83,10.66,,-5.15,-0.53,5.92,-30.34,0.08,-0.77,1.83,9.25,-29.88,3.44,-134.66,3.25,2.61,2.01,2.02,6.97,7.94,7.4,6.42,7.52,5.36,4.12,4.06,43.46,6.72,10157000000.0
3140,"BRUNO,Inc.",Consumer Cyclical,146.15,1.13,17.86,,6.09,-1.01,-1.48,,1.2,6.85,-0.47,-0.4,,1.99,-124.79,,1.14,3.18,7.75,,14.53,-8.56,,,-96.2,7.0,,90.42,45.24,2690000000.0
3143,O'will Corporation,Consumer Defensive,65.85,3.02,8.28,,-18.05,-13.32,1.0,2.19,-10.12,-17.27,-12.6,4.26,2.81,-8.54,22.11,3.27,2.97,3.02,3.02,7.03,23.23,1.66,7.53,9.44,8.17,10.06,10.46,46.67,11.46,2542393000.0
3148,"Create SD Holdings Co., Ltd.",Healthcare,2138.33,2.91,12.6,,4.25,2.79,2.44,1.25,3.16,11.89,11.05,9.84,8.88,10.93,71.4,4.82,4.95,4.79,4.96,8.76,8.23,10.86,11.05,14.5,11.31,10.99,11.25,99.13,25.54,37099000000.0
3150,"grems,Inc.",Utilities,563.31,5.35,11.5,,5.56,7.68,6.95,1.45,6.73,9.05,8.25,7.26,2.6,8.19,16.61,21.08,19.5,17.45,11.47,1.79,11.48,-4.73,21.0,70.73,22.3,21.13,18.31,85.38,34.63,16323380000.0
3151,"Vital KSK Holdings, Inc.",Healthcare,768.39,4.35,10.59,,-0.57,-16.09,24.04,-12.49,2.46,6.29,-10.44,30.67,-3.91,8.84,25.53,0.66,0.95,0.95,0.69,1.69,2.19,1.06,2.12,2.61,3.51,3.39,2.27,95.41,8.12,22953000000.0
3153,"Yashima Denki Co., Ltd.",Industrials,673.35,1.59,13.27,,6.66,3.31,0.86,4.13,3.61,9.22,5.17,1.2,4.33,5.2,30.66,9.78,7.96,6.01,4.64,12.86,1.87,7.62,13.85,26.34,11.68,9.58,7.35,98.06,24.34,17447000000.0
3154,"Medius Holdings Co., Ltd.",Healthcare,177.45,2.54,18.83,,27.87,1.47,1.69,-47.83,10.34,39.51,10.83,6.9,-21.97,19.08,63.78,0.86,0.73,1.02,1.22,11.12,8.67,5.49,3.44,5.25,2.51,3.8,5.71,53.01,11.93,14371034000.0
3156,Restar Corporation,Technology,1765.79,2.44,22.93,,-5.55,9.57,6.72,-3.01,3.58,-1.86,11.44,8.87,-0.21,6.15,-52.74,2.65,2.53,3.11,2.96,12.46,9.47,5.2,5.4,6.85,12.15,5.26,5.77,43.33,8.5,44930000000.0
3157,GEOLIVE Group Corporation,Basic Materials,193.24,3.5,9.1,,14.54,10.86,14.38,-0.2,13.26,18.42,11.92,15.87,14.17,15.4,13.14,1.14,1.03,1.34,1.89,5.47,5.89,-9.0,4.43,7.37,2.77,5.45,9.35,73.2,13.92,13822000000.0
3159,"Maruzen CHI Holdings Co.,Ltd.",Consumer Cyclical,351.67,1.57,10.63,,3.88,3.34,13.67,2.89,6.96,13.66,8.55,16.18,5.61,12.8,49.36,3.03,2.11,2.22,1.93,11.63,1.75,0.08,3.75,5.63,2.69,2.6,2.36,62.35,26.06,31093000000.0
3160,"Oomitsu Co., Ltd.",Consumer Defensive,82.23,2.51,146.19,,-12.52,-25.07,-19.18,-3.19,-18.92,0.8,-2.02,20.81,8.33,6.53,235.72,0.2,1.08,1.54,1.18,6.24,6.21,8.76,0.29,0.3,3.79,7.03,4.69,35.16,18.41,716179000.0
3161,AZEARTH Corporation,Consumer Cyclical,38.54,3.43,27.87,,-2.42,6.33,-1.81,21.92,0.7,-0.73,12.08,-0.18,23.27,3.72,-358.73,2.32,2.39,3.54,5.86,3.26,-2.6,-9.24,1.83,2.98,2.01,2.56,5.48,,20.71,2632978000.0
3166,"Ochi Holdings Co., Ltd.",Consumer Cyclical,189.11,3.89,14.51,,18.76,4.96,6.85,8.79,10.19,24.02,9.93,17.9,9.81,17.28,44.57,1.39,1.26,1.91,2.55,2.86,3.28,-1.94,3.03,6.84,2.44,4.59,6.97,81.47,14.25,17038000000.0
3167,TOKAI Holdings Corporation,Industrials,1639.15,2.8,16.61,,6.2,7.38,8.35,4.41,7.31,16.6,15.72,18.34,12.93,16.89,56.73,7.64,6.92,6.7,6.48,0.56,5.17,0.57,8.31,8.62,7.54,7.14,6.58,68.52,39.47,5406000000.0
3168,MERF Inc.,Basic Materials,179.19,1.57,10.8,,8.68,3.01,6.97,-12.82,6.22,12.96,4.62,8.92,-11.54,8.83,29.92,0.14,1.77,0.63,0.97,0.48,-2.98,-5.06,0.5,0.54,3.67,1.6,2.44,39.95,2.83,1639166000.0
3169,"Misawa & Co., Ltd.",Consumer Cyclical,49.3,1.15,28.54,,2.22,2.41,10.93,-3.23,5.19,12.8,7.26,16.74,1.52,12.27,61.38,1.94,2.58,0.54,4.38,-3.79,4.57,-0.93,4.56,7.4,6.72,1.02,11.52,90.65,50.98,1358685000.0
3172,"Tea Life Co., Ltd.",Consumer Cyclical,48.2,2.66,21.54,,5.02,13.19,4.56,,7.59,6.83,14.6,7.88,,9.77,26.07,4.27,6.15,6.39,,-3.39,5.65,,4.28,7.1,7.68,8.55,,88.84,34.23,2896000000.0
3173,"Cominix Co.,Ltd.",Industrials,99.72,3.53,14.19,,16.14,-2.01,13.28,-2.01,9.14,17.76,-0.96,15.71,0.68,10.84,-27.89,2.38,1.84,2.63,3.29,36.47,5.18,-0.72,3.05,4.56,0.49,4.02,5.08,48.83,21.06,5708000000.0
3174,"Happiness and D Co.,Ltd.",Consumer Cyclical,11.95,0.0,,,8.85,53.78,-12.02,71.11,16.87,14.26,63.33,-2.82,75.09,24.92,-90.85,-4.57,-1.47,-1.7,1.4,-17.99,-15.39,-6.37,-11.5,-13.93,-3.07,-4.61,1.46,8.55,40.57,689512000.0
3175,"AP Holdings Co.,Ltd.",Consumer Cyclical,125.84,0.0,10.92,,6.59,-1.6,-1.08,4.03,1.3,10.04,4.3,1.99,8.13,5.44,108.61,3.87,1.25,-0.54,-10.1,3.56,2.3,19.93,15.53,19.47,2.26,-2.07,-25.58,17.39,63.29,1174449000.0
3176,"Sanyo Trading Co., Ltd.",Industrials,668.34,2.64,15.26,,9.63,7.1,8.06,-5.45,8.26,10.72,8.15,8.58,-5.08,9.15,9.73,4.54,5.47,5.42,4.78,2.66,7.25,8.34,6.9,8.84,8.92,8.7,7.84,97.53,17.0,11896770000.0
3177,"Arigatou Services Company, Limited",Consumer Cyclical,43.85,2.95,8.9,,15.15,12.61,7.32,6.31,11.69,24.46,19.57,18.74,16.66,20.92,44.84,8.28,8.3,7.47,6.65,7.44,9.02,5.93,15.14,24.96,14.46,13.93,13.26,76.6,65.65,1780085000.0
3178,"Chimney Co., Ltd.",Consumer Cyclical,229.78,0.5,45.49,,5.94,3.35,12.12,4.41,7.14,5.94,3.35,12.12,4.41,7.14,0.0,1.86,3.52,5.06,-8.27,0.56,1.92,27.63,5.16,9.72,12.55,13.27,-12.1,56.99,68.67,5401594000.0
3179,"Syuppin Co., Ltd.",Consumer Cyclical,277.54,3.09,16.65,,6.37,1.48,7.08,2.88,4.98,11.0,4.35,8.51,4.48,7.95,41.6,4.89,6.45,6.85,5.4,-1.39,7.81,7.07,11.67,13.29,15.86,18.47,14.01,56.91,18.78,1814663000.0
3180,BEAUTY GARAGE Inc.,Consumer Defensive,204.86,1.09,22.44,,-5.71,5.47,2.14,4.07,0.63,2.72,6.93,2.84,4.87,4.16,118.67,3.97,4.73,5.7,5.14,13.27,13.0,12.91,8.86,14.1,10.98,13.08,12.16,76.01,24.22,4240387000.0
3181,"Kaitori Okoku Co., Ltd.",Consumer Cyclical,38.48,1.03,10.74,,0.24,-4.07,7.45,2.62,1.21,12.06,2.79,9.22,4.98,8.02,120.98,5.43,5.4,7.35,6.6,19.28,16.08,14.89,6.82,9.61,6.45,9.12,7.51,64.43,51.9,1463462000.0
3182,Oisix Inc.,Consumer Cyclical,561.98,3.69,12.49,,13.18,0.16,8.79,5.75,7.38,16.52,6.22,13.74,9.44,12.16,51.2,2.92,2.68,3.45,2.91,-1.79,72.5,28.85,8.7,14.68,5.68,4.68,5.28,43.13,29.4,21263000000.0
3183,"WIN-Partners Co., Ltd.",Healthcare,350.89,4.33,16.57,,7.7,4.55,7.24,-1.5,6.5,8.35,5.87,8.67,1.27,7.63,15.59,3.34,3.45,3.41,3.49,11.03,5.64,8.76,8.64,25.7,8.22,7.58,7.54,,11.79,15931743000.0
3184,"International Conglomerate of Distribution for Automobile Holdings Co., Ltd.",Consumer Cyclical,86.93,1.71,6.86,,-15.0,25.42,-18.29,10.08,-2.62,25.92,65.09,13.07,36.75,34.69,152.91,5.01,4.75,5.43,4.5,1.98,15.34,8.54,8.97,9.46,10.3,8.96,9.23,82.05,17.98,728896000.0
3185,"Dream Vision Co.,Ltd.",Consumer Cyclical,20.57,0.0,,,6.77,-19.02,3.52,-5.03,-2.91,7.76,-17.66,3.91,-3.82,-2.0,5.01,-10.9,-6.17,-5.99,-1.39,-21.45,-3.37,-10.19,-28.3,-53.76,-15.67,-15.21,-3.31,,49.85,629158000.0
3186,"NEXTAGE Co., Ltd.",Consumer Cyclical,2275.72,1.54,13.07,,1.12,-4.9,5.8,-13.4,0.67,4.04,1.33,14.8,-7.84,6.72,200.74,3.01,2.34,3.47,4.65,17.96,19.27,10.85,8.13,9.05,5.07,8.32,10.85,42.19,17.2,17686000000.0
3187,miratap inc.,Consumer Cyclical,71.07,1.72,75.74,,-6.53,2.55,2.94,5.2,-0.35,-0.78,7.55,6.15,10.06,4.31,-205.83,-1.69,5.15,6.79,7.2,3.87,4.05,16.88,-3.13,-4.0,10.02,9.91,12.77,48.09,34.91,1308170000.0
3189,Anap Holdings Inc.,Consumer Cyclical,51.27,0.0,,,-49.13,-15.42,-13.14,-12.42,-25.9,-38.0,-14.59,-11.65,-11.32,-21.41,-15.92,-82.07,-36.78,-17.57,-8.4,-34.49,-35.75,-16.67,-8.59,-8.97,-212.19,-69.04,-22.15,42.57,49.84,748005000.0
3190,"HOTMAN Co.,Ltd.",Consumer Cyclical,41.35,1.88,11.58,,15.56,3.53,-14.26,-1.87,1.61,26.43,22.91,17.77,18.08,22.37,101.99,2.88,3.02,1.37,1.74,2.7,4.34,-3.69,3.39,3.91,3.61,1.44,1.84,48.97,44.68,1608550000.0
3191,"Joyful Honda Co.,Ltd.",Consumer Cyclical,1386.27,3.67,15.39,,1.31,4.83,2.64,0.65,2.93,5.25,6.54,9.14,7.07,6.98,57.42,6.24,7.92,7.93,8.58,3.06,1.81,3.14,4.74,5.81,5.61,5.69,5.87,92.78,34.93,25193000000.0
3192,"Shirohato Co., Ltd.",Consumer Cyclical,17.04,0.0,3.26,,16.97,-12.15,-1.05,39.78,1.26,19.13,-9.32,-0.47,43.49,3.11,-47.51,0.57,-0.1,0.9,-0.62,-1.55,0.29,1.97,29.44,32.88,-0.2,2.08,-0.71,57.1,38.09,554426000.0
3193,"Eternal Hospitality Group Co.,Ltd.",Consumer Cyclical,148.82,1.77,22.57,,18.86,5.68,37.49,,20.68,29.85,11.56,39.73,,27.05,31.1,,7.75,4.24,-11.99,,25.31,64.87,,,17.29,6.66,,83.72,68.05,8361112000.0
3195,"Generation Pass Co.,Ltd.",Consumer Cyclical,36.5,0.0,22.89,,-20.3,5.02,0.99,2.44,-4.76,-17.15,7.16,3.27,4.86,-2.24,27.03,0.69,0.5,-0.03,0.46,1.95,7.15,-5.18,3.27,4.4,5.58,0.05,2.18,49.94,27.28,801375000.0
3196,"HOTLAND HOLDINGS Co., Ltd.",Consumer Cyclical,427.08,0.79,55.12,,-3.27,2.52,1.66,2.89,0.3,5.91,9.26,6.88,6.78,7.35,101.31,3.5,5.52,5.77,5.42,10.65,19.16,20.36,3.77,4.8,10.48,8.98,8.18,65.18,56.11,4805979000.0
3197,"Skylark Holdings Co., Ltd.",Consumer Cyclical,7211.55,0.85,37.91,,6.89,7.05,7.75,4.15,7.23,10.33,9.42,9.81,6.34,9.85,26.45,6.54,6.03,3.29,-1.84,14.13,13.05,16.83,6.13,6.9,5.62,2.46,-1.63,58.66,66.65,34405000000.0
3199,"Watahan & Co.,Ltd.",Consumer Cyclical,243.69,2.37,11.44,,3.68,-11.81,51.16,-14.99,14.34,3.68,-11.81,51.16,-14.99,14.34,0.0,2.66,2.62,2.2,1.79,1.39,4.31,-4.64,4.72,5.24,4.18,3.96,2.67,44.82,20.68,5369000000.0
319A,Next Generation Technology Group Inc.,Financial Services,1898.33,0.0,43.09,,0.08,1.0,0.63,0.17,0.57,0.08,1.0,0.63,0.17,0.57,0.0,9.57,13.73,9.42,6.76,35.38,18.48,37.08,4.74,7.67,7.51,6.08,5.59,37.57,28.33,9566000000.0
3201,"The Japan Wool Textile Co., Ltd.",Consumer Cyclical,1303.96,3.21,13.36,,9.31,7.79,6.9,7.25,8.0,9.31,7.79,6.9,7.25,8.0,0.0,9.98,10.08,9.71,9.82,3.41,1.71,4.08,5.61,7.15,6.74,5.89,5.55,90.21,28.71,31323000000.0
3202,"Daitobo Co., Ltd.",Consumer Cyclical,38.52,2.29,42.57,,15.58,8.91,17.99,4.14,14.16,18.84,12.49,19.68,9.55,17.0,18.19,7.74,7.68,7.91,5.37,-2.3,1.81,0.91,1.69,1.85,0.98,2.07,4.31,34.34,33.08,1203366000.0
3204,Toabo Corporation,Industrials,44.07,2.99,5.29,,15.3,3.4,-3.63,-11.46,5.02,22.99,12.96,9.39,11.16,15.11,81.95,3.26,3.74,3.9,3.04,-5.15,-3.27,12.01,1.3,1.41,2.43,3.28,1.24,57.45,20.47,1973000000.0
3205,Daidoh Limited,Consumer Cyclical,204.83,6.76,10.96,,-0.92,-1.65,-60.75,-3.37,-21.11,2.07,2.44,-9.16,0.09,-1.55,-83.68,1.14,-0.23,-1.54,-1.7,13.61,-0.31,1.7,4.15,6.35,-0.2,1.13,-1.43,46.76,51.89,7683000000.0
3221,"Yossix Holdings Co.,Ltd.",Consumer Cyclical,320.6,1.02,15.85,,9.89,2.73,11.81,5.03,8.14,9.89,2.73,11.81,5.03,8.14,0.0,11.56,10.17,11.0,4.13,13.14,8.47,23.57,15.07,117.13,14.42,16.07,5.27,,67.0,11575993000.0
3222,United Super Markets Holdings Inc.,Consumer Cyclical,1721.01,1.92,56.15,,1.34,-6.97,-1.37,-3.09,-2.33,14.88,8.42,12.49,8.84,11.93,128.29,0.52,0.74,0.98,0.9,18.8,14.8,-0.29,16.84,19.34,0.27,0.98,1.28,77.95,30.0,32412000000.0
3223,"SLD Entertainment, Inc.",Consumer Cyclical,15.45,0.0,27.89,,3.38,6.55,-0.12,-15.01,3.27,5.66,7.86,0.97,-13.98,4.83,56.55,3.45,3.95,3.73,-8.4,-0.11,2.1,16.02,18.5,31.16,27.76,32.57,-62.03,,80.57,224393000.0
3224,"General Oyster, Inc.",Consumer Cyclical,36.57,1.46,,,-17.5,-2.4,-9.69,4.05,-9.86,-9.29,3.52,-2.72,5.98,-2.83,-58.61,-2.14,0.09,0.43,3.38,9.65,3.59,0.69,-7.45,-12.84,0.19,1.44,8.33,84.51,58.28,779539000.0
3231,"Nomura Real Estate Holdings, Inc.",Real Estate,7756.22,4.86,9.39,,-3.13,-38.83,0.63,-11.2,-13.78,5.79,-17.25,9.14,-5.52,-0.77,40.69,14.67,15.7,15.26,15.21,24.4,3.12,12.22,4.36,4.7,3.72,4.2,4.12,32.11,32.1,169833000000.0
3232,"Mie Kotsu Group Holdings, Inc.",Industrials,604.59,2.99,9.64,,13.01,15.06,10.53,13.82,12.87,13.01,15.06,10.53,13.82,12.87,0.0,8.85,8.1,7.5,6.85,6.17,5.73,5.47,4.58,4.72,4.25,3.64,3.28,46.4,28.11,4733692000.0
3236,"Properst Co., Ltd.",Real Estate,93.99,3.56,5.08,,65.34,80.99,-20.1,1.74,42.08,65.67,81.3,-20.02,1.85,42.32,0.17,11.02,11.98,13.12,12.78,5.84,19.48,16.42,6.31,9.33,8.07,6.93,6.47,43.84,17.39,11551000000.0
3237,"Intrance Co., Ltd.",Real Estate,42.77,0.0,,,-11.74,-9.25,6.22,-15.07,-4.92,-11.74,-9.16,6.58,-13.73,-4.77,1.45,-38.85,-42.73,-11.93,-69.57,30.15,-36.15,116.02,-23.16,-137.77,-47.52,-17.29,-41.4,10.71,70.63,1504881000.0
3238,"Central General Development Co., Ltd.",Real Estate,36.72,3.39,24.87,,-13.29,-235.52,-220.37,51.05,-156.39,4.85,-207.23,-186.46,72.55,-129.61,114.09,2.34,4.03,5.35,5.06,24.5,-3.26,5.05,1.06,1.09,1.98,3.52,4.24,25.8,16.0,1092352000.0
323A,Flier Inc.,Technology,13.06,0.0,99.74,,1.98,4.56,-10.02,-21.04,-1.16,2.64,4.58,-9.65,-17.72,-0.81,7.24,2.85,0.85,-16.93,-42.11,12.67,20.8,23.81,1.57,3.61,10.85,-45.68,-79.26,33.3,80.95,478380000.0
3241,"WILL,Co.,Ltd.",Real Estate,69.4,3.92,7.36,,-6.76,-8.57,14.67,-14.02,-0.22,-6.02,-6.27,16.05,-6.66,1.25,-13.45,8.92,8.48,8.64,9.71,12.62,14.38,22.0,6.28,7.2,5.74,5.58,5.22,35.79,16.43,1822000000.0
3242,"Urbanet Corporation Co.,Ltd.",Real Estate,195.65,4.54,9.12,,-49.84,14.64,-14.64,0.5,-16.61,-37.21,15.22,-14.5,2.51,-12.16,-10.37,10.26,9.75,11.99,11.34,21.34,38.0,3.36,3.92,4.87,4.22,4.18,4.5,26.23,19.05,11463222000.0
3245,"Dear Life Co.,Ltd.",Real Estate,513.86,5.91,10.59,,27.5,-11.66,2.54,9.55,6.13,27.51,-11.54,2.66,9.82,6.21,1.2,9.84,9.85,13.99,11.05,67.46,7.76,-16.19,12.25,33.46,7.23,11.27,12.22,50.86,13.74,27416000000.0
3246,"KOSE R.E. Co.,Ltd.",Real Estate,70.18,3.45,10.63,,-18.02,-16.2,17.36,41.97,-5.62,-18.02,-16.2,17.36,41.97,-5.62,0.0,7.65,4.21,15.92,14.83,31.34,-24.74,-7.57,3.07,4.22,1.43,8.42,8.17,57.2,23.09,4883213000.0
3248,"Early Age Co., Ltd.",Real Estate,28.25,4.04,10.18,,-44.23,29.81,-4.47,25.47,-6.3,15.9,73.9,29.75,41.32,39.85,184.28,15.4,18.85,15.94,16.99,-30.38,37.35,-7.0,2.44,2.68,4.32,2.96,3.37,31.59,31.56,1313321000.0
324A,"Booking Resort Co., Ltd.",Consumer Cyclical,39.53,0.0,11.52,,8.15,8.46,1.03,-11.12,5.88,8.45,11.58,12.57,3.12,10.87,40.78,29.61,35.38,36.19,33.88,18.09,37.48,42.63,17.17,24.84,14.89,21.07,15.83,83.46,70.22,659442000.0
3252,"JINUSHI Co.,Ltd.",Real Estate,577.45,4.67,8.63,,-47.95,-8.2,-44.81,33.97,-33.65,-5.76,-7.5,-43.66,34.62,-18.97,-248.03,11.27,15.2,19.48,12.85,33.75,80.61,-36.66,4.64,5.84,5.99,4.33,7.45,27.33,18.39,27571000000.0
325A,TENTIAL Inc.,Consumer Cyclical,444.26,0.0,37.06,,5.23,0.36,-0.19,,1.8,5.87,0.53,-0.1,,2.1,-16.69,11.32,8.75,1.95,,137.33,165.97,,30.35,,25.92,4.82,,94.87,71.96,4158898000.0
3261,"GRANDES, Inc.",Real Estate,18.12,3.47,19.41,,-30.33,9.14,-12.69,37.83,-11.29,-29.01,9.75,-12.24,37.84,-10.5,-0.64,0.38,11.41,2.75,8.52,-19.16,-8.13,72.85,-0.03,-0.03,6.87,2.32,3.28,57.5,21.4,1008085000.0
3266,Fund Creation Group Company Limited,Financial Services,30.48,1.23,10.15,,-38.28,5.77,17.16,-46.13,-5.12,-21.19,5.91,17.19,-46.03,0.64,-26.08,9.96,7.67,8.49,16.85,3.07,37.07,145.4,5.84,8.65,4.94,4.31,5.54,43.09,21.96,2171000000.0
3267,"Phil Company, Inc.",Industrials,33.74,2.45,13.74,,-14.25,61.01,-19.96,-49.52,8.93,-13.07,61.54,-16.05,-49.3,10.81,-10.85,7.15,5.9,3.6,3.88,14.59,20.48,36.2,6.53,47.87,6.13,1.52,3.69,47.25,27.01,5443933000.0
3276,"Japan Property Management Center Co.,Ltd.",Real Estate,379.13,2.65,20.36,,5.81,7.09,2.85,5.13,5.25,6.86,7.78,5.29,6.24,6.64,23.43,4.5,4.61,4.49,4.25,-0.83,2.85,2.0,17.4,54.98,16.94,16.55,15.02,93.41,13.48,6845349000.0
3277,"Sansei Landic Co.,Ltd",Real Estate,136.62,6.54,9.25,,-45.28,7.36,-2.31,-68.04,-13.41,-43.69,8.37,-0.09,-67.83,-11.8,-865.43,9.63,7.35,9.26,9.46,-8.87,10.11,49.8,4.06,4.62,3.99,5.01,4.47,36.5,29.95,4716888000.0
3280,"STrust Co.,Ltd.",Real Estate,57.09,3.62,4.01,,-100.9,52.33,13.56,-46.25,-11.67,-98.78,61.33,29.73,-31.9,-2.57,22.31,9.39,10.4,6.32,8.7,16.1,6.51,15.53,4.16,5.37,4.54,2.59,3.35,30.61,20.65,7870000000.0
3284,"Hoosiers Holdings Co., Ltd.",Consumer Cyclical,530.49,5.88,7.44,,17.48,-28.3,-4.49,-15.27,-5.1,20.03,-26.62,0.35,-14.2,-2.08,462.54,9.96,10.01,10.35,10.63,50.38,6.64,9.0,5.54,7.3,4.26,4.6,4.61,30.22,21.99,38322000000.0
3286,TRUST Holdings Inc.,Industrials,33.95,2.04,,,21.82,4.76,,,13.29,29.45,12.36,,,20.9,43.7,,4.24,3.14,,,5.92,,,,5.25,,,6.37,18.93,2876592000.0
3288,"Open House Group Co., Ltd.",Real Estate,8411.73,2.68,7.82,,3.08,11.82,1.27,-2.38,5.39,3.51,12.45,2.07,-1.94,6.01,18.69,10.92,9.19,12.39,12.53,3.13,12.83,20.55,8.35,12.56,8.28,10.31,9.78,42.3,18.19,421898000000.0
3289,Tokyu Fudosan Holdings Corporation,Real Estate,9154.32,3.91,9.47,,14.14,5.18,17.09,10.35,12.14,14.14,5.18,17.09,10.35,12.14,0.0,13.39,12.24,10.9,10.98,8.32,4.28,9.66,4.1,4.45,3.51,3.47,3.51,32.67,22.91,213846000000.0
3291,"Iida Group Holdings Co., Ltd.",Consumer Cyclical,6261.64,4.09,9.75,,-19.09,11.69,-5.44,-14.95,-4.28,-15.57,14.73,-2.63,-9.1,-1.16,-36.39,6.26,5.51,4.11,7.11,3.37,1.42,-0.04,3.64,4.83,3.31,2.45,4.86,54.76,17.8,437855000000.0
3293,"AZUMA HOUSE Co., Ltd.",Real Estate,61.74,4.58,12.24,,7.49,19.31,-16.48,10.45,3.44,22.57,43.96,12.86,20.95,26.46,117.02,8.69,9.27,7.73,8.5,-12.48,1.46,-7.59,1.89,2.25,2.8,2.25,2.67,57.84,36.21,4739751000.0
3297,"Toubujyuhan Co.,Ltd.",Real Estate,32.11,3.63,8.12,,-1.81,32.21,-15.3,2.7,5.03,-0.76,32.74,-12.11,3.04,6.62,-53.61,7.72,6.38,4.29,7.16,-5.38,12.69,-5.33,7.46,8.98,6.66,3.73,7.56,85.63,30.57,930916000.0
3299,"MUGEN ESTATE Co.,Ltd.",Real Estate,407.91,6.09,8.75,,-25.96,5.94,11.91,-28.55,-2.7,-16.56,6.37,13.17,-28.17,0.99,-13.47,16.19,15.47,11.5,9.53,9.77,20.42,65.29,7.51,9.51,8.18,5.5,2.77,34.83,28.31,20718000000.0
3300,"AMBITION DX HOLDINGS Co., Ltd.",Real Estate,139.28,11.9,6.12,,-39.6,-30.54,-12.52,18.82,-27.55,0.12,-7.02,16.39,29.45,3.16,11179.14,7.54,6.48,4.42,4.74,24.5,16.08,14.65,8.09,10.99,8.26,6.29,7.09,25.08,20.33,8845104000.0
3302,"Teikoku Sen-i Co., Ltd.",Industrials,799.52,2.07,16.95,,2.79,1.62,-1.83,8.34,0.86,3.63,2.44,-1.17,11.82,1.63,0.13,12.06,10.99,9.22,14.91,6.86,12.3,-6.26,3.95,5.24,3.65,2.76,5.31,99.95,28.64,17822057000.0
3306,"The Nihon Seima Co.,Ltd.",Industrials,34.98,0.51,6.43,,-17.19,-8.65,6.38,3.18,-6.49,-1.46,6.04,7.83,3.6,4.14,-271.67,-1.48,3.83,7.06,4.41,-3.74,-42.49,16.1,-0.82,-1.19,2.6,8.85,5.79,76.2,24.11,998400000.0
330A,TalentX Inc.,Industrials,30.1,0.0,12.28,,8.98,14.39,4.72,1.74,9.36,11.68,14.44,4.92,2.08,10.35,9.16,19.11,20.49,2.56,-13.0,22.12,34.95,46.16,27.65,,83.6,28.29,-102.01,98.33,86.44,1220024000.0
3315,"Nippon Coke & Engineering Company, Limited",Basic Materials,285.2,0.0,,,29.84,-11.14,37.96,-43.48,18.89,29.84,-11.14,37.96,-43.48,18.89,0.0,0.67,-8.64,3.25,-0.23,-7.73,-26.72,-22.35,0.65,0.69,-9.38,2.99,-0.29,33.33,7.9,6392000000.0
3317,"Flying Garden Co., Ltd.",Consumer Cyclical,42.92,1.14,9.44,,6.6,-0.2,6.53,0.46,4.31,16.89,15.87,15.02,9.71,15.93,72.91,6.52,6.76,7.07,6.21,11.31,6.17,7.59,12.03,22.8,10.87,13.36,10.88,,65.36,1733882000.0
331A,Medix Inc.,Communication Services,35.66,3.92,8.55,,6.01,13.54,17.71,14.38,12.42,7.09,14.02,18.95,15.63,13.35,8.4,15.49,19.28,19.18,18.36,2.28,-0.43,-2.18,10.18,228.87,27.44,44.27,22.23,81.13,86.96,4064327000.0
3320,Cross Plus Inc.,Consumer Cyclical,97.22,4.62,5.56,,5.48,-6.69,29.54,8.03,9.44,9.74,-5.0,30.24,9.08,11.66,4.1,2.33,1.66,2.99,0.32,-3.47,3.01,5.49,5.3,6.82,4.43,7.89,0.93,87.73,27.59,5004000000.0
3321,"Mitachi Co., Ltd.",Technology,147.86,3.87,6.94,,15.62,-63.82,5.42,13.59,-14.26,16.75,-62.34,6.43,14.35,-13.05,6.69,2.3,2.19,4.09,5.76,22.56,152.38,-10.1,6.83,8.34,5.66,7.58,11.65,62.41,5.04,5213296000.0
3323,"Recomm Co., Ltd.",Communication Services,75.88,1.29,,,3.42,10.38,-1.94,2.6,3.95,6.22,11.09,-1.38,3.51,5.31,3.71,3.12,2.31,4.73,4.63,11.99,22.89,6.62,2.87,4.13,1.34,4.17,3.83,45.94,24.09,2866659000.0
3326,"Runsystem Co.,Ltd.",Consumer Cyclical,28.65,0.0,27.91,,-2.79,-1.09,4.62,-12.45,0.25,10.69,8.73,11.46,-11.48,10.29,99.44,3.2,2.33,1.73,-14.61,0.4,-26.58,69.48,5.47,7.84,2.77,4.99,-22.58,10.35,20.61,881259000.0
3329,"Towa Food Service Co., Ltd.",Consumer Cyclical,173.14,0.93,23.07,,2.92,2.76,5.63,1.34,3.77,6.01,5.45,7.63,3.73,6.36,42.36,7.39,8.29,8.05,5.67,3.91,3.48,14.16,8.59,22.2,10.07,10.27,6.05,99.85,72.62,4773211000.0
332A,MEEQ Inc.,Technology,134.77,0.0,16.12,,6.54,4.3,2.04,4.85,4.29,11.26,6.66,3.88,5.8,7.27,41.57,18.13,15.56,14.61,13.67,19.68,11.14,-10.05,14.46,69.62,12.58,16.76,20.1,98.51,37.7,4902655000.0
3333,"Asahi Co., Ltd.",Consumer Cyclical,335.42,3.87,14.78,,12.83,4.74,16.97,0.11,11.51,18.78,12.8,25.58,7.56,19.05,42.76,4.84,6.72,6.29,6.86,-0.27,4.5,4.5,6.32,9.12,9.28,8.66,9.62,,47.67,12302700000.0
3349,COSMOS Pharmaceutical Corporation,Healthcare,4987.66,1.31,15.56,,-2.34,-0.17,-0.13,1.56,-0.88,11.79,10.52,11.06,10.91,11.12,107.55,3.85,3.99,3.26,3.64,8.72,4.81,16.59,8.66,10.48,9.84,8.81,9.77,78.33,20.89,61341000000.0
334A,"Visual Processing Japan Co., Ltd.",Technology,38.99,1.97,17.84,,5.84,1.87,4.61,2.11,4.11,7.12,2.88,5.66,3.44,5.22,23.91,18.95,15.16,13.19,12.06,13.75,14.39,15.85,14.42,259.34,15.3,13.3,12.6,,61.98,1214046000.0
3350,Metaplanet Inc.,Consumer Cyclical,3947.48,0.0,,,1.49,0.13,-0.19,-0.16,0.48,1.68,0.16,-0.14,-0.08,0.57,-0.68,70.6,33.05,-178.9,-234.58,738.51,305.91,-28.54,1.24,1.24,0.86,-36.56,-20.02,81.87,99.06,2552000000.0
3352,"Buffalo Co.,Ltd.",Consumer Cyclical,42.09,3.83,9.52,,11.03,-0.56,9.57,10.16,6.68,22.08,14.15,12.96,12.84,16.4,60.05,4.42,4.21,3.68,4.87,12.48,8.64,3.9,5.68,12.05,4.77,3.05,5.33,90.31,55.35,3829991000.0
3353,"Medical Ikkou Group Co.,Ltd.",Industrials,104.84,4.31,8.22,,6.26,1.55,37.71,9.16,15.17,11.52,11.43,40.8,12.47,21.25,46.56,3.25,3.5,3.91,2.76,13.62,21.28,17.71,4.48,5.87,4.26,4.48,2.62,62.13,11.8,6121536000.0
3355,Kuriyama Holdings Corporation,Industrials,362.63,3.32,8.93,,0.45,14.67,7.98,-8.72,7.7,11.56,18.96,12.4,-5.84,14.31,51.45,4.63,5.83,5.54,6.38,13.85,8.68,0.28,4.69,5.75,6.52,5.34,7.05,72.38,30.22,11459001000.0
3358,"Trailhead Global Holdings,Inc.",Consumer Cyclical,34.68,2.15,53.76,,-16.05,1.6,0.98,1.28,-4.49,-0.93,2.71,1.56,1.81,1.11,-515.09,-0.65,1.72,2.57,-2.34,25.09,2.65,-0.22,-0.38,-0.48,1.29,2.78,-1.25,72.33,53.61,544956000.0
3359,"cotta CO.,LTD",Consumer Cyclical,54.33,1.96,11.93,,12.31,3.9,7.29,5.91,7.83,15.99,5.16,8.2,8.23,9.78,19.54,5.65,5.34,9.26,6.24,52.77,3.9,-2.58,5.6,8.05,5.76,10.33,7.95,58.31,29.71,2539764000.0
335A,Mirairo Inc.,Technology,35.05,0.0,51.29,,3.93,2.85,-0.39,,2.13,5.11,3.93,0.35,,3.13,87.12,17.08,16.47,0.33,,17.3,21.72,,9.03,67.76,28.87,0.37,,86.19,66.94,904017000.0
3360,"Ship Healthcare Holdings, Inc.",Healthcare,2257.56,2.66,17.15,,7.69,7.18,12.44,4.52,9.1,9.78,9.03,14.0,6.25,10.94,17.67,3.39,3.65,3.89,3.7,5.89,7.49,10.26,7.84,14.11,8.18,7.82,5.88,84.81,9.29,80566000000.0
3361,"Toell Co.,Ltd.",Utilities,166.11,2.58,10.54,,13.36,10.71,8.02,9.71,10.7,19.82,15.31,15.17,15.77,16.77,36.59,7.33,7.07,8.43,7.68,-1.27,1.06,-2.76,5.77,8.12,5.92,8.08,6.98,,40.29,6488790000.0
336A,"Dynamic Map Platform Co., Ltd.",Communication Services,293.63,0.0,,,-5.74,-16.1,-13.73,-23.31,-11.86,-0.21,-7.73,-10.78,-16.84,-6.24,-932.67,-33.01,-16.34,-45.84,-111.6,-23.83,34.09,51.24,-22.4,-38.55,-10.09,-22.36,-29.32,77.87,14.26,3658000000.0
3370,"FUJITA CORPORATION Co.,Ltd.",Consumer Cyclical,16.37,0.62,13.24,,3.08,-1.16,3.91,5.09,1.94,11.82,13.74,13.54,10.52,13.03,84.5,3.17,2.33,2.05,1.02,3.6,6.62,9.41,7.44,8.65,4.42,3.13,2.31,16.32,60.04,328479000.0
3371,Softcreate Holdings Corp.,Technology,556.22,2.81,13.52,,6.62,5.88,9.28,2.34,7.26,9.96,8.98,11.66,4.62,10.2,29.5,18.05,17.76,18.52,17.82,11.11,10.89,15.08,16.81,40.9,17.99,18.79,19.44,,40.75,15215430000.0
3372,"KANMONKAI Co., Ltd.",Consumer Cyclical,30.27,0.0,24.5,,2.51,16.0,8.25,36.45,8.92,6.73,19.95,12.56,37.54,13.08,38.94,65.2,66.65,4.98,1.3,0.15,4.95,19.14,143.65,224.64,167.52,7.56,1.56,62.18,65.14,774422000.0
3374,Naigai Tec Corporation,Industrials,160.93,6.48,16.56,,8.21,-3.88,2.42,-8.73,2.25,8.71,-1.73,7.36,6.39,4.78,-17.21,4.3,4.39,3.12,5.19,-7.71,-9.42,-13.84,6.15,14.27,7.0,5.27,10.46,81.84,13.62,9059518000.0
3375,Zoa Corporation,Technology,22.46,4.18,6.86,,13.18,32.1,9.16,-7.41,18.15,19.01,32.44,15.03,-1.94,22.16,23.6,5.11,4.62,4.88,5.53,2.69,7.86,-11.6,8.11,11.03,7.11,7.2,9.64,80.23,26.8,1075297000.0
3377,BIKE O & COMPANY Ltd.,Consumer Cyclical,55.99,2.81,11.61,,1.82,27.45,-14.19,31.02,5.03,6.64,31.61,-2.2,37.56,12.02,-153.24,33.53,0.84,-0.5,4.94,13.57,2.72,-1.23,138.86,179.49,1.41,-3.89,13.37,79.21,33.65,2054950000.0
3382,"Seven & i Holdings Co., Ltd.",Consumer Defensive,45465.86,3.0,16.88,,5.77,7.42,4.74,11.38,5.98,14.66,19.28,14.8,20.42,16.25,63.38,4.06,3.52,4.66,4.29,-12.88,4.37,-2.87,4.98,5.38,4.25,7.03,5.7,48.93,30.01,438634000000.0
3386,"Cosmo Bio Company,Limited",Healthcare,70.83,3.99,19.4,,4.43,-0.49,8.98,2.54,4.31,8.4,3.4,10.39,4.01,7.4,58.45,3.19,3.18,5.57,8.54,7.26,7.46,-2.23,2.42,3.53,2.6,4.35,7.06,99.81,34.39,2946000000.0
3387,create restaurants holdings inc.,Consumer Cyclical,3432.12,0.67,68.56,,5.31,6.56,5.79,6.64,5.89,6.7,7.57,6.79,7.17,7.02,16.28,4.8,5.44,4.85,4.3,5.82,7.27,23.27,8.14,11.18,10.42,9.42,6.65,42.74,70.57,17639000000.0
3388,"Meiji Electric Industries Co.,Ltd.",Technology,269.54,4.5,9.58,,28.61,4.78,19.76,-18.05,17.72,31.16,5.97,21.27,-14.17,19.47,11.78,4.81,4.19,3.91,3.84,-2.94,5.49,5.12,6.84,11.22,6.62,6.27,6.07,,16.22,14779964000.0
338A,"ZenmuTech, Inc.",Technology,83.42,0.0,69.66,,-0.88,2.66,-0.1,0.59,0.56,-0.32,2.91,0.12,0.62,0.9,6.52,16.92,11.79,10.66,-53.44,31.28,47.22,89.77,15.3,110.74,19.39,19.26,-1768.65,86.29,89.99,788479000.0
3391,Tsuruha Holdings Inc.,Healthcare,9818.5,2.22,15.05,,5.72,1.69,-2.64,1.3,1.59,8.61,5.29,0.08,3.65,4.66,1140.3,4.35,4.59,4.7,4.43,41.18,5.92,5.94,4.24,5.3,9.6,9.45,8.57,81.6,30.61,202130000000.0
3392,"Delica Foods Holdings Co., Ltd.",Consumer Defensive,125.89,3.48,8.3,,12.63,22.99,-25.55,5.62,3.36,25.06,30.17,13.4,13.47,22.88,121.37,3.39,1.37,2.15,1.33,5.88,11.24,10.22,7.03,9.41,2.6,4.06,3.2,46.28,26.27,5339295000.0
3393,"Startia Holdings,Inc.",Technology,299.65,9.56,12.93,,10.2,5.73,8.42,5.55,8.12,10.2,5.73,8.42,5.55,8.12,0.0,13.63,12.33,11.66,8.62,7.11,13.49,-2.16,20.16,66.81,18.19,14.04,12.21,76.11,45.52,7883700000.0
3395,"Saint Marc Holdings Co., Ltd.",Consumer Cyclical,539.16,2.15,20.32,,10.72,5.97,5.15,3.45,7.28,15.91,10.67,9.41,6.52,12.0,40.64,5.82,5.14,4.06,0.41,24.74,9.82,11.63,5.67,7.93,5.87,4.49,-4.83,61.48,73.2,14872968000.0
3396,Felissimo Corporation,Consumer Cyclical,61.33,2.9,17.09,,4.84,-1.42,-30.64,-14.95,-9.07,13.53,11.27,-14.3,3.11,3.5,20.85,0.74,0.24,-3.15,1.37,-0.92,-0.53,-7.94,0.96,1.96,0.33,-6.34,1.83,,54.65,10060000000.0
3397,TORIDOLL Holdings Corporation,Consumer Cyclical,3789.83,0.28,199.81,,9.34,6.28,8.88,5.58,8.17,12.99,9.94,11.29,8.6,11.41,28.76,7.89,6.24,6.01,5.21,3.91,15.64,23.17,4.47,7.68,3.91,4.99,4.04,36.69,75.57,69888000000.0
3399,Maruchiyo Yamaokaya Corporation,Consumer Cyclical,739.72,0.78,18.07,,4.23,2.26,1.57,0.18,2.69,6.95,4.01,3.3,1.84,4.75,45.09,10.88,10.72,7.79,2.75,24.33,30.54,41.86,29.98,62.3,30.15,21.07,5.79,33.31,69.47,6187584000.0
339A,"Progress Technologies Group, Inc.",Technology,70.92,3.22,6.28,,26.61,9.32,9.62,14.03,15.18,28.2,13.39,10.04,14.83,17.21,13.43,28.25,16.2,22.48,24.9,11.77,10.42,7.03,14.46,23.76,9.72,10.01,12.8,71.45,45.82,3322000000.0
3401,Teijin Limited,Industrials,3295.0,2.93,4.75,,2.55,1.53,-0.8,-33.63,1.09,21.2,24.46,16.72,27.21,20.79,95.5,-8.1,-7.14,-0.51,1.26,-13.16,4.69,-5.72,-12.42,-15.01,-8.78,-1.65,15.23,56.35,18.55,116653000000.0
3402,"Toray Industries, Inc.",Consumer Cyclical,18251.98,1.84,23.68,,3.58,4.15,2.82,2.36,3.52,11.6,13.97,10.17,7.96,11.91,70.57,3.76,4.97,2.34,4.38,0.85,4.0,-0.99,3.03,3.38,3.85,1.11,3.22,68.37,20.12,276112000000.0
3405,"Kuraray Co., Ltd.",Basic Materials,5439.91,2.99,66.72,,0.17,11.49,12.64,-3.85,8.1,18.12,25.42,23.77,9.51,22.44,66.89,7.28,10.29,9.66,11.52,-2.23,5.88,3.25,1.46,1.63,4.95,5.23,6.4,70.68,30.49,108317000000.0
3407,Asahi Kasei Corporation,Industrials,21944.03,2.74,14.07,,4.19,3.81,5.62,-3.71,4.54,13.81,13.74,13.46,4.14,13.67,66.72,7.52,6.98,5.05,4.68,1.22,9.06,2.14,5.77,6.58,5.07,8.28,7.07,63.75,32.81,377023000000.0
3409,"Kitabo Co.,Ltd",Consumer Cyclical,25.55,0.0,,,-12.08,-1.69,-5.78,-12.63,-6.52,-11.53,-0.3,-3.8,-3.58,-5.21,-172.68,-9.13,-3.01,-4.69,-13.04,-7.68,24.79,10.23,-6.78,-8.77,-3.21,-5.7,-9.44,75.16,14.75,474850000.0
340A,"zig-zag,Inc.",Industrials,24.82,0.0,11.22,,16.94,7.54,18.35,-0.87,14.28,18.05,7.61,18.39,-0.86,14.68,2.43,19.28,22.86,20.0,4.61,6.24,27.66,37.93,15.49,,22.4,68.77,36.64,99.06,69.04,1998468000.0
3415,"TOKYO BASE Co.,Ltd.",Consumer Cyclical,151.72,1.97,12.5,,1.2,8.71,4.77,-4.7,4.89,8.63,11.5,5.46,0.42,8.53,41.0,8.24,7.29,4.41,1.12,17.45,1.11,4.19,11.52,18.57,10.22,3.59,6.94,51.01,51.84,4397162000.0
3416,PIXTA Inc.,Consumer Cyclical,15.28,5.1,89.08,,-11.35,37.06,16.73,8.49,14.15,-9.05,38.36,18.7,10.99,16.0,-3.81,5.68,19.92,12.78,6.39,-7.59,9.95,-5.95,8.02,,33.55,24.13,11.25,,55.88,1508007000.0
3417,"Ohki Healthcare Holdings Co.,Ltd.",Healthcare,134.56,3.02,10.13,,-20.88,-90.39,53.72,-1.66,-19.18,-10.52,-68.25,56.1,0.71,-7.56,-42.26,0.2,0.79,0.61,0.68,3.12,4.42,9.92,0.84,0.88,4.24,3.68,4.35,61.42,4.89,2213000000.0
3418,"Balnibarbi Co.,Ltd.",Consumer Cyclical,113.32,0.95,25.06,,-3.09,-1.67,6.73,,0.66,3.75,4.84,10.65,,6.41,117.96,,4.82,8.69,-4.49,,0.67,34.04,,,9.63,12.18,,49.36,74.32,1851757000.0
341A,TOYOKOH Inc.,Industrials,328.67,0.0,62.58,,-0.22,-0.68,-0.7,-0.38,-0.53,0.42,0.55,-0.54,-0.35,0.14,115.21,20.07,14.87,-17.26,-16.62,54.69,84.93,-1.96,11.88,27.82,10.54,-11.85,-18.76,63.81,41.51,2698456000.0
3420,KFC Ltd,Industrials,115.54,4.48,11.06,,3.85,-2.42,-1.32,26.74,0.04,5.13,-0.74,0.03,32.46,1.47,1414.11,4.23,5.21,6.47,5.65,-2.01,4.0,10.8,3.17,4.08,4.2,5.29,4.38,95.89,25.78,5150784000.0
3421,"Inaba Seisakusho Co., Ltd.",Consumer Cyclical,256.4,2.7,16.67,,5.26,5.48,4.54,,5.09,14.49,11.61,12.04,,12.71,59.62,,,7.23,6.59,,,1.41,,,,5.28,,,24.24,17302853000.0
3422,"J-MAX Co.,Ltd.",Consumer Cyclical,72.09,1.31,8.09,,32.01,-107.73,-36.58,-6.19,-37.43,73.17,17.44,54.03,68.12,48.21,313.95,3.58,0.04,1.92,5.37,10.23,-13.33,3.8,3.7,4.47,0.07,2.39,5.74,47.27,10.3,7322000000.0
3423,SE Corporation,Industrials,80.05,4.53,,,4.82,11.0,12.05,-19.86,9.29,14.32,21.3,26.42,-7.97,20.68,56.36,2.36,3.28,5.15,5.25,-1.88,-2.22,4.02,-2.77,-4.09,3.09,5.54,5.31,68.12,26.78,5106762000.0
3426,"Atom Livin Tech Co., Ltd.",Industrials,51.79,2.54,13.32,,6.88,2.71,7.72,,5.77,10.44,5.02,10.53,,8.66,35.63,,,3.28,3.59,,,-2.43,,,,2.33,,,26.38,5114608000.0
3431,"Miyaji Engineering Group,Inc.",Industrials,403.32,4.85,12.52,,16.17,-13.16,17.06,-1.86,6.69,27.13,-6.58,21.92,1.23,14.16,-12.5,7.99,12.25,11.4,8.51,-24.18,7.73,15.07,7.32,10.27,13.05,13.62,10.36,99.39,17.39,12370000000.0
3433,"TOCALO Co.,Ltd.",Industrials,1734.7,3.32,17.25,,-1.25,2.02,1.72,2.99,0.83,4.47,5.23,4.54,5.7,4.75,83.84,24.12,22.63,19.69,21.94,7.85,16.04,-2.93,14.01,17.49,13.49,10.91,13.3,85.78,38.6,14735000000.0
3434,ALPHA Corporation,Consumer Cyclical,120.04,4.81,8.67,,-8.67,16.86,28.11,-0.5,12.1,30.54,49.08,59.24,24.25,46.29,82.2,1.16,1.24,3.27,0.96,-1.1,-1.39,18.55,1.02,1.24,1.82,3.62,0.68,65.57,14.72,10060000000.0
3435,"Sanko Techno Co., Ltd.",Industrials,121.88,2.99,7.65,,4.51,3.87,8.7,-2.54,5.69,11.38,12.1,11.75,2.53,11.74,51.45,8.24,6.03,9.78,9.6,2.4,0.51,2.61,5.46,6.82,4.2,7.62,8.45,85.26,31.61,4798694000.0
3436,Sumco Corporation,Technology,10901.16,0.64,63.32,,-1.01,-16.29,-14.73,4.95,-10.68,9.18,6.39,8.84,16.46,8.14,244.25,0.33,9.31,17.16,24.87,3.29,-6.88,-3.43,0.37,0.41,2.87,7.16,11.95,63.57,13.3,75296000000.0
3437,"Tokuden Co., Ltd.",Industrials,42.92,3.75,9.39,,4.22,-11.04,-13.42,-35.04,-6.75,12.46,-2.52,7.19,1.98,5.71,4.6,5.35,6.03,5.17,8.34,3.57,9.93,-1.15,4.68,6.03,5.45,4.73,8.05,82.75,25.85,2128639000.0
3439,Mitsuchi Corporation,Consumer Cyclical,31.66,2.95,14.84,,35.83,-2.41,13.94,,15.79,41.84,22.12,26.59,,30.18,57.61,,,3.55,-0.25,,,4.72,,,,2.29,,79.62,17.18,4508545000.0
343A,IACE TRAVEL Corporation.,Consumer Cyclical,62.7,2.88,11.8,,7.25,6.54,-0.18,-17.66,4.54,7.25,6.54,-0.18,-17.66,4.54,0.0,25.01,22.54,17.57,7.45,11.92,11.26,46.4,12.33,19.15,10.59,10.81,4.5,82.69,77.18,1528279000.0
3440,"NISSO GROUP Co.,Ltd.",Industrials,56.18,4.8,13.95,,40.6,-14.04,4.47,-32.2,10.34,51.97,-3.31,11.89,-9.24,20.18,-79.97,6.03,7.23,2.49,4.86,30.2,41.0,70.16,3.74,5.68,5.33,1.35,1.18,41.09,24.41,7752000000.0
3441,"SANNO Co., Ltd.",Industrials,76.44,4.94,6.48,,10.44,2.97,-4.16,,3.08,13.8,15.51,1.9,,10.4,141.56,,2.65,2.15,5.31,,-7.96,1.16,,,2.02,1.37,,69.11,18.77,3901078000.0
3443,"Kawada Technologies, Inc.",Industrials,710.3,2.99,8.4,,16.91,9.32,14.73,-16.27,13.65,21.34,13.85,18.75,-13.62,17.98,24.97,7.47,7.29,6.76,4.26,-13.45,2.93,9.35,5.78,6.8,7.45,6.01,3.43,85.44,18.56,17563000000.0
3444,"Kikuchi Seisakusho Co., Ltd.",Industrials,128.52,0.89,124.74,,3.2,-5.9,-5.8,-6.39,-2.83,3.93,-5.17,-3.84,-5.12,-1.69,-15.56,-4.07,-9.54,-12.46,-12.39,11.68,4.73,2.23,-1.27,-2.16,1.86,-12.11,-10.71,93.29,19.96,2641009000.0
3445,"RS Technologies Co., Ltd.",Technology,1627.7,0.92,16.89,,4.4,2.58,5.14,6.1,4.04,9.11,8.07,8.51,9.41,8.56,53.14,18.62,22.14,22.92,26.11,29.57,14.08,4.07,10.52,252.4,12.72,14.65,19.77,93.29,30.75,96771000000.0
3446,JTEC Corporation,Healthcare,93.0,0.0,157.97,,-0.86,1.38,1.84,,0.79,0.67,2.26,3.06,,2.0,102.04,,14.22,16.07,-6.19,,5.34,65.8,,,6.51,6.96,,87.16,63.47,610230000.0
3447,"Shinwa Co., Ltd.",Industrials,137.49,3.52,8.03,,8.53,-5.96,9.8,0.24,4.12,16.87,6.17,14.35,4.99,12.46,92.59,12.36,9.27,5.52,10.18,15.06,38.05,-14.08,6.68,7.52,4.0,2.35,5.22,61.09,26.98,3089717000.0
3449,Technoflex Corporation,Industrials,807.84,1.48,19.43,,5.16,-0.63,-1.23,-0.2,1.1,6.46,3.52,2.37,2.23,4.12,96.68,15.06,9.97,6.98,12.41,18.07,3.76,-4.2,8.3,11.24,4.65,3.44,8.6,81.67,34.18,8454410000.0
3452,B-Lot Company Limited,Real Estate,272.74,5.5,5.79,,-37.71,21.3,17.89,-15.01,0.49,-34.65,22.55,18.38,-14.85,2.09,-0.2,20.06,20.5,23.39,14.63,22.13,31.57,18.08,5.11,6.19,8.23,7.35,3.74,22.96,33.84,16729000000.0
3454,"First Brothers Co.,Ltd.",Financial Services,178.67,2.92,4.51,,21.46,-7.31,6.92,-39.93,7.02,41.53,19.59,17.97,-25.6,26.36,82.39,27.78,16.83,20.04,12.71,13.03,-24.26,55.9,3.42,3.76,2.27,3.66,1.97,34.29,41.09,7393984000.0
3457,"&Do Holdings Co.,Ltd.",Real Estate,182.11,5.03,12.54,,35.11,36.18,-102.0,-44.71,-10.24,41.3,40.85,-69.81,65.8,4.11,-6.56,4.05,5.31,6.41,6.94,-4.21,36.38,19.71,2.53,2.9,3.34,2.77,3.27,30.05,22.46,8577000000.0
3461,"Palma Co., Ltd.",Industrials,42.89,2.53,27.87,,-10.12,1.93,-4.61,20.88,-4.27,-9.72,2.19,-4.52,21.16,-4.02,1.92,6.38,4.4,7.14,0.26,-17.73,19.4,-15.26,2.91,8.94,2.53,3.37,0.22,49.34,43.95,2238684000.0
3465,"Ki-Star Real Estate Co.,Ltd",Real Estate,1019.89,4.55,6.63,,-27.38,-1.06,-15.78,-16.68,-14.74,-26.94,-0.61,-14.98,-16.07,-14.18,-26.26,6.85,5.04,4.01,7.93,14.99,21.01,17.04,6.17,8.3,4.8,3.99,8.01,26.17,14.25,76029000000.0
3467,Agratio urban design Inc.,Real Estate,163.29,4.97,8.46,,-11.4,-27.97,-3.62,-16.67,-14.33,-11.33,-27.9,-3.6,-16.47,-14.28,-0.46,8.87,8.29,5.83,7.99,20.27,11.37,6.79,6.57,8.5,5.95,4.72,6.86,17.52,17.82,7868742000.0
3469,"Dualtap Co., Ltd.",Real Estate,38.92,1.42,74.77,,-53.74,30.49,71.59,,16.11,-21.21,30.6,71.59,,26.99,-51.01,,-4.95,3.56,0.47,,-40.04,-19.8,,,-5.95,4.75,,42.52,20.9,1030845000.0
3474,"G-Factory Co.,Ltd.",Real Estate,38.84,0.0,18.74,,-6.86,1.31,-10.24,0.46,-5.26,-0.19,6.39,2.49,13.73,2.9,-984.45,-1.11,-0.33,-0.7,4.53,1.84,13.41,18.22,-4.56,-12.69,-0.7,-3.18,4.35,61.51,47.27,1251108000.0
3475,"Good Com Asset Co., Ltd.",Real Estate,427.73,3.06,22.1,,-2.68,60.42,-77.62,8.13,-6.63,-2.58,60.46,-77.55,8.14,-6.56,-1.38,5.38,9.12,9.65,11.52,-8.66,169.28,-44.59,4.03,5.25,10.89,2.54,14.41,22.71,14.44,9743157000.0
3477,"FORLIFE Co., Ltd.",Consumer Cyclical,36.71,3.54,6.75,,-7.34,-20.25,10.64,-4.13,-5.65,-6.75,-20.06,21.56,1.28,-1.75,13.66,5.04,4.0,1.87,2.75,18.31,5.6,-0.9,6.57,10.28,4.74,2.64,3.69,44.72,12.48,3345343000.0
3479,TKP Corporation,Real Estate,683.87,0.0,5.93,,6.18,-16.17,3.39,5.17,-2.2,20.42,7.45,5.44,7.09,11.1,141.48,9.01,9.99,12.61,7.08,93.14,62.01,-27.64,5.38,8.32,4.18,9.67,9.38,41.83,42.34,45569000000.0
3480,J.S.B.Co Ltd,Real Estate,1885.79,0.0235,28.41,,-2.03,-0.59,-2.46,-0.68,-1.69,3.61,4.33,3.31,3.2,3.75,148.0,10.07,11.66,11.27,10.9,9.37,9.01,10.11,7.32,9.66,8.6,9.07,9.04,59.09,17.99,17364449000.0
3482,Loadstar Capital K.K.,Real Estate,440.19,3.77,5.53,,-6.37,-42.5,-1.79,-3.8,-16.89,-5.98,-42.38,-1.79,-3.45,-16.72,-2.31,30.06,33.26,28.72,31.92,29.67,19.83,21.53,8.94,10.42,8.85,9.21,9.85,32.49,34.61,14589000000.0
3484,"Innovation Holdings CO.,LTD.",Real Estate,203.91,2.78,15.01,,6.7,4.93,1.88,5.21,4.5,9.92,5.0,2.23,5.27,5.72,16.62,10.2,8.14,6.83,9.27,20.13,16.79,9.13,22.53,,22.75,19.71,26.52,76.76,23.29,5790921000.0
3486,Global Link Management Inc.,Real Estate,325.06,4.9,8.97,,-9.99,1.95,25.85,-25.67,5.94,-9.85,2.25,31.87,-25.5,8.09,10.24,10.74,8.89,11.12,7.78,7.41,56.29,15.66,11.42,16.96,11.29,10.74,6.1,25.16,17.92,14564395000.0
3489,"FaithNetwork Co.,Ltd",Real Estate,230.27,5.75,6.48,,-4.32,17.1,-17.5,-6.78,-1.57,-3.24,19.14,-17.35,-6.36,-0.48,-7.8,17.11,15.11,9.38,12.01,10.03,34.25,6.28,12.86,18.37,12.08,6.31,10.49,31.57,26.9,9144254000.0
3490,"Azplanning Co.,Ltd.",Real Estate,45.76,0.99,14.03,,-5.49,-44.06,-5.6,-79.65,-18.38,-5.47,-44.02,-4.69,-75.25,-18.06,-6.59,5.72,7.84,5.77,5.28,8.95,8.03,22.74,3.59,5.77,4.98,4.93,7.15,25.83,14.9,5116402000.0
3491,"GA technologies Co., Ltd.",Communication Services,519.72,0.97,14.08,,26.36,3.17,9.89,2.17,13.14,30.66,6.99,13.08,4.31,16.91,31.04,2.85,1.94,1.51,0.89,31.11,29.48,29.13,8.65,21.7,4.64,4.01,2.91,42.69,16.94,32051000000.0
3494,"Mullion Co., Ltd.",Real Estate,35.66,1.33,7.78,,23.95,13.24,-72.96,26.36,-11.92,44.73,48.86,37.82,27.19,43.8,137.43,26.89,24.18,13.63,10.49,13.14,2.44,30.02,4.61,5.37,3.49,2.56,1.43,36.57,42.38,1854111000.0
3495,"Koryojyuhan Co., Ltd.",Real Estate,62.62,2.89,7.11,,-11.46,-17.28,-27.47,-20.63,-18.74,-10.32,-11.37,-22.67,-5.11,-14.79,-28.02,9.29,9.97,9.19,9.12,14.92,7.62,7.02,5.59,6.69,5.5,5.73,6.32,56.7,35.84,2247613000.0
3496,"Azoom Co.,Ltd",Real Estate,596.41,2.58,28.67,,2.7,1.83,0.72,0.82,1.75,3.27,2.24,1.04,1.04,2.18,22.08,19.39,17.34,15.5,13.69,27.87,27.41,28.93,27.15,161.11,33.38,32.98,31.91,98.84,42.27,5737103000.0
3498,"Kasumigaseki Capital Co.,Ltd.",Industrials,1852.68,2.21,12.45,,0.13,-5.72,-4.43,-6.42,-3.34,3.72,-4.56,-4.17,-6.31,-1.67,21.6,19.62,13.0,11.92,10.31,46.91,76.18,79.41,12.2,15.93,8.36,7.08,5.24,43.34,37.76,24016000000.0
3501,"SUMINOE Co., Ltd.",Consumer Cyclical,158.93,3.52,5.15,,22.12,-4.93,23.78,-7.76,13.66,31.45,14.36,46.88,11.34,30.9,71.08,2.21,2.87,3.2,1.37,2.71,1.27,9.12,0.77,0.94,2.77,3.8,1.41,65.08,20.72,8990000000.0
350A,DIGITAL GRID Corporation,Utilities,286.05,0.0,15.42,,0.67,-4.7,0.4,,-1.21,1.12,-4.64,0.41,,-1.04,14.13,,44.57,44.02,25.9,,75.07,107.84,,,26.76,28.12,,53.13,81.44,4648319000.0
3512,"Nippon Felt Co., Ltd.",Industrials,174.82,2.63,32.96,,-0.77,1.07,0.62,2.85,0.31,3.96,6.09,3.5,6.08,4.52,94.69,4.71,2.06,4.65,7.93,-3.1,-3.8,-3.05,1.4,1.62,0.72,1.7,3.08,96.74,30.43,3208400000.0
3513,"Ichikawa Co., Ltd.",Basic Materials,159.46,2.55,13.45,,1.77,2.05,8.96,9.37,4.26,11.68,8.79,12.49,10.84,10.99,63.27,10.61,7.69,8.2,6.0,6.05,2.53,1.94,4.55,6.05,3.01,4.39,3.13,96.64,45.45,6162000000.0
3521,"Thermae-Yu Holdings Co., Ltd.",Real Estate,41.52,3.16,25.95,,8.56,11.29,8.78,-29.46,9.54,10.76,13.56,12.17,-0.61,12.16,21.68,11.38,17.24,9.96,-0.03,36.04,4.64,34.48,3.21,4.23,3.48,1.79,-0.0,93.21,21.85,1300584000.0
3524,"Nitto Seimo Co., Ltd.",Consumer Cyclical,38.43,3.37,5.64,,-35.12,9.58,-19.14,-13.84,-14.89,-2.52,25.85,3.64,28.35,8.99,-201.42,2.51,3.15,2.06,1.43,2.33,3.35,8.29,1.53,1.62,1.8,1.23,0.77,31.51,18.38,1396674000.0
3529,"Atsugi Co., Ltd.",Consumer Cyclical,162.38,0.0,,,-11.37,-16.29,-21.54,-19.74,-16.4,-2.39,2.56,-8.28,-8.35,-2.7,67.13,-4.75,-4.26,-2.01,-10.39,-1.88,3.16,3.44,-3.29,-3.71,-2.84,-0.87,-6.84,98.52,31.07,3633000000.0
352A,"LOIVE Co.,Ltd.",Consumer Cyclical,69.13,0.0,53.72,,-4.35,1.51,4.35,,0.5,16.32,12.45,7.65,,12.14,85.86,11.83,11.7,8.43,,36.58,28.48,,10.96,15.73,18.29,8.98,,33.69,38.88,1520434000.0
3536,"Axas Holdings Co.,Ltd.",Consumer Defensive,38.21,1.57,12.68,,-55.21,9.69,26.04,-49.35,-6.49,-31.24,19.62,33.12,-10.49,7.17,-1.57,1.36,0.12,1.66,3.92,3.55,5.91,-2.32,0.76,0.81,0.06,0.08,2.29,16.1,25.19,800867000.0
3537,"Shoei Yakuhin Co.,Ltd.",Basic Materials,62.36,2.25,11.17,,1.63,-2.88,13.11,10.18,3.95,1.66,-2.75,13.12,10.34,4.01,-0.79,1.87,2.24,1.95,1.99,7.63,10.7,-7.88,4.05,4.78,4.09,3.8,4.38,98.27,8.04,1452563000.0
3538,WILLPLUS Holdings Corporation,Consumer Cyclical,94.58,5.17,8.53,,-17.19,21.82,-27.71,18.14,-7.69,-13.78,26.49,-23.96,20.2,-3.75,-7.58,2.09,3.14,4.23,5.96,85.6,8.23,11.13,5.41,7.74,4.43,7.7,11.49,37.43,14.03,8245586000.0
3539,"JM Holdings Co.,Ltd.",Consumer Defensive,738.89,1.81,14.9,,9.28,-0.26,1.25,,3.42,13.07,5.71,7.01,,8.6,71.91,,5.31,4.68,4.74,,11.31,9.92,,,12.11,10.74,,86.49,28.04,22405000000.0
3542,"Vega Corporation Co.,Ltd.",Consumer Cyclical,165.97,1.15,18.57,,1.92,2.42,0.64,11.07,1.66,5.48,4.31,1.59,12.31,3.79,56.22,7.46,5.81,4.8,1.99,13.77,-0.8,-5.36,12.58,17.06,9.81,8.04,3.14,70.24,52.88,1901610000.0
3543,エラー,,,,,,,,,,,,,,,,,,,,,,,,,,,,,,,
3544,"Satudora Holdings Co.,Ltd.",Healthcare,171.7,1.48,39.53,,-1.99,4.49,10.8,-22.94,4.43,13.5,15.13,20.63,-10.3,16.42,77.55,1.45,1.67,1.45,0.34,0.4,4.87,9.19,3.07,3.27,4.19,2.95,0.65,43.05,25.96,1483000000.0
3547,Unisia Holdings Co.,Consumer Cyclical,211.33,0.78,40.2,,5.57,-1.84,1.62,9.71,1.78,9.51,3.38,4.07,12.3,5.65,85.35,5.62,5.03,5.43,-1.55,25.07,19.84,28.88,16.05,36.57,9.63,9.42,-2.09,37.6,58.23,3351793000.0
3548,Baroque Japan Limited,Consumer Cyclical,240.63,5.71,65.46,,-1.75,2.26,-5.17,3.36,-1.55,3.4,9.15,6.49,8.48,6.35,135.48,0.62,1.4,3.24,3.66,-11.48,-3.5,2.46,1.33,2.65,4.2,4.85,3.46,62.63,60.05,11319000000.0
3549,"Kusuri No Aoki Holdings Co., Ltd.",Healthcare,3749.14,1.61,22.47,,0.74,-0.01,1.75,2.6,0.83,9.95,5.91,7.17,8.33,7.68,89.42,4.78,5.3,4.25,4.04,13.04,14.79,15.31,6.81,8.6,7.81,5.63,6.29,48.5,26.37,58931000000.0
3550,"STUDIO ATAO Co., Ltd.",Consumer Cyclical,29.92,2.33,19.74,,9.24,11.52,18.76,-14.23,13.17,9.54,11.9,19.24,-8.01,13.56,2.98,5.8,4.94,3.82,-6.94,11.64,14.03,-12.61,5.77,19.49,2.91,1.79,-6.98,73.7,68.15,1821493000.0
3551,Dynic Corporation,Industrials,124.57,2.93,5.14,,6.11,0.94,15.27,-6.36,7.44,19.79,10.15,24.31,4.61,18.08,65.69,5.21,4.85,2.94,1.82,0.35,4.68,1.32,4.06,4.43,3.18,1.73,1.02,61.16,20.25,3991456000.0
3553,"Kyowa Leather Cloth Co., Ltd.",Basic Materials,220.91,5.6,33.75,,-19.2,-11.72,19.59,-0.37,-3.78,3.62,6.01,32.16,13.4,13.93,321.64,1.66,3.8,4.94,0.53,-1.03,8.38,13.64,1.53,1.95,4.26,5.47,0.57,97.01,16.49,8139000000.0
3556,"RenetJapanGroup,Inc.",Consumer Cyclical,118.84,0.0,16.43,,-2.14,2.81,-8.86,-1.9,-2.73,0.98,5.5,-5.99,-0.14,0.16,106.3,2.89,-10.82,0.67,5.83,-10.83,5.62,28.74,9.15,11.68,-37.48,1.97,5.88,19.3,75.21,817772000.0
3557,"United & Collective Co., Ltd.",Consumer Cyclical,25.02,0.0,,,-7.11,-4.62,2.68,-11.88,-3.02,7.97,4.89,6.39,-6.88,6.42,147.3,-0.25,1.78,0.86,-20.31,-0.48,5.24,15.3,-0.69,-1.34,3.34,1.36,-34.62,17.59,74.15,1518867000.0
3558,"JADE GROUP,Inc",Consumer Cyclical,196.32,1.6,12.5,,7.25,13.76,3.41,6.36,8.14,8.98,14.97,4.15,6.93,9.37,15.07,12.36,7.98,12.62,9.47,1.09,43.99,27.63,19.23,30.46,14.92,13.37,20.42,95.27,77.95,2934837000.0
3559,p-ban.com Corp.,Technology,21.35,2.17,20.1,,6.12,5.88,5.48,3.98,5.83,8.92,6.77,6.97,4.91,7.55,21.97,8.24,7.21,6.59,9.08,6.02,8.18,0.04,8.9,56.16,8.26,7.35,7.7,,37.77,1214954000.0
3560,"Hobonichi Co., Ltd.",Consumer Cyclical,120.71,1.73,13.03,,-1.81,0.17,-0.31,0.42,-0.65,1.31,3.33,1.35,1.67,2.0,152.06,7.11,7.27,8.65,4.66,15.17,10.51,15.41,8.67,10.24,8.88,9.88,5.03,,57.04,755176000.0
3561,"Chikaranomoto Holdings Co., Ltd.",Consumer Cyclical,450.98,1.6,24.67,,2.96,3.98,6.08,4.4,4.34,6.16,6.84,8.72,6.33,7.24,41.33,6.41,8.22,10.37,8.74,6.13,7.52,21.68,11.37,24.48,14.2,19.66,15.25,85.25,69.5,7588990000.0
3562,"No.1 Co.,Ltd",Industrials,104.37,4.98,15.25,,4.13,11.24,3.6,8.64,6.32,7.92,13.86,5.42,10.95,9.07,33.44,7.59,7.31,9.13,8.64,23.37,5.63,1.08,7.46,11.12,9.71,14.39,14.52,39.5,50.25,3199495000.0
3563,Food & Life Companies Ltd.,Consumer Cyclical,11181.66,0.41,39.12,,3.18,2.29,1.04,1.62,2.17,5.04,3.79,2.64,2.83,3.82,45.67,8.4,6.48,3.65,3.6,18.95,19.68,7.27,14.74,22.12,10.35,5.81,3.07,36.2,57.03,59512000000.0
3565,Ascentech K.K.,Technology,218.53,2.93,10.7,,29.83,16.44,3.78,1.81,16.68,30.26,16.64,3.91,1.95,16.94,2.0,16.46,5.95,9.75,9.56,18.28,134.28,-1.41,31.87,,14.74,13.44,16.28,,23.54,12576706000.0
3566,"Uniform Next Co., Ltd.",Consumer Cyclical,73.21,0.83,14.14,,-2.43,9.77,-8.59,5.31,-0.42,-1.34,9.96,1.85,5.58,3.49,161.95,7.65,5.33,6.68,6.35,17.43,12.62,17.69,12.18,26.26,8.25,11.24,9.86,94.06,36.86,2232945000.0
3569,"Seiren Co.,Ltd.",Consumer Cyclical,1946.29,2.31,12.75,,3.77,7.58,4.72,2.36,5.36,9.13,10.55,6.93,6.65,8.87,39.59,12.13,11.19,9.91,9.69,7.59,12.5,7.22,8.35,11.1,8.4,7.31,7.26,94.91,27.44,43338000000.0
3571,"Sotoh Co., Ltd.",Consumer Cyclical,88.11,6.92,17.54,,-5.59,-14.95,-1.78,-24.42,-7.44,11.74,5.41,6.41,-9.01,7.85,217.28,-2.14,-1.46,3.19,-5.57,6.69,-6.22,8.99,-1.04,-1.13,-1.29,2.21,-5.34,95.89,11.19,1259474000.0
3577,Tokai Senko K.K.,Consumer Cyclical,29.07,2.71,14.44,,8.39,21.7,10.49,-3.47,13.53,19.17,27.83,18.27,6.51,21.76,40.29,1.19,2.93,0.33,0.4,-3.93,8.57,1.21,1.18,1.7,3.2,0.25,0.04,83.52,13.38,2999932000.0
3580,"KOMATSU MATERE Co.,Ltd.",Consumer Cyclical,286.19,3.69,19.81,,6.15,16.75,10.88,6.35,11.26,6.15,16.75,10.88,6.35,11.26,0.0,6.02,5.52,5.06,4.53,5.15,7.79,3.48,3.81,5.19,4.26,3.62,3.39,,22.58,10525000000.0
3583,AuBEX CORPORATION,Consumer Cyclical,37.64,2.57,6.64,,-3.03,12.1,24.01,1.69,11.03,8.75,16.94,28.02,8.99,17.9,59.16,10.23,13.94,10.41,11.72,-0.34,12.05,1.35,6.37,9.12,7.31,5.07,5.37,82.19,33.39,2627404000.0
3591,Wacoal Holdings Corp.,Consumer Cyclical,1961.66,2.53,15.16,,2.22,0.56,4.03,1.17,2.27,4.33,2.53,5.76,3.74,4.21,52.21,11.59,1.89,-5.08,-1.85,-1.37,-7.11,-0.73,5.9,7.45,1.97,-4.54,-3.66,89.86,57.27,46231000000.0
3597,"JICHODO Co.,Ltd.",Consumer Cyclical,259.08,5.53,18.15,,14.66,1.06,12.57,,9.43,14.74,1.21,13.98,,9.98,7.55,,15.48,17.41,13.04,,-4.95,4.47,,,4.85,6.04,,,33.31,11012240000.0
3598,"Yamaki Co.,Ltd.",Consumer Cyclical,23.53,1.74,,,-24.67,-9.53,26.02,-0.99,-2.73,-20.86,-7.22,29.56,1.33,0.49,-12.74,-3.13,0.45,1.93,-0.89,-8.06,-5.89,0.44,-4.35,-5.56,0.44,3.58,-1.08,44.31,27.42,1663712000.0
3600,FUJIX Ltd.,Consumer Cyclical,24.36,2.86,,,0.64,2.08,-1.37,-2.92,0.45,2.78,5.95,4.56,3.59,4.43,90.7,-4.06,-3.47,-2.0,-3.63,-3.04,-2.74,1.11,-2.78,-3.71,-2.51,-0.99,-2.35,,22.62,2482013000.0
3607,"Kuraudia Holdings Co.,Ltd.",Consumer Cyclical,33.53,2.7,5.49,,9.1,1.58,9.58,25.62,6.75,25.63,15.69,22.69,29.5,21.34,70.74,2.96,2.58,4.8,1.09,2.81,14.73,21.18,3.1,3.85,1.58,6.22,1.02,48.8,77.83,1894385000.0
3608,"TSI Holdings Co.,Ltd.",Consumer Cyclical,709.85,5.66,20.6,,-17.78,3.74,-5.03,-3.42,-6.36,-10.87,8.05,-0.74,1.87,-1.19,-196.73,2.59,1.04,1.13,1.51,6.69,0.79,0.6,1.7,2.12,0.95,1.93,2.31,65.79,54.74,28478000000.0
3611,Matsuoka Corporation,Consumer Cyclical,252.59,4.8,8.72,,12.03,2.21,11.44,-27.0,8.56,24.03,10.78,21.4,-2.0,18.74,58.68,2.93,0.61,1.32,0.11,5.2,17.29,-4.14,2.65,4.4,0.49,0.86,0.08,73.43,11.79,21600000000.0
3612,"World Co., Ltd.",Consumer Cyclical,1225.31,4.18,9.38,,22.69,18.58,11.65,,17.64,26.11,20.72,14.14,,20.32,13.68,6.63,7.55,5.43,1.15,25.86,5.33,25.04,8.96,9.99,8.0,4.46,0.14,43.4,49.18,18166000000.0
3622,Netyear Group Corporation,Communication Services,34.99,1.4,20.12,,3.03,1.99,2.01,4.28,2.34,3.07,2.12,2.33,4.38,2.51,7.04,9.04,2.45,3.99,7.17,8.72,-6.96,-7.37,8.26,43.59,15.29,3.93,7.57,88.53,24.18,2247860000.0
3623,Billing System Corporation,Technology,79.48,2.58,15.5,,52.39,54.19,75.46,-14.35,60.68,52.86,54.81,77.14,-14.14,61.6,1.4,14.24,14.84,12.32,14.02,7.79,11.52,10.13,14.87,,15.11,12.75,14.89,,35.65,27819879000.0
3624,Axel Mark Inc.,Communication Services,58.13,0.0,,,-8.45,-5.84,-4.74,1.61,-6.34,-8.03,-4.95,-2.97,1.61,-5.32,-27.44,-53.44,-19.28,-4.61,0.49,-38.55,-26.13,-19.72,-43.85,-197.63,-37.17,-8.24,1.05,,10.76,919150000.0
3625,Techfirm Holdings Inc.,Technology,51.16,2.35,10.39,,-0.45,5.12,1.37,,2.01,-0.13,5.14,1.47,,2.16,-77.05,,4.72,3.0,-4.3,,-12.09,4.55,,,4.48,4.58,,74.0,30.67,2739088000.0
3626,TISI Inc.,Technology,8424.61,2.25,19.58,,6.34,4.55,5.18,2.76,5.36,9.67,7.57,7.43,3.99,8.22,34.84,12.78,12.08,11.76,12.26,4.34,4.13,7.99,14.94,20.5,12.74,13.39,14.31,82.92,28.22,97464000000.0
3627,Tecmira Holdings Inc.,Technology,32.23,2.28,6.63,,-13.33,24.22,-19.59,-36.71,-2.9,10.99,42.5,1.88,-21.72,18.46,468.22,0.71,0.82,-1.41,2.09,-6.81,27.8,0.89,-0.76,-1.12,1.93,-1.32,2.36,68.17,36.65,2883045000.0
3628,"Data Horizon Co.,Ltd.",Healthcare,92.9,0.0,34.63,,-11.15,-7.31,-9.94,-11.19,-9.47,-2.36,1.29,-2.14,-4.77,-1.07,-24.18,0.45,-15.77,-11.3,-10.56,2.68,13.53,47.49,0.37,0.46,-14.27,-8.53,-17.82,5.03,36.51,1016318000.0
3632,"GREE Holdings, Inc.",Communication Services,726.73,5.21,17.83,,0.92,4.63,5.73,16.33,3.76,0.93,4.82,6.32,18.19,4.02,4.73,8.51,9.76,16.57,15.35,-6.85,-18.73,0.71,1.28,3.09,3.41,8.44,8.06,85.29,51.14,69606000000.0
3633,"GMO Pepabo, Inc.",Technology,133.3,14.44,8.59,,9.49,6.76,10.34,-5.32,8.86,10.82,9.08,13.35,-1.6,11.08,20.12,8.51,7.59,-3.13,6.95,0.33,0.18,3.54,19.65,59.13,16.94,-19.99,11.89,89.19,54.42,2202557000.0
3634,Sockets Inc.,Technology,14.63,0.99,16.95,,5.69,-11.06,-1.07,-3.8,-2.15,8.31,-10.37,-1.02,-3.06,-1.03,6.33,4.95,-7.37,-7.78,-3.03,1.95,2.07,2.43,11.63,366.09,-13.94,-11.49,-4.05,67.34,49.95,600191000.0
3635,"Koei Tecmo Holdings Co., Ltd.",Communication Services,5585.11,2.84,12.69,,1.6,5.87,6.23,5.16,4.57,5.91,6.15,6.55,5.32,6.2,27.5,42.05,38.63,33.69,49.9,6.31,-1.7,7.86,10.25,17.75,12.76,9.57,15.94,96.55,64.55,115157000000.0
3636,"Mitsubishi Research Institute, Inc.",Technology,782.45,3.45,7.84,,0.03,12.03,0.28,7.76,4.11,8.21,17.3,7.28,11.83,10.93,75.41,6.6,6.12,7.11,7.86,5.28,-5.54,4.72,7.75,13.25,7.18,9.72,10.15,98.88,23.66,30310000000.0
3639,Voltage Incorporation,Communication Services,15.24,0.0,,,-27.43,4.66,-11.88,,-11.55,-25.55,7.35,-8.24,,-8.81,-5.02,,-2.73,-1.99,-6.73,,-18.81,-21.05,,,-1.74,-3.98,,95.91,46.58,1382154000.0
3640,"Densan Co., Ltd.",Technology,155.56,3.54,3.53,,24.62,14.55,2.89,6.78,14.02,27.71,19.07,10.38,9.41,19.05,35.68,22.5,13.43,8.08,14.06,49.34,17.32,-10.28,25.61,36.05,12.15,6.59,13.57,94.25,37.84,5058994000.0
3641,"Papyless Co., Ltd.",Communication Services,77.11,1.0,,,5.42,-7.47,8.91,-7.96,2.29,5.46,-7.43,8.96,-7.95,2.33,0.26,0.87,-1.96,1.48,2.28,-6.52,-8.19,-7.79,-0.35,,-2.74,0.86,5.54,,46.39,10779000000.0
3645,"Medical Net, Inc.",Communication Services,23.95,1.17,17.32,,3.74,-8.87,3.62,17.06,-0.5,4.13,-3.38,4.99,17.92,1.91,-41.95,2.85,1.63,5.68,8.44,10.76,15.72,16.69,3.53,8.26,-4.97,1.75,6.09,59.23,29.66,1956379000.0
3646,"Ekitan & Co., Ltd.",Communication Services,17.03,2.23,,,-4.42,2.66,1.2,-10.8,-0.19,1.46,8.97,8.34,3.71,6.26,186.38,-0.56,3.34,0.58,3.28,-14.48,-13.34,25.96,-1.3,-5.23,2.24,1.0,2.96,85.92,31.3,1072073000.0
3647,"ASULINA Co.,Ltd.",Utilities,24.79,0.0,,,11.16,-2.75,-39.51,2.57,-10.37,11.38,-2.74,-33.91,2.6,-8.42,-5.07,-49.4,-257.33,-21.53,1.97,134.07,-78.17,-38.37,-41.51,-178.86,-63.03,-16.03,1.75,95.86,4.65,556873000.0
3648,AGS Corporation,Technology,178.5,3.37,9.26,,9.24,1.14,9.5,6.1,6.63,12.6,4.16,14.03,9.59,10.26,43.87,8.56,7.44,5.76,4.15,15.12,12.54,4.87,10.38,16.41,8.26,5.29,3.71,93.09,25.49,6374716000.0
3649,FINDEX Inc.,Healthcare,216.65,3.03,19.22,,6.26,7.37,2.58,1.76,5.4,7.63,8.76,3.89,3.2,6.76,22.49,29.3,26.11,28.83,22.65,4.6,12.51,14.32,23.57,34.1,20.48,21.53,17.39,,65.22,1678886000.0
3652,Digital Media Professionals Inc.,Technology,96.56,0.0,37.38,,-7.48,-0.76,6.56,-0.76,-0.56,-6.71,0.97,6.85,-0.39,0.37,57.28,-12.79,8.5,10.89,1.17,-20.96,2.04,29.88,-9.65,-21.45,4.96,9.52,0.68,,37.41,1797634000.0
3653,"Morpho, Inc.",Technology,57.41,0.0,,,-3.94,1.14,-6.36,-8.32,-3.05,0.24,3.61,-4.66,-7.24,-0.27,580.01,1.36,7.79,-10.25,-29.46,1.78,38.5,19.35,-1.33,-4.39,7.16,-9.02,-19.18,,54.88,2525433000.0
3656,KLab Inc.,Communication Services,151.33,0.0,11.49,,-16.36,-13.68,-28.79,-18.75,-19.61,-11.9,-0.91,-10.14,-1.24,-7.65,-539.76,-19.02,-16.16,-11.37,-3.54,-17.46,-22.49,-36.51,-12.77,-25.3,-13.7,-8.97,-4.6,,12.11,5214034000.0
3657,"Pole To Win Holdings, Inc.",Technology,131.54,4.27,21.88,,-3.27,-2.33,-10.82,6.08,-5.47,2.93,6.99,6.45,14.6,5.46,204.23,-0.49,1.51,0.95,6.82,-6.49,11.77,17.02,-1.35,-2.39,-12.15,4.19,5.04,52.46,22.91,6986036000.0
3659,"NEXON Co., Ltd.",Communication Services,24269.82,1.91,18.23,,3.84,5.07,5.12,3.78,4.68,4.16,5.3,5.36,4.36,4.94,5.53,26.1,27.83,31.83,29.32,6.47,5.4,19.69,7.14,14.0,8.15,8.21,8.37,95.65,59.36,543863000000.0
365A,"Izawa Towel Co.,Ltd.",Consumer Cyclical,71.89,5.28,11.1,,4.21,8.9,19.76,,10.96,4.43,8.96,19.79,,11.06,1.91,5.65,6.49,9.76,,4.66,-1.14,,5.15,6.11,5.25,8.07,,55.37,21.87,1126354000.0
3660,istyle Inc.,Consumer Cyclical,469.82,0.8,16.01,,1.22,3.33,3.57,0.15,2.71,6.68,7.1,6.26,2.72,6.68,59.3,4.6,3.46,1.91,-1.32,22.61,30.76,24.68,9.47,14.25,7.48,3.42,-1.97,79.37,43.09,8188000000.0
3661,"m-up holdings, Inc.",Communication Services,560.31,2.96,19.13,,12.46,9.13,5.02,1.46,8.87,12.53,9.78,5.34,2.6,9.22,4.41,15.77,15.77,15.21,13.01,23.01,38.81,16.55,35.87,,31.55,27.93,20.9,,27.96,16383000000.0
3662,"Ateam Holdings Co., Ltd.",Communication Services,173.59,3.01,53.43,,,4.31,3.47,-2.93,3.89,,4.65,3.78,-1.74,4.22,7.83,,85.17,1.97,-0.94,,-13.19,-13.33,,,173.67,1.83,,83.95,84.54,8050000000.0
3663,"CELSYS, Inc.",Technology,547.69,2.26,23.85,,3.09,5.49,2.75,0.92,3.78,4.78,6.82,4.28,2.83,5.29,30.18,31.33,39.88,16.72,19.43,32.6,-11.72,7.26,55.38,968.87,28.16,26.06,12.11,,61.26,4086301000.0
3664,Wize Inc.,Communication Services,25.39,0.0,,,-14.77,-8.98,-9.44,-19.44,-11.06,-13.59,-7.58,-8.07,-17.71,-9.75,-14.69,-11.67,-5.13,-12.7,-9.89,-8.56,-8.93,-6.01,-12.97,-24.15,-11.1,-25.02,-16.94,52.79,59.94,1177813000.0
3665,Enigmo Inc.,Consumer Cyclical,155.51,2.43,69.74,,0.3,1.46,10.81,-2.27,4.19,1.35,1.74,10.98,-2.08,4.69,31.78,0.75,12.48,16.11,16.55,6.19,-4.43,-9.68,0.2,0.79,3.82,6.9,8.03,99.37,71.89,8790447000.0
3667,"enish,inc.",Communication Services,15.24,0.0,,,-57.53,-63.56,-88.36,-13.94,-69.82,-57.32,-63.45,-87.87,-13.54,-69.55,-0.36,-39.48,-24.59,-34.37,-8.13,-34.58,-5.46,-14.81,-78.33,-833.36,-68.78,-95.91,-20.15,83.97,-14.91,994375000.0
3668,"COLOPL, Inc.",Communication Services,581.13,4.41,171.86,,4.35,0.14,1.77,4.42,2.09,4.55,0.41,1.99,6.26,2.32,26.93,3.86,-4.65,8.6,13.24,-0.16,-15.68,-5.33,-1.27,-8.56,-2.55,1.98,2.37,99.97,30.8,58993000000.0
366A,Wellness Communications Corporation,Healthcare,148.81,3.4,17.54,,5.82,9.52,0.87,3.72,5.4,7.39,11.33,3.73,6.4,7.48,37.95,8.03,7.89,7.29,7.67,5.13,5.96,23.43,11.51,41.51,22.58,23.84,23.98,80.42,21.04,5260149000.0
3670,Kyoritsu Computer & Communication Co Ltd,Technology,20.17,4.19,7.06,,24.91,9.03,30.27,-10.56,21.4,25.88,10.95,31.97,-9.52,22.93,8.87,9.24,6.67,5.18,3.32,14.84,-18.16,11.41,13.3,52.06,9.74,10.09,5.86,,41.35,1764154000.0
3671,"Softmax Co., Ltd",Healthcare,73.59,3.26,14.2,,4.88,8.46,2.81,2.23,5.38,5.29,9.02,3.16,2.44,5.82,8.29,10.69,12.2,11.05,10.84,27.62,3.2,4.17,8.35,16.26,9.21,9.24,9.01,61.77,26.9,3117358000.0
3672,AltPlus Inc.,Communication Services,25.16,0.0,,,-22.87,-16.35,-17.53,-29.07,-18.92,-22.78,-16.33,-17.37,-28.25,-18.83,-0.49,-16.13,-12.88,-12.29,-13.35,-17.6,-19.86,-26.92,-45.46,-314.15,-59.12,-60.37,-77.48,,6.01,863507000.0
3673,"Broadleaf Co., Ltd.",Technology,864.26,1.64,48.13,,2.83,2.28,-0.81,-1.63,1.43,7.98,7.56,3.96,1.86,6.5,84.92,9.91,3.74,-12.36,-20.94,15.35,17.29,11.22,4.71,5.49,1.4,-5.08,-8.15,83.23,64.95,4124331000.0
3674,"Aucfan Co., Ltd.",Communication Services,35.67,0.0,,,-0.22,22.15,-7.96,21.53,4.66,5.69,28.13,3.08,30.25,12.3,161.1,-4.32,7.36,5.91,5.15,-3.79,-5.94,-17.75,-6.71,-49.2,3.0,-0.06,0.75,76.13,46.64,4657574000.0
3675,Cross Marketing Group Inc.,Communication Services,111.99,2.67,14.56,,15.28,11.84,11.13,14.57,12.75,17.47,14.03,16.04,17.42,15.85,19.58,8.73,7.04,7.77,10.13,10.36,4.34,0.78,11.96,31.83,9.45,10.72,20.73,58.15,38.32,7634108000.0
3676,"DIGITAL HEARTS HOLDINGS Co., Ltd.",Technology,234.14,2.58,19.8,,10.44,10.18,4.04,7.76,8.22,13.77,13.32,7.51,12.18,11.53,31.32,6.75,6.11,5.26,8.22,-2.06,2.47,6.22,11.21,21.0,6.99,2.95,9.58,63.43,25.69,7132151000.0
3678,"MEDIA DO Co., Ltd.",Communication Services,188.07,3.25,10.34,,10.13,17.93,12.61,3.0,13.56,13.05,20.9,16.86,10.19,16.94,20.58,2.26,2.43,2.2,2.35,6.5,8.38,-7.51,8.31,23.35,8.39,-8.44,6.61,55.9,9.05,14014000000.0
3679,"ZIGExN Co., Ltd.",Communication Services,437.98,3.1,10.59,,13.75,13.64,10.69,6.84,12.69,16.74,15.62,13.03,8.78,15.13,16.14,20.24,22.23,23.21,22.34,14.82,9.47,24.27,15.66,30.44,16.62,16.41,13.69,81.04,80.54,12729000000.0
367A,"Primo Global Holdings Co., Ltd.",Consumer Cyclical,252.44,4.36,12.26,,15.31,12.98,,,14.14,16.8,14.92,,,15.86,10.97,11.19,9.02,5.8,,12.46,6.09,,6.5,7.38,4.86,4.64,,51.38,64.51,3743000000.0
3680,"Hottolink, Inc.",Technology,31.38,3.04,,,-5.5,-3.36,10.05,15.24,0.4,7.65,9.42,22.25,25.29,13.11,120.83,-50.21,-16.53,4.65,26.69,-14.45,-9.95,-40.06,-34.84,-71.79,-12.58,2.51,30.54,81.92,31.92,2431566000.0
3682,"Encourage Technologies Co., Ltd.",Technology,39.04,4.62,18.35,,13.22,2.4,12.88,-5.55,9.5,19.25,8.86,22.09,0.1,16.73,48.66,11.72,11.91,12.77,11.48,3.32,0.14,17.82,5.73,,6.16,6.34,5.32,,50.27,4053013000.0
3683,"Cyberlinks Co., Ltd.",Technology,121.22,3.24,7.64,,3.29,-0.59,-0.46,-2.24,0.75,13.04,9.5,9.53,8.63,10.69,95.29,10.18,7.91,6.92,9.22,14.28,5.64,22.89,10.27,12.35,7.59,5.56,8.25,83.39,32.52,2141000000.0
3686,DLE Inc.,Communication Services,26.07,0.0,4.08,,-27.68,-17.98,-17.88,-18.77,-21.18,-27.48,-17.76,-16.05,-16.67,-20.43,-4.45,-40.67,-24.72,-38.61,-17.05,-26.06,16.03,-15.6,-36.82,-74.1,-26.86,-23.59,-13.41,80.96,38.43,818328000.0
3687,Fixstars Corporation,Technology,717.78,0.85,41.8,,2.6,2.08,0.95,2.02,1.88,2.76,2.31,1.0,2.07,2.02,6.91,26.81,28.82,29.64,25.74,20.29,13.6,11.53,24.18,65.42,21.44,21.0,16.31,99.68,52.05,5228249000.0
368A,Kitazato Corporation,Healthcare,575.2,2.87,14.77,,6.31,4.56,7.68,3.56,6.18,6.73,6.13,7.82,3.7,6.89,11.23,53.52,56.13,58.66,54.87,6.26,2.2,7.83,18.85,54.52,20.91,24.4,24.04,,65.91,13414000000.0
3690,YRGLM Inc.,Communication Services,35.77,1.22,108.73,,11.81,6.45,11.26,5.94,9.84,16.51,10.8,15.79,12.12,14.37,32.49,5.65,4.52,8.8,11.78,35.71,0.27,8.76,33.23,99.6,2.74,7.99,9.38,43.86,52.01,1558322000.0
3691,"DIGITAL PLUS, Inc.",Communication Services,82.04,0.0,723.85,,-6.98,-1.22,-3.37,0.4,-3.86,-5.43,-0.21,-2.79,0.87,-2.81,-177.77,-5.68,-0.26,-36.05,12.55,11.29,26.0,6.66,-5.57,-11.79,-0.15,-24.16,10.61,33.64,80.41,1132987000.0
3692,"FFRI Security, Inc.",Technology,623.27,0.23,56.63,,2.07,0.96,0.59,0.44,1.21,2.18,1.03,0.63,0.49,1.28,5.88,31.37,26.88,20.35,10.39,43.08,24.22,25.31,27.17,227.39,22.77,18.24,8.78,99.79,60.71,3334197000.0
3694,OPTiM Corporation,Technology,262.68,0.0,23.79,,-0.36,1.8,1.71,2.89,1.05,6.07,8.04,7.48,8.81,7.2,86.89,16.79,18.47,18.94,18.86,10.88,3.29,10.41,11.95,16.72,14.67,16.13,16.3,91.08,45.93,3005680000.0
3695,"GMO Product Platform, Inc.",Technology,75.6,16.76,15.34,,12.71,1.49,4.69,0.53,6.3,13.11,3.14,6.29,1.74,7.51,26.97,5.0,4.68,8.61,8.07,35.66,-1.79,-1.6,6.47,,8.79,15.36,16.95,73.57,56.11,4523013000.0
3696,Ceres Inc.,Industrials,255.91,8.2,12.44,,4.62,0.41,2.18,-1.23,2.4,6.53,2.82,4.15,0.4,4.5,54.05,7.87,8.04,4.65,6.07,7.05,15.11,17.21,5.84,18.88,6.92,4.05,1.35,56.21,43.89,15688302000.0
3697,SHIFT Inc.,Technology,2235.52,0.93,27.22,,6.34,1.51,4.02,2.96,3.96,7.0,4.07,4.58,3.31,5.22,28.18,12.04,32.05,34.39,10.66,17.35,25.67,35.7,19.39,35.07,47.22,56.83,16.21,52.69,34.68,23726000000.0
3698,"CRI Middleware Co., Ltd.",Communication Services,63.77,2.21,17.15,,13.0,3.38,5.18,-6.42,7.19,13.32,5.15,7.77,0.37,8.75,23.36,16.08,11.63,11.53,3.43,8.88,5.89,5.28,8.31,51.66,6.05,5.89,2.31,,60.13,4242352000.0
369A,"A-tie Co.,Ltd.",Industrials,115.83,1.93,29.73,,6.44,8.09,2.55,,5.69,6.58,8.3,2.7,,5.86,3.37,24.35,21.3,21.11,,23.27,23.22,,16.0,45.56,13.26,12.21,,,68.11,2054560000.0
3708,"Tokushu Tokai Paper Co., Ltd.",Basic Materials,767.84,4.22,18.12,,1.92,-1.72,6.53,-2.84,2.24,12.89,11.43,14.84,3.36,13.05,85.4,4.5,4.14,2.65,1.95,0.65,9.57,2.84,2.86,3.07,2.61,1.81,1.34,77.78,14.33,7806000000.0
3710,"Jorudan Co.,Ltd.",Technology,33.0,3.09,9.29,,7.53,-4.09,-8.3,3.75,-1.62,9.77,0.89,4.8,7.76,5.15,285.22,1.61,-6.48,0.0,-1.34,-3.21,-2.55,13.32,0.85,2.87,-9.53,0.0,-0.26,,44.41,3232306000.0
3712,"Information Planning CO., LTD.",Technology,151.7,2.37,12.79,,2.85,2.24,4.13,7.58,3.07,7.55,7.95,4.49,7.75,6.66,47.29,39.99,39.54,40.07,38.44,6.39,2.38,9.21,15.49,26.23,16.1,17.73,15.02,,66.04,2847497000.0
3719,"AI storm Co., Ltd.",Industrials,34.08,2.63,17.65,,-36.2,-35.18,-10.64,1.31,-27.34,-30.33,-25.46,-3.39,1.32,-19.73,-90.41,10.37,9.28,0.26,3.72,86.51,111.97,4.46,5.87,7.25,8.3,0.17,1.75,91.02,35.66,592132000.0
3723,Nihon Falcom Corporation,Communication Services,282.3,0.34,18.66,,3.59,3.0,3.18,4.39,3.26,3.59,3.01,3.2,4.39,3.27,0.3,51.31,49.12,53.72,57.65,3.5,2.06,-2.38,8.32,171.87,8.34,9.45,10.81,,88.11,10350569000.0
3726,"4Cs HD Co., Ltd.",Consumer Cyclical,49.92,0.0,,,-15.79,-7.24,-6.66,-0.9,-9.9,-14.3,-7.23,-6.5,-0.83,-9.34,-4.34,-6.77,-5.59,-10.02,-5.12,8.12,5.66,-8.07,-6.82,-8.32,-7.79,-17.58,-11.51,79.84,68.04,439054000.0
3727,Aplix Corporation,Technology,70.64,1.2,,,2.79,2.49,6.11,3.54,3.8,4.01,4.48,6.16,3.56,4.88,25.21,-2.26,5.89,8.54,2.58,-22.48,-1.43,7.56,-4.69,-9.04,5.18,12.75,7.57,71.26,33.56,1333896000.0
372A,Rent Corporation,Industrials,216.6,4.2,7.32,,-6.44,3.76,9.98,12.65,2.43,1.9,9.22,14.79,16.9,8.64,177.25,8.28,7.96,7.28,6.62,7.86,12.36,7.48,6.56,7.93,7.37,7.5,7.32,35.51,33.59,8189818000.0
3733,"Software Service, Inc.",Healthcare,541.95,1.42,10.55,,4.91,13.0,9.9,1.56,9.27,5.93,13.29,10.32,6.14,9.85,7.8,19.83,18.93,19.33,17.61,10.08,13.95,22.31,14.45,26.77,14.51,15.2,12.28,,26.78,19283000000.0
373A,"LIPPS Co.,Ltd",Consumer Cyclical,38.79,0.0,7.45,,17.1,-3.53,14.42,,9.33,17.45,-0.54,16.81,,11.24,-177.15,21.53,19.17,24.69,,17.25,21.05,,18.16,68.06,18.06,22.37,,,58.02,2652576000.0
3741,"Systems Engineering Consultants Co.,LTD.",Technology,334.36,1.86,22.15,,4.75,-0.87,1.03,1.29,1.64,5.08,-0.75,1.15,1.58,1.83,0.31,16.75,17.42,17.19,16.23,8.98,20.63,13.96,13.29,19.57,13.59,12.42,10.94,98.81,29.65,3321583000.0
3744,SIOS Corporation,Technology,40.57,1.07,11.87,,-0.47,18.92,-0.32,-10.66,6.04,4.85,21.33,0.7,-9.13,8.96,88.87,2.11,0.17,-1.31,-3.97,-7.3,29.4,10.19,14.0,,1.31,-3.24,-47.42,98.19,27.77,3586717000.0
3747,"Intertrade Co.,Ltd.",Financial Services,29.25,0.0,156.54,,-0.56,1.96,6.53,9.04,2.64,-0.43,2.79,6.86,9.23,3.07,1.62,-0.46,4.34,9.92,11.72,-0.68,-8.05,-2.2,-0.69,-1.51,6.38,7.17,14.31,85.51,29.81,711547000.0
3750,ADR Biomedical Holdings Inc.,Healthcare,76.78,0.0,,,-10.22,-12.96,-15.22,-2.58,-12.8,-10.22,-12.86,-15.01,-0.51,-12.7,-0.74,-1777.23,-660.28,-49.52,-37.04,-58.28,-92.17,-27.24,-4104.3,,-24.47,2.02,-6.47,,20.71,125901000.0
3753,FLIGHT SOLUTIONS Inc.,Technology,30.1,0.0,,,-12.69,-14.12,-7.82,-0.56,-11.54,-1.35,-2.51,2.08,3.68,-0.59,-274.18,-9.44,-9.76,-8.9,2.64,-4.43,80.88,-43.73,-20.14,-25.27,-25.64,-12.64,4.26,36.71,12.55,221677000.0
3758,Aeria Inc.,Communication Services,50.02,2.02,18.76,,-15.75,-8.66,-41.58,-26.55,-22.0,-14.53,-6.54,-39.48,-21.69,-20.18,-15.38,4.05,-0.22,2.1,4.06,-14.01,-15.51,10.12,2.78,5.55,-0.4,2.18,1.79,55.29,36.94,8071000000.0
3760,"CAVE Interactive CO.,LTD.",Communication Services,44.55,1.67,,,-32.31,-5.78,-20.56,37.7,-19.55,-12.58,20.7,12.77,56.97,6.96,77.35,-5.07,8.12,15.24,3.5,-14.08,13.81,76.27,-9.93,-527.41,24.58,20.44,3.95,67.98,28.85,5261071000.0
3762,TechMatrix Corporation,Technology,1013.91,2.54,19.73,,5.95,7.86,4.68,4.67,6.16,6.74,8.86,6.26,5.21,7.29,16.06,10.82,10.27,10.98,11.1,10.56,21.72,16.0,19.93,,17.67,18.33,18.45,87.08,31.47,35802131000.0
3763,Pro-Ship Incorporated,Technology,540.47,1.96,23.95,,3.8,2.22,2.29,1.75,2.77,5.12,2.73,2.64,2.07,3.5,19.11,34.93,30.53,23.96,24.7,10.7,11.04,3.22,18.42,95.27,19.92,15.5,16.94,,56.98,9198543000.0
3765,"GungHo Online Entertainment, Inc.",Communication Services,1303.41,3.57,55.2,,-0.74,12.96,15.27,13.99,9.16,-0.27,13.14,15.74,14.32,9.54,-55.33,5.42,16.88,22.25,26.21,-10.0,-17.33,18.78,2.68,,10.28,16.14,17.94,,45.4,136249000000.0
3766,"Systems Design Co., Ltd.",Technology,51.31,4.05,13.05,,14.0,-0.12,16.55,10.46,10.14,14.24,2.39,16.76,10.96,11.13,36.02,5.96,4.73,5.54,6.26,4.0,1.59,0.51,8.01,25.05,6.42,7.55,8.94,99.53,22.56,3293282000.0
3768,Riskmonster.com,Industrials,42.96,2.9,19.3,,18.04,-16.42,-3.04,1.32,-0.47,40.49,5.26,18.91,21.34,21.55,194.54,9.42,7.08,8.21,15.09,2.57,1.68,-2.09,3.77,5.26,13.14,2.98,6.49,96.18,46.28,1748686000.0
3769,"GMO Payment Gateway, Inc.",Technology,6900.95,1.95,29.08,,7.26,6.52,0.22,0.68,4.67,7.79,7.17,0.89,1.11,5.28,30.43,37.99,34.14,32.18,32.31,11.81,16.9,25.49,12.56,,11.29,9.62,8.77,70.49,67.27,220827001000.0
3771,"System Research Co.,Ltd.",Technology,323.07,8.32,12.45,,4.83,2.67,4.65,4.66,4.05,7.75,6.37,7.61,5.56,7.24,44.89,11.93,11.56,11.59,11.6,12.16,11.2,8.18,17.95,43.2,16.36,16.67,17.71,93.26,23.26,8429775000.0
3772,"Wealth Management, Inc.",Real Estate,212.11,1.81,8.44,,-120.66,-17.21,31.66,-15.82,-35.4,-118.79,-14.51,33.14,-15.36,-33.39,-5.23,-0.71,13.76,10.58,25.77,-17.48,-36.03,93.41,-0.11,-0.12,3.09,4.38,7.96,22.78,20.01,4872371000.0
3773,"Advanced Media, Inc.",Technology,154.23,2.12,9.7,,3.84,4.26,5.94,5.8,4.68,12.02,9.29,9.69,8.21,10.33,53.64,20.39,21.64,22.79,20.86,5.97,11.06,15.86,6.91,14.82,8.98,7.15,6.17,90.34,73.62,7789397000.0
3774,Internet Initiative Japan Inc.,Communication Services,6144.48,1.25,24.85,,3.58,1.37,3.55,3.46,2.83,8.21,4.64,6.64,6.27,6.5,57.81,10.09,9.5,10.51,10.77,9.02,14.76,9.25,12.46,15.87,11.9,12.85,13.65,67.92,22.05,41578000000.0
3776,"BroadBand Tower, Inc.",Communication Services,156.44,0.78,29.6,,2.84,14.09,-0.64,3.21,5.43,8.56,17.65,4.71,11.05,10.31,66.87,5.3,4.98,-0.64,-2.56,13.9,1.36,-6.25,3.64,9.74,3.01,-0.59,-9.17,86.48,21.42,6975461000.0
3777,Environment Friendly Holdings Corp.,Technology,158.25,0.0,209.52,,1.64,-0.77,-0.46,-1.75,0.14,4.35,-0.59,-0.42,-1.74,1.11,7.36,8.04,-0.31,1.21,-14.49,-92.05,1.4,2154.27,-0.2,-0.26,-1.71,5.92,-6.52,73.51,57.12,1249573000.0
3778,SAKURA Internet Inc.,Technology,1500.92,0.14,699.63,,-20.8,-8.51,-0.49,2.13,-9.93,4.15,3.86,1.92,2.64,3.31,349.23,-1.14,13.2,4.05,5.3,12.38,43.92,5.84,-0.76,-1.08,6.82,4.87,6.3,45.2,22.54,15391081000.0
3779,"J Escom Holdings,Inc.",Consumer Cyclical,14.11,0.0,,,-22.42,-1.41,-32.57,-10.26,-18.8,-22.22,0.95,-28.01,-9.02,-16.43,77.03,0.91,-8.23,-15.36,-3.93,7.08,-16.94,-1.81,2.8,,-5.82,-35.21,-4.35,87.09,60.53,947217000.0
3787,"Techno Mathematical Co., Ltd.",Technology,17.53,0.0,20.34,,5.95,-11.74,-15.83,3.83,-7.21,5.99,-11.57,-15.57,4.04,-7.05,-0.79,6.51,-68.81,-29.78,-8.92,64.58,-21.07,-11.95,1.99,3.78,-16.43,-7.75,-2.59,,92.51,855543000.0
3788,GMO GlobalSign Holdings K.K.,Technology,236.16,2.98,21.83,,5.29,5.2,1.13,1.24,3.87,12.03,11.89,9.33,7.13,11.08,66.73,7.14,6.5,7.37,7.15,7.85,9.52,9.65,8.57,29.04,7.06,7.07,7.54,78.22,59.03,8936653000.0
378A,"Hit Co., Ltd.",Communication Services,129.17,2.3,13.1,,7.85,4.61,6.66,,6.37,8.85,11.72,7.57,,9.38,28.01,31.39,33.89,33.1,,7.21,19.99,,19.09,65.6,20.04,22.66,,86.13,62.23,3457451000.0
3791,"IG Port, Inc.",Communication Services,218.88,1.2,32.72,,3.54,-11.82,8.37,3.93,0.03,4.95,-8.49,13.96,8.31,3.47,9.79,5.45,9.77,10.35,8.88,-3.66,23.28,6.07,5.67,18.15,10.52,12.02,11.97,99.05,18.29,6933682000.0
3793,"Drecom Co.,Ltd.",Communication Services,160.46,0.87,75.27,,9.24,-7.21,-15.47,3.98,-4.48,13.7,3.95,-2.95,16.61,4.9,-36.51,2.08,0.89,9.23,21.12,38.66,29.41,-9.45,1.13,5.16,1.1,16.96,15.5,66.21,30.94,6375283000.0
3796,"e-Seikatsu Co.,Ltd.",Technology,46.65,0.9,30.84,,3.05,-7.69,-0.78,2.36,-1.81,16.29,6.78,13.25,13.63,12.11,133.53,7.1,-1.23,6.28,8.7,6.74,7.84,4.12,6.83,9.54,-1.8,6.33,8.59,93.44,58.32,608602000.0
3798,"ULS Group, Inc.",Technology,315.14,1.44,15.91,,5.08,4.75,2.2,2.17,4.01,6.33,5.04,2.4,2.66,4.59,11.28,18.36,19.87,16.92,20.29,25.73,27.17,21.93,16.96,54.97,16.57,13.64,15.08,,39.82,8460000000.0
3799,Keyware Solutions Inc.,Technology,96.24,3.46,12.0,,19.66,-7.06,11.33,5.52,7.98,20.65,-3.46,12.3,6.79,9.83,-30.38,4.98,4.36,4.26,3.85,7.69,2.87,6.98,9.45,16.3,9.46,6.78,6.22,,20.65,3365750000.0
3800,UNIRITA Inc.,Technology,140.59,3.84,19.54,,5.57,1.65,9.09,8.79,5.44,8.18,3.05,10.36,10.57,7.2,30.03,7.8,7.19,8.54,7.93,5.61,-2.46,3.75,4.84,25.19,4.7,5.78,5.62,,55.51,10002934000.0
3802,"Ecomic Co., Ltd",Industrials,17.32,2.56,20.79,,17.75,1.47,8.1,10.37,9.11,21.61,8.64,11.88,15.29,14.04,44.23,7.4,2.21,7.99,9.19,10.57,-1.59,-2.71,8.74,40.22,1.56,6.18,10.75,,32.53,1065506000.0
3803,Image Information Inc.,Technology,23.46,0.0,,,-4.07,-0.57,-0.89,-3.51,-1.84,-4.03,-0.32,1.67,-1.97,-0.89,24.9,-23.96,-10.96,-2.56,-0.1,13.25,22.38,-3.34,-26.88,,-24.15,-6.79,-0.11,93.89,9.07,820358000.0
3804,System D Inc.,Technology,86.26,2.48,14.58,,8.34,12.77,4.04,-3.69,8.38,12.49,17.43,10.44,13.57,13.45,40.42,18.64,17.89,19.29,21.21,8.65,-2.22,11.92,12.39,23.87,11.73,14.08,15.23,98.1,43.33,2500147000.0
3807,Fisco Ltd.,Financial Services,42.15,0.0,9200.0,,0.77,-1.82,-1.59,3.2,-0.88,0.78,-0.95,-0.95,4.05,-0.37,-52.59,0.53,-10.87,-64.75,14.27,-2.88,-9.73,-18.75,0.26,0.33,-25.18,-156.18,8.28,89.95,58.71,228338000.0
3810,"CyberStep Holdings, Inc.",Communication Services,154.0,0.0,,,-20.53,-13.33,-9.44,-7.91,-14.43,-20.31,-13.3,-9.36,-7.7,-14.32,-0.69,-76.05,-71.41,-48.76,-28.57,-14.46,-16.14,-26.4,-24.49,-53.84,-270.85,-109.4,-45.84,97.93,50.47,3634000000.0
3815,"Media Kobo, Inc.",Communication Services,46.78,0.0,,,-9.63,-1.97,-0.87,4.88,-4.16,-4.71,0.94,1.62,6.2,-0.72,119.47,-17.26,-7.01,2.84,8.79,-6.92,-2.95,-5.89,-19.92,-121.45,-6.44,2.04,7.22,41.17,48.52,1595941000.0
3816,"Daiwa Computer Co., Ltd.",Technology,42.55,3.46,19.53,,13.76,7.47,6.5,,9.24,13.95,7.62,6.67,,9.41,1.98,,17.17,16.76,16.39,,9.53,4.45,,,7.3,7.25,,99.34,24.92,3875434000.0
3817,"SRA Holdings, Inc.",Technology,654.26,5.01,10.95,,6.75,8.42,5.68,7.55,6.95,7.18,8.83,6.27,7.86,7.43,6.68,15.48,15.38,14.66,14.01,3.22,9.53,9.94,15.1,40.09,13.81,14.13,6.74,99.8,25.79,20987000000.0
3823,"THE WHY HOW DO COMPANY, Inc.",Technology,63.07,0.0,,,-1.8,-13.38,-6.68,-2.73,-7.29,-1.02,-0.86,-5.88,-2.21,-2.59,-513.19,-4.17,-33.16,-25.92,-17.58,134.28,-20.56,2.4,-32.94,-97.46,-20.93,-23.5,-11.15,50.72,51.4,1246966000.0
3825,"Remixpoint, Inc.",Utilities,362.13,1.22,,,-37.22,-22.91,6.64,-19.71,-17.83,-33.43,-22.0,6.76,-18.9,-16.22,-4.59,-30.85,-5.74,8.51,-5.65,-15.99,3.13,-37.52,-22.5,-24.9,-7.33,9.87,-4.95,87.02,-12.88,2357000000.0
3826,System Integrator Corp.,Technology,54.48,2.21,11.88,,10.04,-10.47,2.72,9.93,0.76,12.73,-6.61,5.05,11.48,3.72,2.94,10.71,5.69,6.79,9.07,16.55,-1.38,7.79,9.41,33.75,4.62,6.56,9.56,99.73,34.6,3225688000.0
3834,"Asahi Net, Inc.",Communication Services,157.8,4.11,12.26,,-5.23,4.89,4.54,-2.4,1.4,12.13,15.6,15.64,8.64,14.46,94.24,13.25,17.94,16.08,15.14,3.36,7.05,0.39,9.71,12.56,12.58,10.87,10.65,,30.41,2974000000.0
3835,"eBASE Co.,Ltd.",Technology,188.96,2.84,18.73,,5.11,5.63,6.56,4.92,5.77,5.66,6.17,7.06,5.43,6.3,8.58,27.22,31.66,31.8,28.97,-3.85,5.35,10.13,13.59,43.81,16.56,16.38,14.78,,51.68,5082302000.0
3836,Avant Group Corporation,Technology,418.62,5.6,14.56,,7.46,10.36,7.88,3.41,8.57,9.05,10.68,8.79,5.2,9.51,10.32,15.41,16.31,16.79,15.35,7.98,15.59,13.98,21.32,246.2,20.51,21.27,18.12,99.96,44.36,13315077000.0
3837,Ad-Sol Nissin Corporation,Technology,229.18,3.52,15.96,,8.22,3.88,3.37,3.89,5.16,8.25,4.49,3.51,4.45,5.42,5.91,12.51,11.06,10.21,9.43,10.92,9.84,9.63,21.06,36.52,16.51,13.2,12.3,,28.99,2941405000.0
3839,"ODK Solutions Company, Ltd.",Technology,51.87,1.6,37.04,,6.89,10.69,9.56,-1.34,9.05,12.58,19.29,20.78,10.4,17.55,47.93,9.11,7.97,9.76,7.56,2.87,10.32,5.4,2.99,5.42,3.93,5.54,3.55,88.84,32.67,3235415000.0
3840,VIXTON Corporation,Consumer Defensive,52.92,0.0,,,-9.31,-20.06,-3.01,-8.84,-10.79,-8.23,-10.18,-1.45,-6.66,-6.62,-72.73,-32.66,-9.25,-7.43,-11.06,5.17,-2.86,16.47,-35.87,-42.99,-7.74,-15.69,-20.31,97.29,48.81,357200000.0
3841,Jedat Inc.,Technology,51.27,3.02,29.79,,7.28,2.32,-1.33,5.49,2.76,7.38,2.69,-1.27,6.07,2.93,3.54,12.76,12.46,14.66,13.24,-1.03,0.09,2.13,4.94,20.56,5.26,7.51,6.79,,64.36,2744320000.0
3842,"Nextgen,Inc.",Communication Services,38.84,1.54,13.32,,11.79,15.11,2.58,-5.01,9.83,19.06,21.94,12.47,10.67,17.82,49.51,7.71,7.24,5.15,1.03,17.57,2.78,15.37,10.98,43.39,9.31,7.16,1.41,89.3,37.07,2011993000.0
3843,"FreeBit Co., Ltd.",Communication Services,367.05,2.44,11.19,,10.92,7.64,7.23,5.65,8.6,12.46,11.51,9.05,6.36,11.01,22.04,10.68,11.1,8.57,7.35,3.84,13.4,8.58,16.55,67.28,18.67,13.35,10.06,39.05,28.53,20677536000.0
3844,Comture Corporation,Technology,422.59,3.92,12.87,,5.79,5.41,7.52,4.33,6.24,8.08,7.56,8.1,4.61,7.91,21.33,12.23,12.74,13.46,13.99,4.87,6.31,17.65,15.94,33.98,17.1,18.62,17.95,98.97,21.35,10826000000.0
3845,I-Freek Mobile Inc.,Communication Services,72.95,0.0,165.66,,0.31,0.24,-0.27,2.18,0.09,0.31,0.37,-0.06,2.25,0.21,-105.87,1.6,-3.09,-0.46,3.24,-6.94,32.71,-42.02,2.49,20.36,-5.64,-0.7,8.99,75.42,24.99,1041600000.0
3848,"Data Applications Company, Limited",Technology,53.32,4.23,34.08,,8.35,1.17,10.09,8.15,6.54,8.67,1.93,12.04,8.37,7.55,19.82,6.41,12.63,18.83,19.46,65.79,-10.69,16.93,3.8,20.2,5.27,9.49,8.1,93.98,51.67,4152042000.0
3850,NTT Data Intramart Corporation,Technology,190.72,1.91,20.86,,-0.65,1.11,-1.26,-2.07,-0.27,4.8,7.31,4.6,4.77,5.57,108.62,9.42,4.66,4.07,10.17,23.9,27.78,16.21,15.26,25.33,7.1,5.29,12.79,,38.11,2336373000.0
3851,"Nippon Ichi Software, Inc.",Communication Services,71.05,0.35,,,-1.81,2.45,5.05,-2.66,1.9,0.7,5.69,11.18,0.71,5.86,156.46,-11.34,-5.18,7.52,15.42,-31.95,-0.75,10.47,-3.98,-11.97,-6.92,3.04,6.5,81.36,42.67,6422885000.0
3853,Asteria Corporation,Technology,188.71,0.91,23.17,,2.89,4.33,2.69,-0.83,3.3,3.03,4.39,3.34,1.24,3.59,8.45,30.24,24.63,-125.18,-70.18,6.86,9.02,4.45,10.33,16.81,9.62,-39.08,-18.68,93.99,88.18,3260223000.0
3854,I'LL inc.,Technology,537.99,3.24,12.89,,3.77,4.69,1.21,,3.22,4.9,5.71,2.11,,4.24,27.84,,,24.35,22.28,,,9.95,,,,53.12,,,57.4,6663216000.0
3856,Abalance Corporation,Technology,36.71,2.64,0.49,,91.42,924.64,107.0,-340.42,374.35,665.02,1219.19,504.65,-172.92,796.29,63.07,11.59,11.18,5.95,1.84,-42.5,-2.93,132.9,10.35,15.13,28.35,16.96,3.22,47.12,24.17,27274000000.0
3858,Ubiquitous AI Corporation,Technology,33.57,0.0,,,-5.69,3.01,4.96,-4.95,0.76,-4.11,4.11,5.61,-2.6,1.87,-0.11,-5.12,2.33,2.06,-4.34,-5.18,18.96,79.49,-8.51,-28.93,2.96,0.7,-4.98,70.44,38.42,1995296000.0
3861,Oji Holdings Corporation,Basic Materials,7437.59,4.14,14.33,,2.81,-6.66,11.82,-10.2,2.66,15.24,12.69,27.28,2.46,18.4,96.89,1.86,3.66,4.28,4.97,0.67,9.02,-0.61,1.04,1.08,1.92,2.71,3.38,52.04,17.37,74974000000.0
3863,"Nippon Paper Industries Co., Ltd.",Basic Materials,1537.06,1.14,13.1,,48.79,47.36,58.74,42.82,51.63,48.79,47.36,58.74,42.82,51.63,0.0,2.11,1.67,1.48,-2.33,0.86,1.3,1.27,1.04,1.23,0.83,1.12,-2.44,39.4,16.69,207411000000.0
3864,Mitsubishi Paper Mills Limited,Basic Materials,537.96,2.12,28.29,,2.85,4.14,21.94,-13.51,9.64,9.71,9.02,25.07,-5.06,14.6,45.74,0.17,2.6,2.8,0.46,-10.51,-9.06,-7.67,0.11,0.11,1.54,1.87,0.32,60.08,12.86,4895000000.0
3865,Hokuetsu Corporation,Basic Materials,1464.7,2.84,21.17,,-5.51,15.09,5.3,-7.84,4.96,6.96,27.95,15.24,1.19,16.72,96.79,2.62,6.45,5.14,5.74,-5.88,2.92,-1.38,1.39,1.52,4.05,6.22,3.21,70.42,19.62,30123000000.0
386A,"Minoya Co., Ltd.",Consumer Cyclical,45.21,2.4,22.31,,9.31,7.32,,,8.32,16.76,14.58,,,15.67,47.13,,4.29,3.21,,,11.9,,,,18.59,,,70.05,37.68,1108145000.0
3877,"Chuetsu Pulp & Paper Co., Ltd.",Basic Materials,282.47,5.35,11.56,,0.09,14.18,19.57,-11.74,11.28,16.54,36.68,48.02,9.42,33.75,73.35,2.49,4.37,5.73,2.46,-0.56,2.95,2.04,2.21,2.33,2.29,4.66,2.65,65.19,13.54,4882000000.0
3878,Tomoegawa Corporation,Basic Materials,84.92,1.77,9.08,,-4.11,-11.65,27.39,1.37,3.88,39.32,21.18,49.28,11.89,36.59,103.28,4.57,3.73,3.96,6.01,3.25,2.2,-1.4,4.0,4.74,3.33,3.45,6.12,61.03,23.6,5104000000.0
387A,"Fuller, Inc.",Technology,16.17,0.0,12.0,,-0.02,11.6,10.99,,7.52,0.35,13.0,11.92,,8.42,41.74,,0.85,7.24,12.03,,0.7,21.04,,,1.94,15.98,,78.66,36.14,886065000.0
3880,Daio Paper Corporation,Basic Materials,1590.04,1.37,19.2,,20.95,7.19,17.67,-47.44,15.27,36.04,28.08,37.29,-16.5,33.8,56.3,3.6,1.47,2.14,-3.32,-0.32,-0.41,3.94,1.83,2.14,7.06,1.13,-2.67,37.8,23.83,96026000000.0
3891,Nippon Kodoshi Corporation,Technology,722.45,1.62,27.3,,5.0,-3.0,-2.07,-3.99,-0.02,7.25,5.26,2.64,0.95,5.05,122.14,18.97,15.35,11.59,18.92,16.16,8.13,-15.69,8.11,9.52,5.59,4.12,8.51,82.84,30.58,4741850000.0
3892,"Okayama Paper Industries Co., Ltd.",Basic Materials,74.55,3.12,9.07,,11.65,-27.63,22.16,3.59,2.06,22.28,-21.05,25.81,7.4,9.01,10.2,8.38,8.96,14.61,5.65,-2.61,0.09,5.9,4.71,7.39,5.6,9.55,4.02,99.89,24.43,5262362000.0
3895,Havix Corporation,Basic Materials,35.65,3.46,6.51,,8.15,-13.34,38.62,8.45,11.14,70.07,1.47,46.15,12.54,39.23,370.69,3.54,5.39,5.72,-0.76,-9.03,0.82,9.27,3.3,5.24,7.39,6.74,2.2,84.82,19.17,3928492000.0
3896,"Awa Paper & Technological Company, Inc.",Basic Materials,42.01,0.94,5.62,,-12.03,-119.26,-70.71,2.04,-67.33,52.54,3.83,18.86,18.15,25.08,1270.69,0.32,2.53,2.2,2.17,8.0,6.26,-6.9,0.22,0.24,2.84,1.98,6.86,40.55,13.63,1850605000.0
3900,CrowdWorks Inc.,Industrials,104.47,0.0,8.56,,16.64,16.09,12.92,11.03,15.22,16.64,16.09,12.92,11.03,15.22,0.0,7.76,7.83,8.73,8.82,32.39,29.54,24.93,-5.73,-24.93,9.89,15.39,16.81,66.28,42.22,8090366000.0
3901,"MarkLines Co., Ltd.",Communication Services,191.96,3.45,12.35,,9.01,4.72,7.63,5.32,7.12,9.42,8.03,9.3,7.23,8.92,21.16,37.62,39.84,41.1,39.36,0.15,14.8,17.45,22.63,54.12,23.73,25.17,25.71,,66.45,3802363000.0
3903,gumi Inc.,Communication Services,109.96,0.0,7.28,,-25.72,-23.11,-59.03,-18.17,-35.95,-12.72,-8.01,-46.81,-1.56,-22.51,-105.59,0.91,4.15,-41.77,2.79,2.7,-25.89,-24.63,0.26,0.3,1.47,-35.0,-2.17,81.24,31.32,3393609000.0
3904,KAYAC Inc.,Communication Services,64.25,3.73,12.15,,5.49,-6.85,15.16,22.14,4.6,14.52,-3.42,17.48,27.5,9.53,-8.32,5.33,2.14,5.85,7.31,20.13,-4.23,5.85,7.56,20.27,1.81,8.11,11.17,70.65,54.32,5659149000.0
3905,Datasection Inc.,Technology,778.09,0.0,22.99,,-12.88,-1.42,-0.46,-0.38,-4.92,-6.31,-0.11,0.43,0.0,-2.0,-373.53,10.55,-16.86,-9.69,-2.88,1042.0,32.0,15.85,13.76,14.05,-13.74,-7.75,-1.47,98.09,19.04,417807000.0
3907,Silicon Studio Corporation,Communication Services,58.47,0.92,,,4.72,0.07,1.59,9.01,2.13,5.51,1.57,2.07,9.68,3.05,44.36,3.49,3.64,5.31,8.51,15.02,-17.85,0.98,7.05,25.67,4.74,9.71,13.89,86.78,43.95,1591000000.0
3908,Collabos Corporation,Technology,16.94,1.64,16.76,,7.14,9.69,-15.14,-10.48,0.56,8.94,12.31,6.15,9.78,9.13,129.21,4.37,3.96,-13.66,4.32,-10.9,-11.47,-8.3,7.31,73.88,5.31,-22.67,3.82,91.19,40.07,1286032000.0
3909,Showcase Inc.,Technology,16.8,0.0,2.07,,-53.7,-24.31,-56.39,-1.5,-44.8,-40.05,-10.83,-48.0,5.48,-32.96,-58.67,-2.67,-5.02,-11.46,0.81,9.29,22.71,190.49,-6.41,-12.87,-10.33,-19.25,0.44,71.2,24.26,1331861000.0
3910,MKSystem Corporation,Technology,15.74,2.74,6.13,,34.4,2.64,-42.95,3.42,-1.97,45.22,17.54,-20.12,39.22,14.21,-1.51,7.62,-0.71,-13.19,7.66,-1.04,24.63,-7.93,14.82,26.06,-1.52,-17.49,6.94,53.16,45.22,751186000.0
3911,Aiming Inc.,Communication Services,80.27,0.0,12.52,,56.23,-16.34,-15.94,-4.69,7.98,56.44,-12.01,-14.37,-4.37,10.02,-15.53,13.14,-3.23,-7.2,2.93,-7.38,-6.11,33.15,26.61,125.63,-25.09,-25.96,3.36,90.94,60.53,5498628000.0
3912,"Mobile Factory, Inc.",Communication Services,72.15,4.49,15.14,,11.98,9.13,10.52,7.77,10.54,11.98,9.13,10.55,7.77,10.55,0.09,32.72,31.9,28.05,27.5,3.31,-1.56,7.17,15.53,,21.21,-1.06,19.62,,51.38,3149830000.0
3913,"GreenBee, Inc.",Technology,22.88,0.0,9.31,,11.22,5.06,-4.99,5.15,3.76,11.45,5.3,-4.76,5.4,4.0,0.55,17.16,6.32,-5.15,-23.78,19.27,-0.88,-1.64,13.45,93.71,4.9,-4.48,-16.38,73.83,63.74,1276587000.0
3914,JIG-SAW INC.,Technology,172.52,0.0,33.27,,1.4,2.36,2.68,2.85,2.15,2.66,3.59,2.75,2.94,3.0,27.94,15.16,16.03,19.3,19.0,4.39,7.17,6.18,9.32,22.48,12.01,16.89,16.99,85.7,70.18,2380933000.0
3915,"TerraSky Co.,Ltd.",Technology,294.58,0.74,18.72,,2.98,2.24,-0.14,2.24,1.69,5.99,5.29,2.28,3.32,4.52,71.27,5.56,5.88,2.73,3.32,13.54,29.12,23.94,9.14,25.91,9.23,2.92,3.27,98.68,26.63,8265447000.0
3916,Digital Information Technologies Corporation,Technology,283.14,4.15,13.53,,8.37,6.05,4.99,3.35,6.47,8.46,6.15,5.04,3.38,6.55,1.21,12.48,12.19,11.24,12.41,21.47,9.58,12.33,26.9,79.38,23.57,23.83,25.9,99.91,25.44,5354155000.0
3917,"iRidge, Inc.",Technology,38.05,0.0,5.97,,5.82,-11.78,23.09,-1.02,5.71,22.58,1.42,34.2,9.57,19.4,346.04,1.6,3.27,-1.6,6.99,5.6,17.44,5.42,2.1,5.93,1.25,-3.03,3.96,68.03,31.19,2887474000.0
3918,"PCI Holdings, Inc.",Technology,118.36,6.41,10.46,,9.09,0.1,15.59,5.0,8.26,10.07,1.51,17.23,6.22,9.6,37.47,5.81,4.21,6.0,5.74,6.98,-11.96,13.2,10.82,19.94,6.89,10.14,9.84,97.09,23.67,4606727000.0
3920,"Internetworking and Broadband Consulting Co.,Ltd.",Technology,55.02,2.22,14.24,,10.92,5.58,7.26,5.76,7.92,12.75,6.44,7.85,6.23,9.01,11.74,23.5,18.39,11.16,-3.2,14.99,10.0,26.63,13.11,61.1,11.93,3.84,-0.97,74.93,76.94,2414134000.0
3921,NEOJAPAN Inc.,Technology,236.48,3.25,12.65,,7.87,7.39,3.18,4.05,6.15,9.49,8.72,4.34,5.03,7.52,19.68,30.35,26.86,19.6,20.66,13.31,9.79,10.13,23.17,198.96,21.33,13.96,13.17,,57.55,6607178000.0
3922,PR TIMES Corporation,Communication Services,295.15,0.77,12.51,,11.46,3.71,4.56,1.62,6.58,11.57,4.64,5.21,2.03,7.14,11.12,37.95,23.46,25.55,20.87,19.28,17.06,19.82,26.8,256.74,18.28,21.03,18.26,,84.4,8308150000.0
3923,"Rakus Co., Ltd.",Technology,3709.3,0.75,28.38,,3.33,2.06,1.2,0.41,2.2,3.61,2.43,1.43,0.59,2.49,13.03,28.77,20.84,14.48,6.04,23.27,27.33,40.18,46.76,100.28,35.98,28.99,11.97,,75.34,13894000000.0
3925,Double Standard Inc.,Technology,177.73,5.33,16.05,,4.21,9.86,5.8,7.81,6.62,4.36,11.22,8.08,8.1,7.89,14.58,24.56,32.58,32.31,30.69,-12.37,11.94,3.42,17.58,84.31,27.88,29.2,33.1,,41.07,5286741000.0
3926,OpenDoor Inc.,Communication Services,131.5,0.0,69.51,,-0.46,-0.18,-2.67,-0.17,-1.1,-0.09,-0.04,-2.38,-0.06,-0.84,-281.82,-1.84,-4.24,-7.08,-2.54,2.02,-6.09,24.6,-1.38,-3.6,-2.8,-3.66,-24.22,,62.93,2141941000.0
3927,Fuva Brain Limited,Technology,48.33,1.76,15.92,,4.45,-0.56,4.2,0.54,2.7,7.27,-0.3,4.32,0.75,3.76,-15.48,3.61,4.29,0.73,2.51,29.0,42.19,31.52,3.84,12.11,9.12,1.71,2.34,78.96,27.64,2103902000.0
3928,Mynet Inc.,Communication Services,23.0,0.0,2.89,,20.71,5.5,8.54,-12.05,11.58,34.93,14.3,10.87,-6.46,20.03,41.23,5.01,4.84,1.93,-3.79,-15.46,1.47,-17.31,7.79,22.05,10.56,26.81,-13.91,39.64,44.86,2372984000.0
3929,"Socialwire Co., Ltd.",Communication Services,30.44,0.0,13.72,,-2.48,-2.83,-1.71,-8.75,-2.34,9.62,5.21,4.15,3.29,6.33,140.38,6.47,4.71,-0.08,-4.44,20.92,-20.82,-23.06,9.28,18.03,8.79,-0.69,-10.5,60.79,59.55,1268755000.0
3930,"Hatena Co., Ltd.",Communication Services,22.91,0.0,,,-0.09,-4.9,9.9,,1.64,6.42,0.11,14.29,,6.94,1524.68,,2.06,5.5,10.61,,5.05,2.84,,,1.85,4.25,,88.01,86.15,1520036000.0
3931,VALUE GOLF Inc.,Communication Services,27.1,1.68,12.66,,-18.35,-2.23,-0.8,0.02,-7.13,-17.34,-1.23,0.32,0.37,-6.08,87.62,1.2,2.18,1.69,5.34,7.25,12.89,-17.72,1.88,2.7,0.59,1.31,8.33,41.4,35.05,757102000.0
3932,Akatsuki Inc.,Communication Services,464.45,3.12,9.85,,4.52,7.09,-0.7,9.96,3.64,5.8,7.84,-0.18,10.87,4.49,-85.15,28.79,16.56,11.17,23.43,9.32,-1.33,-1.5,8.88,19.14,2.96,3.3,4.14,52.71,54.26,30555000000.0
3933,"CHIeru Co.,Ltd.",Technology,40.41,4.25,6.14,,54.68,-10.18,-9.25,-1.57,11.75,57.56,-4.81,-0.63,3.63,17.37,-492.4,10.46,9.83,12.81,16.0,48.27,49.23,19.52,12.77,80.37,8.71,13.96,15.82,61.47,44.21,4544958000.0
3934,"BENEFIT JAPAN Co., Ltd.",Communication Services,138.32,4.23,13.83,,-3.48,8.01,6.56,0.24,3.7,-2.4,8.74,6.97,2.28,4.44,-10.17,8.06,9.58,6.79,8.15,44.32,-2.46,4.05,9.19,13.63,8.31,6.78,7.38,79.81,56.91,3505834000.0
3935,"Edia Co., Ltd.",Communication Services,42.38,2.32,10.19,,5.92,5.28,4.85,1.21,5.35,6.08,5.82,5.52,1.29,5.81,8.08,9.54,7.29,4.93,5.58,29.18,10.05,18.71,24.39,67.55,11.78,8.42,13.13,78.21,59.68,1335683000.0
3936,"Globalway, Inc.",Technology,47.53,0.0,24.67,,6.08,-11.42,-10.96,-14.49,-5.43,6.34,-11.42,-10.64,-13.38,-5.24,0.35,7.65,-8.5,-15.49,-26.22,30.69,25.06,40.46,28.98,99.74,-27.48,-34.57,-38.98,93.64,59.52,744713000.0
3937,"Ubicom Holdings, Inc.",Technology,139.3,2.17,15.61,,6.31,6.33,4.34,5.53,5.66,7.06,6.68,5.22,5.89,6.32,10.92,21.76,20.75,18.04,19.28,-5.49,6.7,13.27,14.53,87.36,14.28,12.55,14.75,89.73,42.24,5166446000.0
3939,"Kanamic Network Co.,LTD",Healthcare,234.44,1.83,18.56,,3.9,4.92,3.37,2.04,4.06,5.51,6.46,6.1,3.43,6.02,32.65,29.21,28.74,29.26,38.47,9.85,33.66,49.69,21.11,57.74,20.56,17.06,11.68,92.13,64.29,3327111000.0
3940,"Nomura System Corporation Co, Ltd.",Technology,59.49,2.71,16.71,,6.05,6.93,5.86,6.88,6.28,6.25,7.06,5.88,7.49,6.4,1.82,17.66,15.71,15.76,13.05,1.4,11.17,9.28,11.29,48.2,11.27,11.13,8.55,,28.46,2700032000.0
3941,"Rengo Co., Ltd.",Consumer Cyclical,3722.0,3.25,18.3,,-3.41,-5.72,6.61,0.5,-0.84,21.0,20.69,24.08,12.38,21.92,105.48,3.68,3.77,5.42,3.07,1.52,10.26,6.47,2.16,2.39,3.0,3.93,2.37,52.07,18.65,92217000000.0
3943,"Ohishi Sangyo Co., Ltd.",Consumer Cyclical,103.92,3.92,14.34,,-2.82,3.62,4.68,0.96,1.83,22.05,20.78,17.94,11.93,20.26,89.77,3.05,3.85,4.94,5.16,0.01,6.92,0.81,2.3,3.42,3.36,4.11,4.82,97.94,18.9,6539000000.0
3944,"Furubayashi Shiko Co.,Ltd.",Consumer Cyclical,35.23,1.63,12.01,,19.05,-21.77,-7.78,34.06,-3.5,30.07,11.15,18.61,42.8,19.94,157.91,2.42,1.04,3.3,2.75,-1.31,1.06,5.0,2.14,2.48,0.99,3.66,3.21,76.45,16.57,1771614000.0
3945,"Superbag Company, Limited",Basic Materials,32.48,5.04,4.04,,-2.8,24.66,32.08,1.85,17.98,-2.8,24.66,32.08,1.85,17.98,0.0,2.7,3.28,3.86,1.8,2.11,2.76,6.27,7.19,9.03,11.22,10.9,6.92,66.77,19.42,1619000000.0
3946,"Tomoku Co., Ltd.",Consumer Cyclical,739.49,3.82,10.23,,7.19,10.49,5.45,-3.35,7.71,20.52,24.53,15.03,9.48,20.03,61.99,5.08,4.26,3.81,3.5,2.04,3.82,-0.61,4.4,5.11,4.03,3.08,3.36,59.91,18.12,23959000000.0
3947,"Dynapac Co., Ltd.",Consumer Cyclical,240.9,7.32,7.4,,13.17,-4.58,10.12,4.74,6.24,21.21,4.46,24.01,12.72,16.56,99.47,4.3,2.74,3.33,2.38,7.28,7.76,2.18,3.45,3.8,2.34,3.0,3.37,85.52,20.42,5100333000.0
3948,"Hikari Business Form Co., Ltd.",Industrials,63.75,4.23,17.51,,0.88,1.95,5.99,23.62,2.94,4.04,3.52,7.39,24.91,4.98,47.26,2.61,2.26,12.86,16.41,-2.17,-19.86,-17.66,1.22,1.86,1.14,8.96,14.53,83.18,21.32,3307864000.0
3950,The Pack Corporation,Consumer Cyclical,787.18,2.89,14.41,,3.7,1.8,-3.61,2.33,0.63,8.72,9.02,5.64,6.83,7.79,100.53,6.99,7.89,7.93,6.71,1.64,3.83,9.72,6.33,9.54,7.41,7.74,6.24,99.5,24.68,26061000000.0
3951,"Asahi Printing Co.,Ltd.",Consumer Cyclical,187.46,4.18,12.03,,1.8,2.11,3.47,10.41,2.46,17.12,24.16,18.94,24.41,20.07,87.47,3.64,4.72,4.85,5.61,1.59,4.95,3.89,2.3,2.65,2.72,2.74,3.11,64.98,21.8,6927000000.0
3953,"Ohmura Shigyo Co.,Ltd.",Consumer Cyclical,28.28,3.78,7.65,,-7.41,-8.25,14.74,3.17,-0.31,-3.32,-5.25,22.41,11.28,4.61,-48.67,5.93,4.65,5.96,4.96,0.24,3.53,5.76,6.77,11.89,19.19,4.49,1.2,96.59,27.39,2310657000.0
3954,Showa Paxxs Corporation,Consumer Cyclical,138.5,1.58,10.8,,7.88,6.77,1.84,-0.22,5.5,15.05,14.25,7.17,5.59,12.16,58.17,6.93,5.91,4.72,5.01,1.06,7.69,-2.81,4.08,6.23,4.0,2.89,3.84,95.03,18.72,9644589000.0
3955,"IMURA & Co.,Ltd.",Basic Materials,87.59,3.46,25.2,,-28.02,-1.78,5.23,-6.18,-8.19,11.78,19.49,22.47,9.21,17.91,174.55,5.23,6.26,6.27,6.56,4.43,0.17,-3.99,3.2,3.62,4.27,5.37,6.32,77.88,25.89,2669000000.0
3958,"Sasatoku Printing Co.,Ltd.",Industrials,28.73,3.71,15.06,,-1.63,25.31,36.28,,19.99,8.0,36.59,40.39,,28.33,53.79,,2.92,2.79,2.74,,-0.67,5.39,,,3.04,3.32,,86.0,19.23,1742918000.0
3962,"CHANGE Holdings,Inc.",Technology,695.74,2.62,10.04,,9.13,9.81,14.15,-6.22,11.03,10.42,11.26,17.35,-1.64,13.01,14.59,20.99,26.86,25.86,28.72,13.88,25.32,84.88,9.69,14.95,10.59,9.25,10.06,65.96,54.58,26189000000.0
3963,"Synchro Food Co., Ltd.",Industrials,90.86,4.62,33.68,,10.19,4.81,7.94,9.15,7.65,10.19,4.83,8.17,9.36,7.73,1.09,12.06,27.77,28.82,29.91,40.25,9.68,22.95,3.46,6.22,14.69,16.44,17.82,54.96,63.17,3755756000.0
3964,Aucnet Inc.,Consumer Cyclical,1240.15,3.25,17.71,,8.91,2.82,3.49,3.06,5.07,10.28,3.91,4.13,3.65,6.11,18.87,14.84,12.53,15.39,16.32,14.72,29.11,7.04,24.39,198.18,17.85,19.46,19.8,,42.09,23104387000.0
3965,"Capital Asset Planning, Inc.",Technology,51.47,3.47,9.52,,6.38,-8.34,17.09,-8.94,5.04,8.44,-5.51,23.63,-3.54,8.85,0.18,5.48,3.64,4.03,-3.86,18.47,1.64,19.26,7.47,11.32,4.12,5.03,-4.4,75.1,21.9,1768686000.0
3967,"Eltes Co.,Ltd.",Technology,35.62,0.0,,,-6.84,2.38,-5.19,15.89,-3.22,-0.42,16.5,-0.0,20.08,5.36,-81548.3,4.82,1.28,2.79,4.32,22.44,11.96,39.48,-15.25,-22.72,1.92,9.53,1.28,37.07,35.56,1826515000.0
3968,"Segue Group Co., Ltd.",Technology,242.07,2.69,10.55,,-12.68,6.58,5.29,4.26,-0.27,-11.61,7.25,6.55,4.65,0.73,6.43,7.4,3.85,6.23,6.65,33.96,7.31,28.04,14.82,21.52,6.38,14.37,12.13,86.18,23.65,2535199000.0
3969,ATLED CORP.,Technology,105.27,2.56,14.71,,7.49,6.6,6.01,4.59,6.7,12.67,10.91,10.28,7.88,11.29,40.67,36.17,38.25,41.98,46.1,4.93,10.6,15.42,12.54,67.97,14.14,15.44,16.5,,64.18,4575155000.0
3970,Innovation Inc.,Technology,22.37,4.74,36.33,,-3.13,-1.66,12.31,-0.03,2.51,14.07,3.27,15.44,5.06,10.93,97.81,-3.57,6.58,8.3,7.51,30.4,11.03,5.3,-5.36,-15.06,1.27,5.64,1.36,60.89,50.23,3423927000.0
3974,SCAT Inc.,Technology,20.73,2.29,15.0,,4.02,4.31,11.84,6.62,6.72,13.63,11.11,16.39,12.21,13.71,53.15,7.41,5.7,8.31,8.66,0.4,-5.38,5.98,5.97,14.05,4.38,7.11,5.29,96.8,39.74,1240234000.0
3976,SHANON Inc.,Technology,33.84,0.0,,,2.4,-10.49,-7.39,-0.35,-5.16,6.7,-4.4,-0.12,5.43,0.73,-2118.08,-1.61,-8.94,-13.35,0.52,9.28,19.47,11.84,-4.12,-9.61,-24.05,-35.8,1.91,95.58,60.24,763133000.0
3979,"Uluru.Co.,Ltd.",Technology,127.49,0.94,17.46,,8.79,1.07,8.64,0.33,6.17,11.74,5.11,11.57,2.58,9.47,43.18,12.03,11.38,22.3,0.18,15.68,12.86,22.12,17.96,,15.75,27.45,-3.17,86.85,71.76,4580759000.0
3981,Beaglee Inc.,Communication Services,67.8,3.71,10.34,,18.69,31.89,24.87,31.48,25.15,22.71,34.54,27.43,35.09,28.23,11.56,8.18,9.69,7.85,9.38,-9.36,-3.32,1.96,6.14,11.1,10.98,5.6,6.14,74.29,34.13,5293996000.0
3983,"oRo Co., Ltd.",Technology,288.51,2.63,13.83,,6.59,8.14,8.4,4.86,7.71,6.99,8.63,8.72,5.56,8.11,5.07,31.89,34.44,36.22,36.82,5.17,12.32,13.24,17.19,862.56,18.57,19.26,20.29,93.02,65.68,10775741000.0
3984,"User Local, Inc.",Technology,253.43,1.89,15.62,,8.6,6.1,6.03,5.09,6.91,8.83,7.13,6.1,5.18,7.35,6.03,41.1,43.03,44.22,41.73,16.61,17.26,18.82,16.44,,16.42,15.42,16.43,,89.01,9749289000.0
3985,TEMONA.inc.,Communication Services,21.4,0.0,-15.15,,8.34,-4.12,3.79,-14.15,2.67,10.46,1.38,10.73,-5.99,7.52,161.08,8.51,-3.08,-3.58,-8.68,0.36,-22.0,3.87,4.96,29.66,-5.45,-4.41,-9.14,44.43,53.28,1231502000.0
3986,"bBreak Systems Company, Limited",Technology,22.1,3.34,21.59,,8.0,7.24,8.82,,8.02,10.86,7.24,8.82,,8.97,8.77,,,10.93,12.79,,,0.89,,,,7.2,9.51,,45.24,0.0
3987,Ecomott Inc.,Technology,32.35,0.0,,,-13.3,-4.1,-6.58,0.95,-7.99,-9.14,0.35,-5.56,2.6,-4.78,398.49,1.65,0.28,-3.44,0.88,11.56,-0.84,22.48,20.94,25.65,0.58,-6.12,1.09,44.94,35.62,333366000.0
3988,"SYS Holdings Co., Ltd.",Technology,59.47,3.2,10.83,,5.98,10.11,6.51,4.29,7.53,9.49,12.12,7.34,5.11,9.65,21.63,5.02,5.52,4.95,5.75,13.34,17.86,38.84,7.5,35.28,9.42,7.23,9.6,73.31,22.15,4474969000.0
3989,"Sharingtechnology, Inc.",Communication Services,369.74,4.37,25.0,,4.41,6.11,3.96,1.91,4.83,5.36,6.14,3.99,1.96,5.16,6.32,24.17,23.86,19.92,9.07,14.35,20.46,40.63,26.33,6004.3,38.02,58.96,36.05,94.89,91.5,5444386000.0
3991,"Wantedly, Inc.",Communication Services,89.84,2.09,10.56,,22.75,11.21,9.45,13.38,14.47,22.98,11.4,9.63,13.57,14.67,1.48,33.51,33.76,33.49,27.83,3.95,-0.51,5.53,21.83,,26.12,32.12,36.58,,33.51,6237144000.0
3992,Needs Well Inc.,Technology,176.43,2.56,21.98,,4.28,2.28,5.37,2.27,3.98,4.51,2.54,5.55,2.48,4.2,6.23,11.52,12.41,12.56,10.26,5.07,8.99,30.18,16.13,38.04,18.72,21.63,13.33,99.49,22.71,2760544000.0
3993,PKSHA Technology Inc.,Technology,966.25,0.31,39.95,,4.4,2.26,2.46,2.17,3.04,5.36,3.12,3.19,2.79,3.89,22.76,24.29,19.0,5.54,13.6,28.88,21.46,20.84,7.03,12.55,5.61,-0.16,2.75,82.48,49.81,19387418000.0
3994,"Money Forward, Inc.",Technology,3196.45,0.0,73.23,,-2.38,-3.48,-0.91,-2.63,-2.26,0.47,-1.49,0.77,-1.29,-0.08,230.93,-5.27,-11.73,-20.83,-39.43,24.74,32.86,41.46,-2.2,-5.9,-7.14,-10.87,-17.25,54.91,67.99,48795657000.0
3996,Signpost Corporation,Technology,27.9,0.0,36.7,,4.02,11.19,1.28,-6.63,5.5,4.05,11.35,1.76,-6.62,5.72,9.96,3.14,6.62,3.47,-4.3,3.81,3.2,13.81,3.43,14.4,11.31,8.62,-6.18,80.22,32.08,1807340000.0
3997,"TRADE WORKS Co., Ltd",Technology,174.27,0.46,113.46,,-1.0,-0.78,-1.25,2.24,-1.01,1.79,1.6,-1.19,2.29,0.73,99.8,5.14,-1.2,0.83,9.74,10.04,22.32,14.76,3.15,4.77,-3.91,1.44,14.57,83.64,24.66,973074000.0
3998,"SuRaLa Net Co.,Ltd.",Consumer Defensive,18.05,0.0,4.78,,-13.56,-2.35,2.7,9.58,-4.4,13.28,20.66,26.35,30.06,20.1,134.41,3.4,10.86,18.05,22.14,-0.82,-9.22,-0.09,0.63,0.97,4.3,13.25,15.91,81.47,61.14,767888000.0
4004,Resonac Holdings Corporation,Basic Materials,28380.17,0.44,51.1,,0.83,2.65,1.17,0.41,1.55,4.59,5.77,4.18,3.5,4.85,69.32,3.46,6.4,-0.73,4.43,-3.19,7.42,-6.98,1.96,2.38,4.74,-0.28,3.03,45.7,24.04,294022000000.0
4005,"Sumitomo Chemical Company, Limited",Basic Materials,9683.28,2.72,15.77,,11.69,10.59,-21.09,-3.3,0.4,24.24,24.06,-5.3,11.53,14.33,-63.38,8.38,6.61,-17.63,-0.84,-10.66,6.51,-15.49,8.98,10.18,5.79,-17.16,186.4,55.51,28.7,256140000000.0
4008,"Sumitomo Seika Chemicals Company, Limited.",Basic Materials,996.46,4.6,13.11,,4.23,-7.42,2.04,-0.13,-0.38,17.54,13.73,12.05,6.73,14.44,104.33,9.75,7.26,6.67,7.31,0.53,3.21,-0.04,7.85,9.25,6.81,6.33,8.09,81.3,23.89,18217000000.0
4011,"Headwaters Co.,Ltd",Technology,143.45,0.0,35.0,,-0.43,0.82,0.5,0.3,0.3,-0.27,1.01,0.61,0.59,0.45,-7.38,5.88,10.6,4.1,6.99,34.21,25.52,47.03,4.18,5.19,18.42,7.17,8.83,68.18,44.43,625145000.0
4012,"Axis Co.,Ltd.",Technology,74.59,3.27,10.31,,7.96,7.4,5.86,5.99,7.07,8.34,7.47,6.41,6.34,7.41,4.7,10.92,10.63,9.92,10.7,9.41,12.97,33.81,15.28,96.47,15.62,15.14,14.6,,25.05,3430613000.0
4013,"Kinjiro Co.,Ltd.",Technology,127.44,1.5,12.91,,9.47,1.65,3.11,-41.65,4.74,17.27,9.07,11.51,3.22,12.62,66.66,28.33,16.68,14.58,12.51,22.71,11.55,10.47,8.34,14.18,4.15,3.27,2.68,86.01,68.06,4994739000.0
4014,"Karadanote, Inc.",Technology,29.89,0.0,11.67,,-3.69,-8.64,-11.68,,-8.0,-3.59,-8.55,-11.61,,-7.92,-1.5,,,4.59,-11.58,,,6.69,,,,10.26,,51.54,74.03,483476000.0
4015,Paycloud Holdings Inc.,Technology,80.5,0.0,125.78,,13.85,12.3,5.35,-5.06,10.5,17.5,14.46,6.98,-2.71,12.98,19.69,7.15,4.93,3.65,-13.78,49.33,53.1,284.08,4.24,13.86,1.28,4.03,-4.88,73.59,39.13,4373643000.0
4016,"MIT Holdings Co., Ltd.",Technology,21.43,2.74,29.48,,11.45,13.39,4.05,0.13,9.63,14.38,16.56,10.95,8.28,13.96,34.17,3.31,3.77,1.76,2.76,-2.34,9.49,9.84,6.82,15.65,7.37,2.3,3.93,56.96,21.45,817506000.0
4017,Creema Ltd.,Consumer Cyclical,14.5,0.0,52.83,,33.6,1.53,7.78,-30.22,14.3,37.62,1.58,7.82,-22.13,15.67,4.8,1.68,4.11,1.65,-15.43,1.12,-0.08,0.36,1.16,,7.09,3.13,-29.85,77.03,79.68,3015082000.0
4019,"Stmn, Inc.",Technology,54.97,3.19,18.8,,-0.81,6.36,3.29,0.44,2.95,0.02,7.13,3.68,2.96,3.61,1589.29,7.63,8.34,8.77,10.12,41.79,43.29,44.44,12.45,38.88,10.06,10.28,9.45,95.97,73.39,1105781000.0
4020,Betrend Corporation,Technology,17.66,0.0,,,-8.33,4.01,-0.39,9.35,-1.57,0.98,8.01,2.58,11.82,3.86,372.79,-7.06,6.93,9.07,13.52,0.32,5.92,0.22,-13.18,-32.9,6.43,8.04,12.77,,46.96,467438000.0
4021,Nissan Chemical Corporation,Basic Materials,11126.75,2.56,22.56,,3.92,3.67,1.14,1.35,2.91,5.77,5.32,3.03,3.17,4.71,41.8,22.73,22.61,21.26,22.93,11.23,10.88,-0.6,16.58,18.88,14.99,13.25,15.57,85.2,46.83,35729000000.0
4022,"Rasa Industries, Ltd.",Basic Materials,742.17,1.93,17.03,,2.39,4.27,5.37,1.51,4.01,8.29,6.79,6.7,2.75,7.26,42.68,12.6,10.43,8.39,9.32,5.08,6.15,-13.73,10.76,12.27,8.89,7.33,9.23,81.8,22.96,4823000000.0
4023,Kureha Corporation,Basic Materials,1591.91,5.26,22.15,,-8.99,-13.25,5.34,10.05,-5.63,18.55,7.29,14.29,17.95,13.38,164.32,-12.23,5.83,7.55,10.99,-0.2,-8.97,-6.96,-4.0,-4.47,2.52,3.49,6.55,58.12,28.17,29732000000.0
4025,"Taki Chemical Co., Ltd.",Basic Materials,484.98,1.83,12.97,,4.76,8.95,3.34,2.98,5.68,4.76,8.95,3.34,2.98,5.68,0.0,7.54,6.86,2.62,7.68,7.87,11.66,-2.77,5.43,6.53,4.85,1.79,5.59,97.56,24.4,7365000000.0
4026,"Konoshima Chemical Co.,Ltd.",Industrials,140.58,3.34,7.63,,1.1,13.26,-16.0,-16.79,-0.55,22.45,21.99,23.77,12.93,22.74,100.7,9.58,6.54,8.17,9.06,2.2,5.51,8.29,8.23,8.67,7.0,7.72,8.51,35.51,28.94,1204000000.0
4027,Tayca Corporation,Basic Materials,529.77,3.37,10.99,,-2.71,-4.3,2.57,-3.98,-1.48,8.57,9.54,9.4,1.1,9.17,116.44,3.79,6.33,4.39,7.71,2.94,5.18,-3.25,2.58,3.04,3.47,2.47,4.99,84.54,15.68,11273000000.0
4028,"Ishihara Sangyo Kaisha,Ltd.",Basic Materials,1108.92,4.47,6.66,,15.56,16.53,-2.53,-5.43,9.85,15.56,16.53,-2.53,-5.43,9.85,0.0,12.32,7.22,8.3,6.58,6.68,4.87,5.5,7.92,9.3,4.52,5.63,4.23,65.59,32.06,29424000000.0
402A,Axelspace Holdings Corporation,Industrials,366.09,0.0,,,-19.03,-12.1,-7.54,-3.47,-12.89,-14.0,-11.83,-7.05,-3.36,-10.96,-15.08,-152.41,-157.23,-120.25,-132.1,58.07,-24.82,60.68,-31.22,-59.38,-29.88,-43.48,-67.81,57.03,31.79,5815658000.0
4031,Katakura & Co-op Agri Corporation,Basic Materials,96.17,2.58,,,13.97,-24.28,-10.46,-25.37,-6.92,54.84,1.58,15.76,-12.57,24.06,625.69,1.18,1.57,-2.07,6.97,3.1,0.33,-19.2,0.98,1.05,0.95,-1.81,7.09,59.65,15.25,2655000000.0
4040,"Nankai Chemical Company,Limited",Basic Materials,80.13,1.62,2.91,,-19.13,-23.24,7.11,1.63,-11.75,-3.23,2.26,33.12,22.08,10.72,238.45,8.07,6.25,7.83,4.06,0.78,4.57,1.97,8.11,9.46,7.48,9.12,5.47,77.41,28.39,2040000000.0
4041,"Nippon Soda Co., Ltd.",Basic Materials,2077.14,4.16,11.57,,3.36,1.68,-2.74,1.44,0.77,10.4,10.9,2.76,7.51,8.02,117.22,9.84,10.35,8.98,9.78,-2.0,0.5,-10.64,4.32,4.77,5.06,4.58,5.86,79.19,29.61,24626000000.0
4042,Tosoh Corporation,Basic Materials,8179.11,3.78,20.07,,14.01,12.99,14.3,-1.99,13.77,14.01,12.99,14.3,-1.99,13.77,0.0,9.37,9.3,7.94,7.01,-4.09,5.74,-5.52,5.79,7.43,6.93,5.85,5.62,76.7,25.59,233472000000.0
4043,Tokuyama Corporation,Basic Materials,3038.24,3.4,13.5,,7.2,9.8,7.98,-14.39,8.33,16.78,17.24,18.38,-3.88,17.47,52.28,9.55,8.74,7.5,4.08,1.87,0.32,-2.79,4.71,5.28,6.09,4.95,2.54,64.71,35.75,47193000000.0
4044,"Central Glass Co., Ltd.",Basic Materials,1149.15,3.72,13.75,,14.85,15.66,13.17,8.91,14.56,23.01,20.53,19.35,14.44,20.96,30.37,6.94,7.37,9.06,9.9,0.17,-10.04,-5.3,5.02,6.03,4.52,6.97,9.67,82.17,26.7,25697000000.0
4045,"Toagosei Co., Ltd.",Basic Materials,1931.79,3.96,14.91,,-4.72,-1.25,5.17,-4.82,-0.27,11.54,10.45,11.2,5.69,11.06,102.27,8.74,8.49,7.84,8.94,-3.15,5.16,-0.9,4.46,5.15,4.6,4.02,4.88,91.49,29.04,31518000000.0
4046,"Osaka Soda Co., Ltd.",Basic Materials,2425.68,1.51,16.23,,5.15,3.91,1.33,1.75,3.46,8.19,7.03,3.54,3.86,6.25,47.97,17.64,13.74,11.1,14.93,3.66,1.99,-9.26,9.4,14.75,7.58,5.99,9.56,94.43,33.74,48801000000.0
4047,"Kanto Denka Kogyo Co., Ltd.",Basic Materials,1377.07,1.5,36.38,,-0.92,-1.78,0.18,-6.18,-0.84,5.29,9.5,8.14,5.29,7.64,111.32,8.38,6.85,-3.04,16.46,4.89,-3.73,-17.68,3.24,3.96,2.81,-1.55,8.77,65.08,24.21,20220000000.0
4051,"GMO Financial Gate, Inc.",Technology,511.91,2.03,31.11,,0.73,2.23,0.72,-1.4,1.23,2.4,3.34,1.69,-0.41,2.48,53.44,12.44,8.19,7.13,7.19,-4.16,17.58,54.53,19.54,40.47,14.27,12.76,10.64,62.08,36.86,4270203000.0
4052,Ficha Inc.,Technology,59.41,0.0,82.6,,-0.47,-0.3,0.2,,-0.19,-0.32,0.02,0.28,,-0.01,435.36,,-0.72,-5.95,6.71,,26.82,1.83,,,-1.73,-4.57,,,71.02,578443000.0
4053,Sun* Inc.,Technology,197.44,1.98,21.64,,6.53,4.73,9.06,3.19,6.77,6.86,5.12,9.54,4.09,7.17,5.79,7.1,10.64,14.18,8.39,9.34,8.41,16.48,4.44,29.44,9.0,13.9,8.62,77.7,48.46,10560000000.0
4054,"Japan PropTech Co.,Ltd.",Technology,71.71,2.49,12.53,,1.83,-0.46,0.4,,0.59,8.93,3.89,4.77,,5.86,94.32,,15.99,8.74,16.4,,17.68,23.47,,,13.27,4.79,,99.95,65.4,961024000.0
4055,T&S Group Inc.,Technology,123.77,0.66,22.87,,6.12,2.99,3.09,2.18,4.07,6.13,3.02,3.13,2.2,4.09,0.73,18.43,18.69,18.97,15.11,19.18,5.71,19.18,17.54,163.17,19.31,20.09,16.73,,30.19,2599838000.0
4056,Neural Group Inc.,Technology,35.41,0.0,0.48,,4.22,5.36,-12.86,-12.87,-1.09,4.24,5.5,-10.93,-8.99,-0.4,-4.91,-0.2,1.0,-20.73,-10.84,-7.45,12.16,10.4,-0.36,-0.86,-7.65,-20.0,-8.95,41.47,65.03,2217012000.0
4057,"Interfactory, Inc.",Communication Services,14.21,0.0,41.56,,-4.32,14.14,-6.92,-18.47,0.97,10.24,26.49,3.54,9.15,13.42,161.41,2.26,6.85,-0.96,2.14,-0.1,10.39,4.35,2.61,3.47,9.11,-1.81,2.28,77.58,41.12,386660000.0
4058,"Toyokumo, Inc.",Technology,243.62,1.17,18.21,,7.91,5.2,3.15,2.65,5.42,8.29,5.49,3.16,2.67,5.65,3.37,33.06,36.94,35.95,33.01,54.42,29.24,25.66,27.0,,27.61,28.18,26.14,,95.8,4407000000.0
4059,"Magmag, Inc.",Communication Services,11.47,0.0,52.6,,7.16,-0.23,-13.33,-21.9,-2.13,8.78,0.72,1.74,-0.54,3.75,338.5,4.61,1.23,-16.6,1.62,-3.54,-4.31,-16.96,2.24,,0.7,-8.88,0.35,,64.7,928339000.0
4060,rakumo Inc.,Technology,69.76,1.16,28.86,,5.68,5.7,4.21,3.25,5.2,7.32,6.64,5.04,3.94,6.33,17.75,23.39,26.57,23.47,21.18,26.78,11.42,18.11,8.77,21.19,12.1,10.69,16.07,63.19,70.44,1818791000.0
4061,Denka Company Limited,Basic Materials,2889.41,2.98,18.41,,-10.9,-14.26,-2.91,-10.69,-9.36,12.51,6.44,12.55,3.1,10.5,210.55,6.83,3.6,3.44,7.93,-4.0,2.82,-4.49,2.6,2.78,2.8,2.3,6.2,58.61,24.53,35270000000.0
4062,"Ibiden Co.,Ltd.",Technology,65621.78,0.09,94.73,,-0.01,-1.21,0.9,0.33,-0.11,1.62,1.81,2.21,1.92,1.88,109.09,14.9,12.89,12.84,17.33,12.66,-0.29,-11.27,5.88,9.78,3.78,3.8,7.67,75.8,31.64,295681000000.0
4063,"Shin-Etsu Chemical Co., Ltd.",Basic Materials,106889.16,1.97,23.31,,3.34,4.11,3.53,4.57,3.66,6.67,8.25,7.07,7.37,7.33,50.05,24.68,28.97,29.03,35.54,0.5,6.06,-14.02,9.64,14.93,11.13,11.61,19.14,94.8,34.22,1667095000000.0
4064,"Nippon Carbide Industries Co., Inc.",Basic Materials,338.05,3.69,12.95,,13.65,9.21,7.2,4.33,10.02,16.47,12.14,15.89,10.67,14.83,32.0,8.2,7.17,1.96,2.87,2.43,12.71,-1.77,6.75,10.27,5.46,1.26,0.98,87.42,33.12,15552000000.0
4068,Basis Corporation,Technology,32.71,0.0,29.17,,-0.07,-0.22,-0.73,,-0.34,1.19,2.25,0.07,,1.17,433.84,,1.19,5.57,7.82,,-0.6,9.56,,,0.88,11.22,,81.14,22.97,970857000.0
4069,BlueMeme Inc.,Technology,21.2,0.0,18.51,,-16.78,8.67,4.28,15.54,-1.28,-16.41,11.9,4.47,15.96,-0.01,9.73,1.33,10.09,15.64,18.86,-6.27,9.49,18.64,-1.24,-3.69,6.71,10.19,10.77,98.86,50.75,1712242000.0
4071,"Plus Alpha Consulting Co.,Ltd.",Technology,884.0,2.37,22.51,,5.76,3.59,3.71,1.85,4.35,5.83,3.75,3.74,2.05,4.44,2.2,37.34,32.55,33.22,33.67,22.78,24.55,41.22,27.18,3203.74,26.19,28.27,27.56,,72.16,14664506000.0
4072,"Densan System Holdings Co., Ltd.",Technology,349.85,3.11,11.09,,10.1,6.85,13.39,3.82,10.11,11.91,8.64,15.74,5.45,12.1,16.91,5.32,3.77,6.65,6.38,11.22,2.79,11.43,11.26,109.48,7.09,11.41,11.83,97.75,16.17,22666000000.0
4073,"Global Communication Planning Co.,Ltd.",Technology,16.29,0.0,22.88,,2.19,,-8.75,-23.95,-3.28,9.99,,3.9,-15.42,6.94,201.28,3.08,,3.36,-17.62,,,12.33,8.65,15.95,,6.93,-23.69,21.03,32.52,771751000.0
4074,"LaKeel, Inc.",Technology,52.35,0.0,6.34,,1.1,11.72,3.17,18.32,5.33,11.01,21.62,12.77,23.65,15.13,70.32,5.76,7.03,10.12,11.22,-3.02,4.12,11.23,6.25,12.61,8.13,10.56,11.06,80.31,33.48,2345908000.0
4075,"Brains Technology, Inc.",Technology,85.37,0.0,44.96,,-0.1,0.66,-0.65,,-0.03,2.7,3.22,1.58,,2.5,108.06,,,7.29,15.49,,,-4.67,,,,3.41,,,65.11,1309861000.0
4076,"CNS Co.,Ltd",Technology,58.7,3.5,9.94,,2.97,7.16,9.43,5.01,6.52,9.88,7.56,9.62,6.01,9.02,25.71,8.82,7.93,9.31,9.33,10.98,5.23,11.15,12.09,95.25,10.27,12.2,12.25,99.91,24.48,3786738000.0
4078,"Sakai Chemical Industry Co., Ltd.",Basic Materials,577.58,4.3,23.64,,14.56,8.76,4.92,-3.26,9.41,25.07,20.78,11.89,1.34,19.25,52.8,7.92,7.22,3.58,5.26,-3.51,2.81,-2.09,4.4,5.27,5.24,5.32,2.26,86.98,25.42,15502000000.0
407A,エラー,,,,,,,,,,,,,,,,,,,,,,,,,,,,,,,
4082,"Daiichi Kigenso Kagaku Kogyo Co., Ltd.",Basic Materials,558.16,1.29,22.27,,5.97,3.36,1.66,-0.94,3.66,9.24,6.27,9.51,6.97,8.34,54.79,9.73,6.79,6.88,15.08,6.27,-4.48,-1.48,4.27,5.24,1.83,1.82,6.2,66.11,28.9,11139000000.0
4088,Air Water Inc.,Basic Materials,6673.87,2.53,16.62,,5.14,3.41,1.97,-1.46,3.51,16.12,13.9,11.93,8.53,13.98,75.68,5.75,-3.86,6.46,5.94,-5.04,4.12,1.95,4.34,4.88,-6.13,5.05,5.28,44.35,22.09,94367000000.0
4091,Nippon Sanso Holdings Corporation,Basic Materials,24369.64,1.18,19.66,,6.71,3.62,4.01,3.94,4.78,11.19,9.65,8.86,7.71,9.9,52.42,14.22,12.3,13.39,9.77,3.94,4.22,5.76,6.66,7.33,6.17,6.76,5.14,60.17,42.84,192374000000.0
4092,"Nippon Chemical Industrial Co., Ltd.",Basic Materials,489.27,4.18,17.12,,0.18,2.19,1.83,-3.09,1.4,10.98,13.01,12.57,3.05,12.19,89.0,6.01,8.61,5.87,3.39,3.45,0.79,1.22,2.97,3.4,4.22,2.63,1.46,79.5,19.91,8112000000.0
4093,"Toho Acetylene Co., Ltd.",Basic Materials,151.71,4.16,11.79,,5.38,9.59,9.01,4.22,7.99,15.82,14.71,15.86,7.29,15.46,48.0,5.5,5.5,5.98,4.47,-0.65,-1.75,3.92,5.72,10.05,5.84,6.6,5.06,86.71,32.51,9642544000.0
4094,"Nihon Kagaku Sangyo Co., Ltd.",Basic Materials,443.75,3.95,19.41,,3.98,3.73,4.36,5.43,4.02,7.65,7.45,6.98,6.91,7.36,45.14,12.14,11.25,9.7,12.05,10.19,13.35,-6.73,4.58,7.75,4.38,3.28,4.76,,24.68,20779933000.0
4095,"Nihon Parkerizing Co., Ltd.",Basic Materials,1890.95,2.81,15.36,,7.02,-0.72,7.79,3.7,4.7,13.43,6.35,12.04,8.78,10.61,64.81,10.73,11.34,12.2,10.63,4.44,5.75,4.96,4.57,7.15,5.52,6.03,5.54,99.89,33.38,73059000000.0
4097,"Koatsu Gas Kogyo Co., Ltd.",Basic Materials,680.66,3.26,14.61,,5.17,3.17,3.82,-1.9,4.05,11.76,9.43,11.9,8.3,11.03,63.42,5.96,6.04,6.16,5.6,-0.31,6.12,1.97,4.34,6.23,4.43,4.49,4.36,92.66,26.84,27537000000.0
4098,"Titan Kogyo, Ltd.",Basic Materials,29.76,1.21,14.7,,25.1,21.23,20.9,-13.07,22.41,34.37,27.45,24.46,-6.85,28.76,21.39,3.67,2.12,-9.14,4.78,4.43,-2.0,-1.45,2.77,3.01,0.93,-6.7,3.92,52.06,16.67,863000000.0
4099,Shikoku Kasei Holdings Corporation,Basic Materials,1924.59,1.77,16.92,,1.97,2.61,4.12,0.48,2.9,5.71,4.69,6.73,2.64,5.71,49.52,15.38,14.02,12.71,15.52,1.74,10.1,16.59,6.35,10.61,6.05,5.13,5.87,79.35,43.35,47429000000.0
409A,"Orion Breweries, Ltd.",Consumer Defensive,488.95,2.92,10.18,,-1.7,7.88,,,3.09,3.75,12.52,,,8.14,91.22,10.96,12.05,,,-9.9,,,6.24,9.85,5.63,,,52.05,49.6,13203000000.0
4100,TODA KOGYO CORP.,Basic Materials,110.89,0.0,3.56,,13.64,7.07,-19.06,-8.45,0.55,29.97,34.45,-5.82,7.51,19.53,-31.27,3.09,-2.04,0.46,3.92,-11.45,20.71,-24.9,2.83,3.6,-1.99,0.34,2.85,32.7,24.04,7282000000.0
4102,"Maruo Calcium Co., Ltd.",Basic Materials,30.79,2.08,10.72,,12.81,-20.13,5.87,-7.37,-0.48,31.15,8.02,16.53,15.09,18.57,158.14,0.68,0.04,1.07,0.27,-1.59,-0.35,2.34,0.53,0.68,0.03,0.79,0.19,82.25,17.36,2651179000.0
4107,ISE Chemicals Corporation,Basic Materials,1984.81,1.03,33.09,,2.44,0.33,1.24,0.02,1.34,3.79,1.74,2.2,1.08,2.58,53.35,24.16,23.01,20.05,14.7,17.94,26.03,3.32,16.59,23.15,14.52,11.5,8.97,98.82,31.59,11503000000.0
4109,Stella Chemifa Corporation,Basic Materials,655.51,3.33,20.95,,2.17,4.49,1.04,1.6,2.57,9.17,10.85,9.98,8.59,10.0,74.84,12.62,11.96,8.94,9.93,1.41,19.19,-13.95,6.03,8.35,5.89,3.89,4.42,90.1,23.32,14817000000.0
410A,"GMO Commerce, Inc.",Technology,69.79,4.28,18.48,,3.08,3.99,5.45,,4.17,5.17,5.05,5.66,,5.29,21.7,21.29,17.58,12.42,,23.98,12.32,,12.72,,40.23,35.61,,79.08,82.65,2907986000.0
4112,"Hodogaya Chemical Co., Ltd.",Basic Materials,343.96,2.8,11.25,,-0.74,0.72,8.69,-5.98,2.89,17.71,16.48,24.26,3.08,19.48,88.0,7.74,10.05,8.94,8.55,-1.11,9.75,2.16,6.16,7.37,8.1,5.52,5.19,87.93,39.05,10137000000.0
4113,"Taoka Chemical Company, Limited",Basic Materials,116.92,0.74,7.63,,9.74,25.36,21.26,-24.38,18.79,17.61,37.38,31.03,12.64,28.67,36.11,6.16,6.3,3.77,1.5,10.9,4.86,-5.38,7.46,8.0,7.11,4.03,1.4,96.45,17.38,1387000000.0
4114,"Nippon Shokubai Co., Ltd.",Basic Materials,3842.17,5.43,23.16,,0.99,3.12,9.71,4.78,4.61,13.94,12.23,15.06,10.79,13.74,67.65,4.38,4.66,4.23,5.61,-2.31,4.42,-6.57,3.13,3.62,3.57,3.08,4.39,85.99,18.71,60920000000.0
4116,"Dainichiseika Color & Chemicals Mfg. Co., Ltd.",Basic Materials,930.41,3.58,11.51,,2.55,-1.62,4.81,-2.41,1.91,9.72,4.48,9.69,3.23,7.96,86.75,6.12,5.62,3.8,2.16,-0.37,4.12,-1.79,3.48,4.09,3.44,2.28,1.29,88.74,20.95,23436000000.0
4118,Kaneka Corporation,Basic Materials,3694.14,3.45,12.33,,-0.88,-3.99,-0.91,-3.6,-1.93,13.57,11.17,16.76,7.77,13.83,115.88,4.05,4.96,4.27,4.64,0.55,5.89,0.86,3.36,3.62,4.31,3.48,4.51,69.92,27.79,50973000000.0
4119,Nippon Pigment Holdings Company Limited,Basic Materials,96.84,1.66,8.35,,38.41,-14.2,9.19,-0.21,11.13,48.67,-4.27,15.73,10.26,20.04,-56.53,3.57,0.47,1.6,-0.22,11.35,42.12,-2.84,4.52,5.87,0.66,1.19,-0.18,83.8,16.79,6330216000.0
4120,"Sugai Chemical Industry Co., Ltd.",Basic Materials,40.63,3.12,8.81,,26.74,-11.69,17.4,7.77,10.82,41.81,1.77,29.3,22.94,24.29,279.25,7.61,8.17,8.38,9.22,-2.86,-13.06,7.9,3.63,4.01,3.93,7.45,5.86,89.85,21.88,933324000.0
4124,Osaka Yuka Industry Ltd.,Basic Materials,25.82,1.84,24.12,,5.68,-0.58,3.82,4.33,2.97,8.01,2.01,8.17,8.47,6.06,70.48,11.81,1.9,9.34,11.65,19.34,-20.07,4.65,-16.99,-36.14,0.0,14.36,4.78,,48.46,872761000.0
4125,Sanwayuka Industry Corporation,Industrials,156.61,1.37,14.6,,-13.07,-4.85,5.22,4.27,-4.23,12.42,10.67,13.01,16.75,12.03,136.84,18.33,17.07,18.74,19.2,26.33,2.61,-9.99,11.16,12.43,10.22,11.65,13.23,58.11,28.39,2159667000.0
414A,"OVERLAP Holdings,Inc.",Communication Services,174.87,4.98,8.28,,7.99,10.79,11.45,,10.08,7.99,11.01,11.46,,10.15,0.73,35.47,25.6,20.05,,1.57,7.99,,14.98,18.54,10.21,6.71,,56.92,53.16,2796000000.0
4151,"Kyowa Kirin Co., Ltd.",Healthcare,11869.71,3.1,14.59,,0.45,-3.15,6.97,1.69,1.42,7.49,5.72,9.74,4.1,7.65,92.48,20.59,18.54,21.67,20.68,0.26,12.06,11.01,8.8,11.67,7.75,9.57,8.56,,74.25,219823000000.0
415A,"GMO TECH Holdings, Inc.",Communication Services,84.14,5.18,4.1,,0.44,3.29,2.65,-1.93,2.13,3.16,4.78,4.21,-0.39,4.05,51.4,7.51,13.09,9.05,4.14,0.8,9.78,14.66,11.86,35.31,44.33,37.56,45.86,95.42,48.82,2765000000.0
4165,"PLAID,Inc.",Technology,272.03,0.0,36.01,,4.67,3.1,-1.37,-3.25,2.13,5.06,3.31,-1.2,-2.97,2.39,-0.11,10.69,2.37,-10.21,-12.1,21.87,27.32,18.35,17.79,23749.88,53.04,-22.33,-15.03,54.59,73.07,6601979000.0
4166,Cacco Inc.,Technology,18.01,0.0,,,-4.26,-11.15,-5.89,11.8,-7.1,-4.1,-11.03,-2.74,13.9,-5.96,-40.01,-16.28,-33.31,-11.34,16.41,11.64,-22.95,-11.53,-15.06,-105.64,-26.8,-9.43,8.14,61.69,69.82,762439000.0
4167,Kokopelli Inc.,Technology,25.35,0.0,18.71,,-11.36,4.11,-0.82,-5.87,-2.69,1.28,16.16,5.55,-0.98,7.66,391.19,-23.27,9.86,1.86,3.6,-12.41,10.24,2.53,-26.27,-72.41,5.66,1.25,1.04,93.05,43.51,1043904000.0
4168,"Yappli, Inc.",Technology,101.63,1.86,9.18,,7.64,3.46,-1.6,-9.32,3.17,7.64,3.61,-1.59,-9.12,3.22,1.18,14.58,10.0,5.44,-19.77,9.89,13.29,17.43,22.46,48.24,21.18,3.29,-36.53,77.33,66.48,2204480000.0
4169,ENECHANGE Ltd.,Technology,97.24,0.0,81.94,,6.35,-32.82,-22.96,4.17,-16.48,6.74,-19.69,-19.65,4.95,-10.87,-25.92,8.85,-48.53,-30.04,1.35,52.95,17.27,23.73,-12.47,-78.08,-37.7,-59.71,26.71,90.45,88.18,4494153000.0
416A,"Fuji United Holdings Company,Ltd.",Energy,91.6,4.51,12.53,,8.25,3.64,11.91,0.71,7.93,22.14,14.75,21.39,9.5,19.43,60.79,1.58,1.17,1.47,0.53,9.82,10.39,-4.86,5.53,9.42,4.51,5.93,2.03,80.62,8.07,5073000000.0
4170,"Kaizen Platform, Inc.",Communication Services,19.15,0.0,9.33,,14.0,8.75,-1.01,-4.71,7.25,14.99,11.31,4.1,6.67,10.13,51.35,0.67,-0.63,-0.59,-3.85,-3.74,4.16,62.8,0.61,3.05,-1.05,0.29,-2.92,82.57,32.07,2966703000.0
4172,"Hi-CRATES CO.,LTD.",Healthcare,51.71,3.73,11.44,,8.09,9.49,-2.24,4.72,5.11,8.92,9.76,1.18,6.63,6.62,100.56,22.83,19.97,11.31,18.8,13.85,3.55,-7.84,9.02,15.14,7.34,4.14,7.67,,77.01,1696967000.0
4174,Appirits Inc.,Technology,40.74,2.85,7.39,,-1.28,-4.3,5.1,11.72,-0.16,-0.11,0.25,6.18,13.15,2.11,270.9,-3.11,2.06,7.12,6.32,10.51,6.89,15.09,-12.67,-29.27,1.45,12.32,8.86,46.15,15.53,2118468000.0
4175,coly Inc.,Communication Services,163.98,0.0,,,-3.67,-2.8,-3.36,-4.42,-3.28,-2.86,-2.52,-3.16,-4.17,-2.85,-15.25,-2.05,-7.94,-16.07,-3.74,7.99,28.36,-8.54,-1.23,-1.91,-9.78,-14.16,-3.5,94.91,42.29,2003794000.0
4176,coconala Inc.,Communication Services,61.82,0.0,21.18,,3.86,9.94,0.25,-7.53,4.68,4.13,10.0,1.85,-6.79,5.33,31.16,2.72,4.63,-2.7,-13.43,42.83,40.81,21.94,8.1,42.04,4.85,-6.8,-25.88,67.68,65.07,2936000000.0
4177,"i-plug,Inc.",Industrials,54.68,3.85,11.44,,18.62,8.95,3.66,-9.35,10.41,27.17,15.03,8.97,-5.33,17.06,43.69,12.43,11.38,3.03,-11.01,13.23,10.47,23.02,21.58,,32.84,17.0,-26.6,93.42,89.25,3266886000.0
4178,Sharing Innovations Inc.,Technology,20.63,0.0,30.34,,5.56,12.71,2.99,4.01,7.09,5.57,12.97,3.11,4.68,7.22,2.06,2.25,4.63,2.45,3.25,-13.75,2.2,-2.53,1.46,3.95,7.63,2.58,6.76,87.82,19.97,1178849000.0
4179,G-NEXT Inc.,Technology,18.67,0.0,,,-8.71,-12.54,-3.19,-3.55,-8.15,-8.71,-12.54,-3.11,-2.91,-8.12,-0.94,-6.91,-25.19,-24.3,-39.03,46.85,13.24,-5.62,-35.31,-413.06,-57.6,-83.51,-69.43,44.71,37.84,182835000.0
417A,"Blue Zones Holdings Co.,Ltd.",Consumer Defensive,3815.2,1.7,16.3,,2.92,1.58,3.29,3.27,2.6,12.34,11.32,9.74,8.72,11.13,76.22,4.48,4.54,4.73,4.65,10.42,18.85,9.76,9.33,11.53,9.27,8.59,7.72,71.84,27.47,54323000000.0
4180,"Appier Group, Inc.",Technology,1507.13,0.15,44.89,,-1.18,-1.55,-0.75,-0.95,-1.16,2.17,1.28,1.48,0.66,1.64,175.33,6.8,5.82,3.03,0.26,28.42,28.92,35.99,6.1,10.81,7.85,2.38,0.03,76.4,53.77,20354000000.0
4182,"Mitsubishi Gas Chemical Company, Inc.",Basic Materials,7617.59,2.86,14.13,,9.81,9.9,9.65,7.25,9.79,9.81,9.9,9.65,7.25,9.79,0.0,6.14,6.57,5.82,6.28,-4.57,-4.9,4.12,11.09,12.05,5.29,4.5,5.1,76.16,21.86,68966000000.0
4183,"Mitsui Chemicals, Inc.",Basic Materials,7670.01,3.49,23.16,,8.1,0.96,-4.77,-3.08,1.43,26.14,21.04,13.2,12.07,20.13,100.22,3.39,3.64,3.53,5.71,-7.76,3.4,-6.91,2.41,2.79,2.47,2.8,5.41,54.83,22.8,217862000000.0
4186,"Tokyo Ohka Kogyo Co., Ltd.",Technology,10027.59,0.97,24.96,,0.98,0.46,0.2,0.75,0.55,3.51,3.01,1.72,1.89,2.75,81.73,19.99,16.47,13.99,17.2,17.94,23.85,-7.5,14.53,20.15,12.06,8.56,12.6,90.89,37.73,70962000000.0
4187,Osaka Organic Chemical Industry Ltd.,Basic Materials,864.33,2.04,11.04,,6.8,8.74,-0.42,-0.91,5.04,8.21,9.95,5.06,5.47,7.74,45.9,17.06,14.09,12.37,18.41,10.91,13.12,-10.33,8.76,12.73,6.96,5.63,9.47,98.12,31.9,15922597000.0
4188,Mitsubishi Chemical Group Corporation,Basic Materials,15903.44,2.73,12.84,,9.06,14.33,11.99,4.67,11.79,27.43,34.76,29.25,22.33,30.48,61.58,0.87,3.39,5.78,3.69,-6.17,-10.02,-5.34,-20.36,-24.54,2.07,4.75,3.62,57.55,28.92,621608000000.0
4189,"KH Neochem Co., Ltd.",Basic Materials,1155.28,4.64,12.66,,7.77,-1.42,6.88,-4.64,4.41,11.93,6.04,11.43,4.44,9.8,66.06,9.77,10.18,8.63,10.84,-3.89,3.94,0.29,9.57,10.38,9.98,9.02,11.02,82.54,21.6,6719000000.0
4192,SpiderPlus & Co.,Technology,111.61,0.0,176.4,,-0.96,-3.76,-3.71,-15.31,-2.81,0.71,-3.31,-2.97,-8.97,-1.86,65.74,-0.22,-12.75,-13.86,-46.07,20.22,27.47,28.84,-0.13,-0.46,-14.34,-11.66,-27.83,78.18,73.93,2477419000.0
4193,"Fabrica Holdings Co., Ltd.",Technology,112.59,2.39,17.44,,7.57,6.02,2.19,7.52,5.26,11.08,9.39,5.35,9.22,8.61,42.23,11.54,12.02,13.12,16.88,14.78,12.79,7.4,17.77,54.33,11.94,17.13,24.95,,44.71,2454312000.0
4194,"Visional, Inc.",Communication Services,3442.59,0.0,18.94,,5.07,3.03,2.7,,3.6,5.34,3.2,2.79,,3.78,4.58,,26.97,23.5,18.84,,17.54,28.03,,,31.27,31.05,,99.82,89.18,58107000000.0
4196,Neo Marketing Inc.,Communication Services,33.12,0.0,16.76,,1.4,-1.1,7.1,3.82,2.47,1.49,-1.08,7.77,4.24,2.73,4.35,0.47,0.74,13.69,12.46,9.93,-7.8,1.08,2.66,9.44,0.95,20.09,45.78,58.12,46.78,1018964000.0
4197,"Asmarq Co., Ltd.",Industrials,27.5,3.3,24.77,,9.42,11.46,7.43,8.03,9.44,10.39,13.36,9.88,9.7,11.21,16.1,6.35,8.27,7.42,8.32,1.21,1.89,10.02,12.11,106.14,18.34,22.07,26.81,88.14,39.67,1410625000.0
4198,"TENDA Co.,LTD.",Technology,33.98,4.33,180.28,,6.74,18.82,11.64,8.15,12.4,8.6,21.14,14.04,10.03,14.59,16.55,3.23,7.68,10.55,10.75,-7.96,7.72,22.2,1.83,5.21,8.79,11.82,10.8,96.59,36.56,1746818000.0
4199,WonderPlanet Inc.,Technology,20.5,0.0,,,-15.66,14.1,-16.33,-61.97,-5.96,-15.13,14.58,-16.16,-43.42,-5.57,-0.42,-5.6,4.94,1.44,-37.17,-5.44,-29.28,1.23,-6.63,-23.04,5.93,-28.56,-114.65,,20.85,1255186000.0
4202,Daicel Corporation,Basic Materials,3685.76,4.85,37.28,,-0.05,5.71,2.04,-6.8,2.57,18.41,25.34,20.82,7.28,21.52,89.3,7.26,10.4,11.18,8.83,-1.18,5.1,3.72,2.79,3.11,7.34,7.04,5.87,55.23,25.24,68811000000.0
4203,Sumitomo Bakelite Company Limited,Basic Materials,7179.39,1.49,25.6,,2.72,3.91,2.54,1.2,3.06,4.88,6.09,5.6,3.29,5.52,44.83,11.09,8.13,9.47,8.71,4.95,6.09,0.82,6.92,10.53,5.27,5.42,6.4,92.31,31.3,128411000000.0
4204,"Sekisui Chemical Co., Ltd.",Industrials,10195.97,3.26,13.82,,-3.46,4.8,4.53,1.48,1.96,7.68,11.69,10.46,7.02,9.94,86.91,8.13,8.32,7.51,7.38,0.89,3.28,1.13,8.06,8.96,8.45,7.52,8.1,82.33,32.4,97192000000.0
4205,Zeon Corporation,Basic Materials,4668.83,3.26,13.07,,3.1,-2.19,2.45,-2.77,1.12,16.37,4.45,10.16,3.08,10.33,102.06,8.83,6.97,5.36,6.99,-2.06,10.04,-1.63,6.81,7.34,6.13,3.9,5.47,91.46,29.42,28678000000.0
4206,"Aica Kogyo Company, Limited",Industrials,2763.25,3.39,15.84,,0.12,6.44,7.01,4.08,4.52,3.18,9.68,10.31,7.18,7.72,53.89,11.58,11.02,10.69,8.49,1.23,5.1,-2.24,8.22,11.0,9.33,8.63,6.93,83.14,28.3,60213000000.0
4208,UBE Corporation,Basic Materials,3368.0,4.67,14.12,,-3.7,-6.86,6.53,-2.58,-1.34,17.81,10.64,15.72,5.38,14.72,114.57,4.1,3.71,4.8,3.28,-5.02,3.96,-5.36,1.88,2.02,2.12,3.01,8.67,57.86,22.38,55834000000.0
4212,Sekisui Jushi Corporation,Industrials,899.6,2.94,22.96,,2.99,3.3,-0.86,4.14,1.81,8.89,6.9,1.23,5.5,5.67,96.23,7.27,6.75,10.03,13.67,5.3,18.22,-4.71,3.2,3.82,3.12,3.93,5.62,88.84,31.14,18302000000.0
4216,Asahi Yukizai Corporation,Industrials,1143.94,2.13,34.36,,0.53,4.97,4.29,0.87,3.26,9.13,9.91,8.48,5.11,9.17,64.45,9.47,13.06,17.82,15.5,-5.97,-2.59,13.39,5.11,6.96,9.57,14.95,15.01,91.88,36.87,23228000000.0
4218,"Nichiban Co., Ltd.",Industrials,390.5,2.07,23.91,,0.84,5.91,-1.48,0.06,1.76,6.5,9.45,8.16,7.47,8.04,80.89,4.5,5.23,4.42,3.53,2.05,5.54,2.85,3.81,5.49,4.27,3.81,2.61,97.78,29.77,14128000000.0
421A,"Movin' Strategic Career CO., LTD.",Industrials,331.36,0.0,21.27,,5.35,2.04,-0.09,,2.43,5.37,2.05,0.76,,2.73,37.63,46.4,36.08,22.97,,59.12,2.77,,31.05,,30.59,26.86,,,95.32,4172481000.0
4220,Riken Technos Corporation,Basic Materials,1137.58,3.58,15.7,,7.45,5.95,5.72,3.99,6.37,11.78,10.15,9.45,7.49,10.46,39.23,8.68,8.19,6.98,6.08,2.53,1.91,1.81,10.78,16.23,10.54,8.69,7.57,86.87,19.49,26552535000.0
4221,"Okura Industrial Co., Ltd.",Basic Materials,648.9,4.55,12.97,,4.3,-4.99,1.96,-2.19,0.42,15.26,8.99,12.95,5.71,12.4,104.07,7.14,5.63,6.29,4.89,6.73,2.95,2.07,6.51,7.35,4.87,6.0,4.67,75.78,20.24,7984000000.0
4222,"Kodama Chemical Industry Co.,Ltd.",Consumer Cyclical,104.0,1.48,0.44,,9.01,5.48,-3.95,2.95,3.51,66.9,13.83,13.59,8.71,31.44,91.99,3.24,1.03,1.13,2.48,422.08,7.79,-4.5,6.03,8.29,-0.04,-30.02,3.67,65.54,12.36,11873026000.0
4224,Lonseal Corporation,Industrials,97.28,4.02,9.55,,9.22,7.79,10.65,-1.08,9.22,13.74,11.58,15.29,3.51,13.54,31.97,6.07,4.06,5.1,2.9,3.14,1.96,7.47,4.74,7.94,0.22,3.86,2.03,97.39,37.83,8077000000.0
4228,"Sekisui Kasei Co., Ltd.",Basic Materials,286.81,2.76,13.33,,8.5,-4.86,12.39,0.14,5.34,23.2,16.57,25.71,10.84,21.83,81.49,2.24,0.47,0.97,0.64,-16.88,5.23,4.48,-28.73,-32.19,1.01,0.57,0.16,58.05,23.34,9554000000.0
4229,"Gun Ei Chemical Industry Co., Ltd.",Basic Materials,279.37,2.59,14.17,,-2.12,4.94,6.52,-1.91,3.11,16.4,15.5,13.02,4.3,14.97,77.0,8.2,7.51,9.0,5.29,2.49,0.78,-3.44,3.47,4.4,3.44,4.1,2.56,98.99,22.56,11688000000.0
4231,Tigers Polymer Corporation,Basic Materials,200.4,3.59,8.71,,-5.8,15.51,25.46,6.4,11.72,12.06,25.3,38.46,15.71,25.27,73.52,6.01,5.74,6.67,2.41,1.61,3.08,5.69,4.41,7.02,6.86,5.69,1.7,95.88,21.29,18225149000.0
4234,"Sun A.Kaken Company,Limited",Basic Materials,97.96,1.77,10.2,,10.55,-12.99,6.61,-8.08,1.39,17.03,-3.26,12.94,-4.77,8.9,-70.54,2.76,-0.11,-0.71,-1.68,3.15,6.94,-1.25,2.96,3.8,-0.05,-0.29,-1.32,84.53,13.8,6005736000.0
4235,"Ultrafabrics Holdings Co.,Ltd.",Consumer Cyclical,109.75,5.13,17.25,,13.92,7.33,8.25,14.25,9.83,27.15,33.18,26.69,19.74,29.01,65.24,7.89,13.8,16.84,16.32,1.27,-3.56,7.4,3.29,3.55,6.04,9.29,7.76,52.09,45.39,2357000000.0
4237,Fujipream Corporation,Technology,96.01,1.79,,,12.85,2.16,13.08,10.37,9.36,15.12,4.55,16.65,12.15,12.11,29.67,-0.96,2.07,5.18,5.21,-23.59,-19.83,-19.32,-0.68,-1.17,0.82,3.35,4.82,67.89,13.95,4843034000.0
4238,"Miraial Co., Ltd.",Technology,177.78,2.99,24.16,,-8.32,-0.11,-24.06,-2.82,-10.83,6.04,18.77,1.9,14.36,8.9,567.19,4.07,10.25,11.48,17.22,-10.22,5.63,-7.07,1.62,2.03,4.4,4.71,7.9,87.09,18.75,4703005000.0
423A,Lion Office Products Corp.,Industrials,110.08,2.17,10.9,,-0.05,15.93,-4.52,,3.79,-0.05,15.93,-4.52,,3.79,0.0,3.17,3.08,3.03,,6.1,5.67,,6.29,11.32,5.71,6.09,,92.21,24.47,5945000000.0
4240,"Cluster Technology Co.,Ltd.",Technology,17.36,1.62,13.83,,7.36,5.69,1.14,-3.93,4.73,12.5,8.56,6.82,1.58,9.29,52.62,12.63,10.63,7.5,7.87,27.04,11.29,-0.65,7.04,18.5,5.94,3.56,3.83,99.77,42.14,1091818000.0
4241,atect corporation,Industrials,33.42,1.38,23.61,,6.42,1.93,8.92,2.11,5.76,8.19,3.98,13.85,10.8,8.67,36.22,6.1,2.52,2.03,5.95,4.86,0.81,7.23,3.11,3.54,1.23,1.06,2.9,43.32,39.69,493160000.0
4242,Takagi Seiko Corporation,Basic Materials,49.46,3.39,3.06,,-11.48,7.06,52.89,48.57,16.16,23.13,44.64,87.25,94.61,51.67,91.07,5.17,2.63,4.7,4.19,-6.36,-13.26,6.03,9.63,12.3,7.88,9.75,7.67,70.59,17.29,4219000000.0
4243,"Nix, Inc.",Basic Materials,24.83,1.88,9.22,,4.44,9.71,10.31,-2.25,8.15,11.73,15.07,14.02,5.1,13.61,41.4,4.85,4.94,7.38,4.49,0.37,-2.88,1.16,3.54,6.48,3.4,7.01,3.72,97.9,42.96,2110165000.0
4245,"Daiki Axis Co., Ltd.",Industrials,95.46,3.35,11.32,,-0.66,20.54,-0.23,-0.97,6.55,20.17,33.49,13.98,13.21,22.55,81.19,2.63,2.24,1.55,2.09,3.21,9.69,8.11,1.8,2.54,1.29,0.81,2.01,36.72,22.17,7919000000.0
4246,DaikyoNishikawa Corporation,Consumer Cyclical,714.03,5.27,8.81,,11.47,12.22,20.99,8.95,14.89,24.69,23.5,28.53,19.67,25.57,42.67,6.19,5.94,5.47,2.37,-1.69,6.0,9.11,7.25,10.53,6.16,4.88,0.65,73.54,13.68,37122000000.0
4247,"POVAL KOGYO Co., Ltd.",Basic Materials,36.86,2.99,9.89,,5.84,-0.86,-8.86,1.18,-1.29,10.55,13.11,12.38,5.78,12.01,107.59,11.69,7.06,8.85,10.33,6.72,-5.9,0.66,4.97,6.11,1.96,3.49,4.36,96.52,39.53,1161252000.0
4248,"Takemoto Yohki Co., Ltd.",Consumer Cyclical,106.31,4.32,12.39,,-4.69,13.26,5.07,4.16,4.55,6.52,20.21,16.74,11.89,14.49,92.01,6.84,6.05,3.65,5.62,-7.27,9.15,-3.82,5.2,7.76,4.49,1.82,2.27,89.54,30.11,4548340000.0
4249,"Moriroku Company, Ltd.",Basic Materials,419.44,4.34,17.1,,-0.09,5.34,19.08,3.15,8.11,18.41,22.29,35.2,22.64,25.3,74.12,3.47,2.83,3.92,0.94,-8.42,0.37,2.55,3.23,3.97,5.85,3.6,0.6,66.72,18.07,15884000000.0
4251,KEIWA Incorporated,Technology,220.01,4.19,7.41,,2.52,16.85,-2.36,9.94,5.67,16.13,26.89,11.12,30.73,18.05,81.0,20.94,22.43,13.98,26.39,-3.11,20.26,-16.74,11.63,18.22,12.93,7.28,17.16,92.83,42.89,9379675000.0
4255,THECOO Inc.,Technology,73.67,0.0,17.63,,6.05,1.41,-3.98,-0.43,1.16,7.47,3.06,-3.63,2.56,2.3,21.11,4.08,-1.58,-14.3,-4.97,11.54,13.79,-11.06,30.05,,-20.36,-124.69,-17.93,,46.15,2044942000.0
4256,"CYND Co., Ltd.",Technology,71.76,0.0,41.47,,7.41,3.75,4.85,3.06,5.34,7.56,5.82,4.92,3.15,6.1,13.01,13.03,10.58,8.28,27.62,13.42,14.82,49.79,4.94,10.29,2.95,0.88,4.96,82.9,76.83,2214332000.0
4258,AMIYA Corporation,Technology,449.61,0.69,54.05,,2.8,2.49,0.72,-0.43,2.0,2.9,2.62,1.18,-0.25,2.23,15.53,17.71,11.04,10.21,8.83,24.52,33.95,19.19,20.47,,11.7,12.74,13.62,47.55,47.88,4561892000.0
4259,ExaWizards Inc.,Technology,822.15,1.11,47.58,,0.91,-0.44,-1.36,-1.03,-0.3,2.1,0.76,-0.24,0.09,0.87,-84.4,13.29,0.23,-3.64,-6.76,22.27,17.02,49.96,23.46,55.7,0.47,-3.59,-9.71,82.57,66.71,3979000000.0
4260,"Hybrid Technologies Co., Ltd.",Technology,22.93,0.0,700.0,,15.33,8.62,13.88,8.32,12.61,15.78,11.38,15.04,9.13,14.07,11.58,0.96,3.46,8.84,11.95,-3.52,7.89,20.68,-3.98,-6.05,2.57,9.26,9.46,42.89,33.68,916779000.0
4261,"AsiaQuest Co., Ltd.",Technology,43.42,0.0,30.8,,-1.02,7.1,2.13,3.92,2.74,1.67,12.0,2.92,4.55,5.53,76.38,8.93,11.3,9.89,14.05,21.15,29.35,20.17,13.59,44.6,15.8,11.64,14.27,94.43,48.79,1462028000.0
4262,"NIFTY Lifestyle Co., Ltd.",Real Estate,88.36,4.57,11.28,,9.65,8.99,11.12,3.36,9.92,12.75,10.82,13.05,5.87,12.21,18.66,22.72,20.33,26.23,19.0,6.06,38.75,18.35,12.7,52.02,10.8,11.81,7.9,,76.56,4721855000.0
4263,"SUSMED,Inc.",Healthcare,74.02,0.0,26.61,,-3.24,1.11,-2.4,,-1.51,-3.12,1.36,-2.23,,-1.33,2.14,,-106.54,-9.1,-72.32,,-35.44,67.47,,,-7.52,-1.02,,,96.38,4846920000.0
4264,"Secure, Inc.",Industrials,87.88,0.0,35.82,,1.32,3.17,0.87,-4.13,1.79,2.5,3.77,1.13,-3.05,2.47,28.77,4.77,4.9,3.62,-5.01,9.5,20.35,53.38,5.15,11.94,9.57,9.75,-13.55,70.24,41.34,2253347000.0
4265,Institution for a Global Society Corporation,Industrials,13.32,0.0,3.5,,2.0,-16.9,-19.41,-4.56,-11.44,2.0,-16.9,-19.41,-4.56,-11.44,0.0,-34.47,-50.28,-2.36,-12.08,9.32,-34.25,37.24,-39.1,-247.7,-44.96,-2.15,-12.2,78.75,58.08,493033000.0
4270,BeeX Inc.,Technology,42.88,1.32,10.44,,5.48,10.99,16.49,6.51,10.99,6.92,12.41,18.32,7.83,12.55,14.11,5.58,7.09,7.78,7.0,14.81,20.2,33.7,13.29,69.41,17.47,19.44,15.96,93.98,17.01,2634052000.0
4272,"Nippon Kayaku Co., Ltd.",Basic Materials,3070.49,3.1,13.22,,1.1,-1.78,2.35,2.3,0.56,9.37,8.31,7.57,6.53,8.42,92.87,9.28,9.17,3.64,10.84,8.66,10.3,1.72,5.03,6.04,5.26,1.41,5.64,80.62,30.13,54495000000.0
4274,"Hosoya Pyro-Engineering Co., Ltd.",Basic Materials,45.31,1.15,21.23,,5.68,-2.95,-1.45,1.54,0.43,7.17,-0.74,0.42,2.94,2.28,55.11,14.18,14.26,10.62,10.1,4.81,11.25,4.06,5.29,6.61,5.61,3.63,3.42,87.0,31.11,795252000.0
4275,"Carlit Co., Ltd.",Basic Materials,442.06,2.1,15.22,,3.76,10.62,4.87,4.67,6.42,3.76,10.62,4.87,4.67,6.42,0.0,9.55,8.25,9.17,7.33,-1.81,0.92,1.58,5.58,6.14,5.15,6.22,5.21,88.6,26.3,3994000000.0
4284,"SOLXYZ Co., Ltd.",Technology,91.32,3.08,10.04,,16.3,0.83,10.05,8.33,9.06,20.59,5.48,15.18,12.89,13.75,46.47,8.05,5.74,7.21,7.36,8.22,0.99,13.57,10.69,26.83,6.85,8.81,7.6,79.77,24.59,5209930000.0
4286,CL Holdings Inc.,Communication Services,150.02,2.29,15.3,,1.99,3.41,0.21,6.46,1.87,6.04,7.1,2.58,7.27,5.24,70.28,3.6,0.8,2.97,2.42,1.88,5.33,13.38,4.21,6.2,-0.18,4.8,4.55,52.67,33.29,4766868000.0
4287,Just Planning Inc.,Technology,54.59,2.67,11.37,,12.2,5.21,6.25,7.03,7.89,12.72,5.65,6.41,7.32,8.26,4.77,23.96,22.26,23.82,19.56,15.02,6.33,3.21,11.51,66.53,9.48,9.83,7.9,,49.64,3247454000.0
4288,"Asgent, Inc.",Technology,16.41,0.0,9.77,,5.27,-18.26,-5.23,-9.48,-6.07,13.83,-9.86,-0.3,-3.6,1.22,-550.28,4.28,-6.92,-12.25,-4.09,15.58,25.38,-16.37,21.79,121.78,-27.94,-32.21,-8.24,89.74,41.18,686281000.0
428A,"Cypress Holdings Co., Ltd.",Consumer Cyclical,206.21,0.58,44.24,,4.18,5.24,3.18,,4.2,6.35,6.46,5.31,,6.04,31.06,6.78,4.33,3.81,,10.06,16.33,,7.12,8.13,3.88,0.47,,27.37,65.51,902641000.0
4290,Prestige International Inc.,Industrials,901.83,3.93,15.43,,4.55,4.88,3.04,6.02,4.16,11.61,8.69,6.52,8.75,8.94,52.69,12.51,12.49,13.49,14.37,11.29,8.48,7.65,11.08,22.73,11.25,12.47,13.62,87.27,21.6,28072724000.0
4293,"Septeni Holdings Co., Ltd.",Communication Services,1021.32,3.56,18.1,,2.84,3.07,3.47,4.36,3.13,3.3,3.6,3.57,4.52,3.49,10.59,13.98,11.06,22.35,17.07,7.16,2.52,29.02,4.71,6.85,3.04,6.92,13.2,,76.43,20760338000.0
4299,"HIMACS, Ltd.",Technology,127.78,3.8,12.06,,10.46,5.78,10.86,12.36,9.03,10.87,5.99,10.87,12.36,9.24,2.44,8.57,10.0,9.9,10.58,0.83,4.08,0.15,10.32,53.95,10.88,10.75,12.47,,19.39,8818000000.0
429A,Tekscend Photomask Corp.,Technology,3855.01,1.83,15.56,,-1.17,3.04,9.3,,3.72,6.8,7.43,11.24,,8.49,64.55,21.25,23.9,18.52,28.46,9.83,10.17,6.26,11.68,16.64,7.78,10.13,19.57,99.3,33.39,52539000000.0
4301,Amuse Inc.,Communication Services,306.79,3.41,11.4,,18.64,-6.49,-3.64,26.18,2.84,22.28,1.41,-1.02,32.6,7.56,106.5,8.79,4.1,2.5,6.01,2.15,24.4,4.41,10.92,84.78,5.26,3.02,6.02,99.51,16.56,31596000000.0
4307,"Nomura Research Institute, Ltd.",Technology,28503.55,1.67,190.74,,3.55,2.83,3.24,2.25,3.21,5.18,4.57,4.99,4.17,4.91,34.82,7.02,17.52,16.24,16.09,6.52,3.84,6.41,2.4,3.46,13.86,12.27,13.05,61.62,36.84,194595000000.0
4308,J-Stream Inc.,Communication Services,88.52,3.91,18.25,,-0.33,16.48,-0.33,13.11,5.27,9.17,23.6,9.17,20.37,13.98,79.12,6.89,7.77,5.03,13.3,1.67,4.74,-9.88,4.85,8.21,5.6,3.36,10.39,99.97,38.99,4373937000.0
4310,Dream Incubator Inc.,Industrials,224.93,10.7,14.2,,11.07,5.39,-34.26,15.49,-5.93,11.45,5.47,-33.16,16.31,-5.41,0.5,20.6,4.17,-36.56,3.95,40.56,14.97,-82.15,13.13,,1.58,-14.59,3.68,,53.05,12867000000.0
4316,"BeMap, Inc.",Technology,1.92,0.0,,,-72.4,-134.3,-86.23,-92.44,-97.64,-63.61,-130.23,-82.72,-92.32,-92.19,-7.06,-5.68,-12.23,-4.5,-17.39,15.19,-6.55,53.39,-14.9,-25.79,-31.94,-8.53,-28.02,86.33,38.93,282108000.0
4317,Ray Corporation,Communication Services,73.54,2.65,5.67,,12.97,11.47,5.22,7.39,9.89,31.84,22.93,14.23,9.81,23.0,57.51,13.09,8.87,10.27,11.23,28.33,-6.82,-9.86,14.51,23.03,8.89,10.39,11.77,93.5,36.83,3060349000.0
4318,"Quick Co.,Ltd.",Industrials,477.91,4.44,11.64,,3.93,7.22,4.65,6.16,5.27,5.71,8.7,6.22,7.42,6.88,24.45,13.51,13.95,16.84,16.14,4.38,10.22,6.09,16.96,53.47,17.05,20.93,23.1,99.51,66.58,13283678000.0
431A,"uSonar Co., Ltd.",Technology,221.73,0.0,21.21,,6.94,4.65,1.85,,4.48,7.72,5.64,3.01,,5.46,22.06,19.34,15.0,2.29,,18.38,20.57,,21.28,4825.87,21.27,2.84,,94.42,62.02,4604690000.0
4320,"CE Holdings Co.,Ltd.",Healthcare,271.64,2.7,17.15,,1.44,0.33,-0.17,0.17,0.53,3.63,2.77,2.93,5.71,3.11,84.7,8.92,7.89,9.21,7.53,8.77,6.76,-0.51,10.54,20.23,3.64,10.25,8.78,89.37,22.62,4732751000.0
4323,"Japan System Techniques Co., Ltd.",Technology,468.57,2.63,17.86,,6.23,3.11,2.96,2.08,4.1,6.46,3.75,4.03,2.29,4.75,15.74,12.05,10.87,10.66,10.14,10.69,12.0,11.33,16.59,36.23,16.15,16.01,16.08,99.68,29.45,9111977000.0
4324,Dentsu Group Inc.,Communication Services,9306.17,0.0,11.1,,3.69,4.98,6.7,12.75,5.12,6.45,8.09,8.69,15.01,7.74,34.7,10.2,8.57,9.77,13.7,1.72,8.16,4.67,18.05,28.96,12.76,-1.58,7.89,51.9,83.44,317472000000.0
4326,INTAGE HOLDINGS Inc.,Communication Services,764.3,2.5,44.87,,6.7,1.55,2.02,3.49,3.42,8.41,2.58,3.52,4.44,4.84,34.34,,6.47,5.2,6.17,,3.62,3.08,,,8.74,6.87,9.65,99.29,39.97,15269232000.0
4331,"Take and Give. Needs Co., Ltd",Consumer Cyclical,109.44,5.36,4.19,,-8.89,35.87,11.28,18.64,12.75,10.92,49.91,34.83,32.39,31.89,92.39,4.55,8.61,8.95,8.08,-25.09,1.38,3.27,-1.38,-1.67,11.85,5.88,12.96,47.74,67.68,6586000000.0
4334,"YUKE'S Co.,Ltd.",Communication Services,31.99,2.62,18.33,,3.8,24.14,-20.21,4.06,2.58,4.55,24.74,-0.92,19.84,9.46,-693.2,4.22,2.7,4.39,22.06,31.73,-20.34,-4.95,5.2,8.64,2.33,6.48,19.0,88.67,27.57,1263636000.0
4335,"IPS Holdings Co., Ltd.",Technology,24.71,3.51,,,-3.23,19.85,-10.48,,2.05,-3.09,19.94,-10.44,,2.14,-1.55,,10.5,10.7,8.86,,10.51,3.79,,,18.49,18.17,,,29.54,1027332000.0
4337,PIA Corporation,Communication Services,399.02,1.15,12.13,,26.25,33.59,26.44,14.64,28.76,32.94,38.43,31.01,23.44,34.13,15.88,7.8,5.82,3.07,2.52,21.97,14.59,20.83,12.59,,8.86,6.25,3.66,40.91,39.23,54749000000.0
4341,Seiryo Electric Corporation,Communication Services,31.35,3.26,12.61,,14.1,3.16,2.36,-32.02,6.54,19.9,7.69,4.15,-25.67,10.58,43.72,1.84,1.45,1.06,0.06,7.15,4.36,8.61,3.18,3.86,2.02,4.7,-1.19,,27.84,1120000000.0
4343,"AEON Fantasy Co.,LTD.",Consumer Cyclical,543.21,0.73,19.33,,-4.95,3.93,3.48,8.4,0.82,21.35,22.74,22.2,16.67,22.1,96.74,6.55,4.98,4.39,1.17,6.93,6.7,12.48,7.49,9.14,-65.82,4.18,4.43,14.47,14.12,7822989000.0
4344,Sourcenext Corporation,Technology,143.85,0.0,18.74,,-22.32,-16.32,-6.32,-12.34,-14.99,-12.92,-5.32,1.19,-2.3,-5.68,117.5,-30.38,-20.04,-24.88,-21.92,1.07,9.54,0.39,-27.54,-50.33,-18.5,-15.48,-13.41,57.09,46.58,6008174000.0
4345,"CTS Co., Ltd.",Industrials,350.47,3.5,13.14,,8.29,7.53,7.87,7.27,7.9,9.53,8.11,8.51,7.46,8.72,9.2,26.43,26.04,25.83,24.93,7.83,6.59,2.71,13.72,18.0,14.53,13.62,14.2,93.6,51.38,4171000000.0
4346,Nexyz. Group Corporation,Industrials,134.89,5.85,8.61,,11.99,6.98,19.76,-3.21,12.91,12.9,7.62,20.36,-2.71,13.63,6.16,6.4,4.85,3.49,1.99,16.07,11.59,14.26,9.94,41.04,8.97,9.75,3.19,53.86,48.61,8447000000.0
4347,Broadmedia Corporation,Communication Services,134.49,3.42,17.19,,3.67,4.47,7.31,8.56,5.15,5.12,5.28,8.75,10.63,6.38,20.05,6.73,4.55,6.13,7.96,1.68,9.55,8.88,14.72,82.72,10.78,12.98,26.96,85.89,38.47,4844872000.0
4350,"Medical System Network Co., Ltd.",Healthcare,152.86,2.31,14.27,,-41.23,8.99,36.73,22.02,1.5,-22.51,29.17,50.53,32.53,19.06,4.44,2.51,2.58,3.32,2.89,8.01,6.09,5.3,2.94,3.49,3.71,5.3,4.18,35.96,40.66,7743000000.0
4351,Yamada Servicer Synthetic Office,Industrials,36.12,1.19,95.6,,38.95,17.19,-49.75,10.91,2.13,38.95,17.65,-49.75,10.91,2.28,0.86,3.25,1.57,3.34,2.26,-0.42,-7.77,3.94,1.2,1.78,0.31,1.14,1.23,71.85,30.44,1473124000.0
4356,"Applied Technology Co., Ltd.",Technology,94.15,2.49,12.09,,14.06,7.51,5.08,5.3,8.88,14.48,7.97,5.64,5.59,9.36,6.19,16.1,11.96,13.18,13.51,-4.9,5.64,4.86,13.73,15.68,12.37,13.4,15.53,,30.77,778191000.0
4360,"MANAC Chemical Partners Co.,Ltd",Basic Materials,80.6,1.53,10.32,,6.49,-5.1,-7.36,17.33,-1.99,26.64,1.34,-1.46,20.43,8.84,51.22,6.72,-3.68,-1.09,8.37,18.15,-3.94,-18.28,5.21,7.75,-3.74,-0.97,6.35,93.67,22.76,4008000000.0
4361,"Kawaguchi Chemical Industry Co., Ltd",Basic Materials,19.68,3.7,5.27,,4.64,-10.88,4.67,-13.79,-0.52,42.16,7.28,23.87,-1.06,24.44,139.6,4.84,4.24,4.11,3.51,-1.19,3.6,2.89,4.74,5.8,4.94,4.52,4.09,49.47,18.56,1212523000.0
4362,"Nippon Fine Chemical Co., Ltd.",Basic Materials,587.23,3.87,13.37,,6.52,2.91,8.54,-2.24,5.99,11.6,6.96,10.69,2.45,9.75,40.73,15.81,13.73,12.52,13.73,-5.24,6.36,-8.98,7.29,10.35,7.33,6.32,8.25,,32.95,15196122000.0
4365,"Matsumoto Yushi-Seiyaku Co., Ltd.",Basic Materials,681.77,3.83,8.48,,9.21,9.66,9.26,7.31,9.38,9.77,11.39,10.82,7.95,10.66,11.79,19.87,21.52,21.09,19.63,-4.78,3.87,4.79,6.48,17.06,8.33,8.49,8.69,,30.18,55332000000.0
4366,Daito Chemix Corporation,Basic Materials,156.84,1.84,19.84,,10.95,11.83,-10.89,-10.14,3.96,16.48,17.51,6.68,2.58,13.56,109.66,4.48,4.55,4.91,7.84,4.46,17.92,-3.46,2.93,3.71,4.02,5.52,4.62,70.99,11.39,4854000000.0
4368,"Fuso Chemical Co.,Ltd.",Basic Materials,3237.37,0.92,22.61,,4.54,0.79,-3.25,0.09,0.69,7.66,7.01,2.18,4.3,5.62,126.23,24.5,23.35,18.8,27.65,10.68,17.86,-13.86,10.3,14.84,9.35,6.7,15.22,88.55,38.11,41006795000.0
4369,Tri Chemical Laboratories Inc.,Basic Materials,972.3,1.16,15.91,,-2.61,0.61,1.23,4.97,-0.26,3.9,3.78,3.06,6.57,3.58,103.58,24.71,27.8,17.32,25.39,26.33,68.11,-18.53,11.51,14.09,12.02,4.98,9.58,86.87,37.76,7279978000.0
436A,Cybersolutions Inc.,Technology,204.94,2.92,18.97,,7.69,4.81,5.52,,6.01,8.03,5.3,5.71,,6.35,5.56,40.38,37.95,33.17,,12.78,13.75,,25.55,38.29,31.06,27.72,,,78.8,1357813000.0
4370,Mobilus Corporation,Technology,26.46,0.0,55.18,,-8.91,-10.77,-9.16,-0.65,-9.61,10.21,1.22,1.1,9.05,4.18,702.55,4.89,-22.95,-9.82,11.57,20.9,-3.79,1.58,4.96,13.01,-21.7,-9.02,5.79,77.88,67.57,1039144000.0
4371,Core Concept Technologies Inc.,Technology,236.8,1.43,19.65,,7.2,3.53,3.87,3.37,4.87,7.75,4.15,4.91,3.73,5.6,14.48,10.55,10.47,10.96,9.25,8.93,20.39,31.44,28.32,53.72,27.68,38.37,27.29,95.86,27.23,2505801000.0
4372,"YMIRLINK,Inc.",Technology,51.53,1.49,12.77,,6.02,9.87,7.14,6.34,7.68,9.75,11.67,8.9,8.63,10.11,24.47,21.97,23.88,25.59,23.87,14.43,15.3,6.15,13.71,98.13,16.17,17.24,18.57,,65.09,2581086000.0
4373,"Simplex Holdings, Inc.",Technology,2574.35,2.08,25.49,,4.0,3.4,2.85,1.26,3.42,4.15,3.79,3.24,1.45,3.73,8.54,24.57,22.8,21.74,21.32,23.82,16.42,16.49,16.35,21.04,12.32,9.79,9.24,69.37,43.66,14443000000.0
4374,Robot Payment Inc.,Technology,91.57,1.25,16.11,,41.26,6.11,6.87,-8.74,18.08,41.78,6.97,8.31,-6.9,19.02,10.33,23.78,17.37,10.35,-3.39,17.9,24.77,27.86,41.08,,27.96,18.88,-4.94,,91.08,6354473000.0
4375,Safie Inc.,Technology,368.37,0.0,79.71,,0.16,-0.41,-4.3,-4.23,-1.52,0.34,-0.27,-3.76,-4.17,-1.23,-4.08,-0.43,-3.86,-9.24,-13.87,26.44,27.36,27.72,-1.41,-5.61,-6.85,-10.83,-11.32,,49.97,6820149000.0
4376,Kufu Company Holdings Inc.,Industrials,106.76,0.0,16.09,,1.47,-9.01,39.38,12.09,10.61,8.51,-1.84,44.53,14.55,17.07,-98.85,3.71,4.07,9.19,8.37,-9.23,-24.12,9.99,4.91,26.95,1.98,5.75,5.68,73.51,54.93,9323000000.0
4377,ONE CAREER Inc.,Industrials,434.92,2.96,19.83,,4.69,3.0,1.6,1.25,3.1,5.25,3.34,2.11,1.53,3.57,15.09,28.09,24.0,25.09,21.8,40.28,36.04,39.81,26.67,,22.24,22.09,18.0,97.79,85.04,6116144000.0
4378,CINC Corp.,Technology,14.04,0.0,,,-12.53,11.52,-11.97,8.05,-4.33,-10.06,14.63,-1.21,13.21,1.12,-297.06,-6.18,3.17,4.05,16.22,-8.08,2.06,7.75,-15.01,-76.2,3.28,1.28,12.09,,63.46,847798000.0
4379,Photosynth inc.,Technology,78.49,0.0,26.4,,3.89,2.26,-4.17,-17.83,0.66,7.0,4.95,2.79,-5.43,4.91,116.0,6.83,2.58,-8.88,-30.54,14.29,18.77,25.03,9.54,29.22,-0.0,-10.1,-24.87,97.99,75.13,1664657000.0
4380,M - mart Inc.,Consumer Defensive,69.83,1.84,14.43,,6.42,5.07,6.05,3.98,5.85,6.52,5.08,6.1,4.09,5.9,0.92,46.38,40.3,41.3,35.49,5.34,10.49,18.82,19.77,,19.68,20.93,18.14,,46.38,2567405000.0
4381,"BPLATS,Inc.",Technology,9.2,0.0,,,3.33,-29.15,-23.33,3.22,-16.38,21.75,5.23,12.71,36.19,13.23,341.97,-17.38,-29.38,-8.55,19.07,2.96,-21.35,-4.99,-49.51,,-22.1,-8.78,15.85,,38.92,291602000.0
4382,"HEROZ, Inc.",Technology,152.25,0.0,34.87,,2.44,-1.32,0.14,2.54,0.42,4.26,1.44,3.05,3.17,2.92,109.89,8.14,5.17,9.32,8.65,8.35,22.47,62.43,6.92,9.76,0.88,9.59,4.25,79.49,45.47,1949892000.0
4385,"Mercari, Inc.",Consumer Cyclical,5931.62,0.0,17.39,,-7.33,-6.14,-4.53,,-6.0,-7.31,-6.04,-4.42,,-5.92,-1.51,19.15,14.45,9.33,9.53,19.03,2.79,8.98,8.73,39.86,8.62,5.02,6.16,33.38,73.66,314885000000.0
4386,"SIG Group Co., Ltd.",Technology,51.54,3.78,10.72,,12.14,8.68,9.09,2.94,9.97,13.39,10.21,9.98,4.56,11.19,11.08,6.91,6.66,5.15,7.23,24.04,26.96,27.47,10.98,26.26,10.23,8.51,8.76,67.29,22.05,2470820000.0
4387,"ZUU Co.,Ltd.",Technology,28.97,0.0,,,-7.37,-26.71,3.04,13.8,-10.35,-7.36,-25.46,4.16,14.15,-9.55,7.34,-13.16,0.48,3.97,6.2,-12.41,3.25,-14.72,-32.08,-341.26,0.35,97.67,4.65,93.6,64.79,1772868000.0
4388,"AI,Inc.",Technology,21.88,1.1,20.5,,2.28,2.74,7.66,0.59,4.23,3.52,4.65,7.75,0.83,5.31,25.78,5.44,7.34,11.1,3.14,24.5,102.19,15.93,4.57,12.65,4.03,5.44,1.09,95.9,52.74,1476906000.0
4389,"Property Data Bank, Inc.",Technology,108.28,3.03,17.23,,4.02,8.7,1.7,5.67,4.81,6.58,11.8,6.14,7.3,8.17,45.79,29.89,28.21,17.26,29.05,12.08,31.93,-11.17,18.57,49.05,16.2,8.97,18.99,86.82,59.96,2365358000.0
438A,"Infcurion, Inc.",Technology,216.4,0.0,45.77,,-3.22,-2.8,-5.56,,-3.86,-1.91,-1.55,-3.75,,-2.4,-65.75,4.63,2.0,-9.05,,32.49,22.93,,7.18,18.62,2.69,-16.48,,65.92,47.97,5340905000.0
4390,"IPS, Inc.",Communication Services,540.7,0.96,13.08,,-4.61,-3.31,-9.61,-4.98,-5.84,8.48,1.3,-1.06,4.88,2.91,-98.99,31.59,28.92,27.59,26.82,11.37,8.12,14.34,14.78,20.49,14.66,14.37,14.75,67.8,58.07,8859000000.0
4391,"Logizard Co., Ltd.",Technology,37.01,3.33,12.43,,5.94,3.6,6.78,4.6,5.44,11.81,9.49,8.48,6.86,9.93,43.97,18.74,17.52,14.07,20.75,10.09,6.67,4.65,12.99,60.21,13.38,11.84,16.62,,55.49,1707231000.0
4392,"Future Innovation Group, Inc.",Technology,332.55,1.02,36.18,,-0.41,7.44,-3.36,-3.04,1.22,1.52,9.5,-1.74,1.08,3.09,18.42,6.26,3.03,5.34,7.22,10.84,-11.22,4.8,4.38,5.93,3.62,2.04,3.59,84.05,30.91,3306000000.0
4393,"Bank of Innovation,Inc.",Communication Services,239.65,0.0,14.06,,11.82,-7.26,21.54,-4.07,8.7,11.96,-7.16,21.75,-4.06,8.85,0.25,17.42,9.77,22.97,-41.52,-9.17,-36.18,778.62,22.85,301.32,18.75,77.51,-49.63,,48.51,5386000000.0
4394,"eXmotion Co., Ltd.",Technology,43.08,2.89,30.22,,4.81,1.52,0.39,2.97,2.24,5.86,2.0,0.57,3.32,2.81,24.95,13.7,12.11,11.92,17.63,7.94,16.22,5.47,7.47,54.46,6.12,1.93,8.4,,41.68,1440905000.0
4395,Accrete Inc.,Communication Services,44.62,1.72,12.96,,-16.79,4.26,3.43,21.44,-3.03,-11.18,4.82,4.28,21.88,-0.69,-6.24,6.02,5.23,5.71,18.94,38.49,16.83,-12.23,6.98,9.57,13.81,25.57,26.91,70.07,24.04,1317098000.0
4396,System Support Holdings Inc.,Technology,278.78,3.05,14.93,,7.44,4.74,3.23,3.28,5.14,8.53,5.27,3.83,3.61,5.88,12.78,8.24,7.58,7.56,7.39,22.28,14.34,18.95,18.38,72.26,19.41,20.03,17.49,72.55,27.86,5844937000.0
4397,TeamSpirit Inc.,Technology,59.61,0.0,15.55,,7.42,1.07,-0.12,-0.13,2.79,7.43,1.14,-0.11,-0.07,2.82,-1.39,5.48,-1.97,-5.77,-3.62,11.32,16.08,16.8,21.69,,-6.34,-10.09,-5.51,69.37,40.31,2942807000.0
4398,"BroadBand Security, Inc.",Technology,58.3,1.37,15.67,,9.42,1.75,15.35,8.46,8.84,9.42,1.75,15.35,8.46,8.84,0.0,7.55,4.23,10.67,9.01,11.07,-5.47,9.37,12.91,33.81,6.38,19.34,22.35,83.6,31.16,1675676000.0
4401,Adeka Corporation,Basic Materials,4509.39,2.86,16.55,,4.05,6.65,4.48,-0.13,5.06,9.01,10.25,9.3,3.83,9.52,47.34,9.99,10.07,8.86,8.03,2.31,1.84,-0.89,8.2,11.41,8.35,7.25,7.33,88.71,28.5,105529000000.0
4403,NOF Corporation,Basic Materials,5765.82,2.71,14.6,,3.72,2.19,2.12,2.97,2.68,6.22,5.03,5.2,4.05,5.48,51.91,18.38,19.01,18.96,18.66,8.25,7.23,2.09,11.22,15.91,11.55,10.99,11.8,98.56,34.54,88364000000.0
4404,"Miyoshi Oil & Fat Co., Ltd.",Consumer Defensive,223.61,3.15,13.36,,-14.11,-2.17,8.24,-22.05,-2.68,10.49,14.68,16.62,-15.92,13.93,133.22,3.3,5.19,4.22,-3.04,4.28,1.42,6.62,2.67,3.29,5.22,4.16,-2.89,70.5,18.94,9673000000.0
4406,"New Japan Chemical Co., Ltd.",Basic Materials,87.61,1.91,14.66,,14.11,-10.19,31.95,-6.77,11.96,18.75,-2.56,40.84,1.19,19.01,-84.04,1.79,2.53,1.1,-1.33,-1.83,-0.49,-0.73,2.03,2.57,2.61,0.95,-2.9,76.33,16.59,5685000000.0
4409,"Toho Chemical Industry Company, Limited",Basic Materials,173.69,3.12,11.37,,-0.74,2.26,8.04,-18.15,3.19,25.33,18.98,19.59,9.78,21.3,83.31,3.89,3.39,1.52,2.5,0.02,5.96,-8.61,3.0,3.35,2.98,1.23,2.43,48.49,16.01,5344000000.0
4410,"Harima Chemicals Group, Inc.",Basic Materials,281.51,3.67,11.99,,15.02,2.27,-10.92,-17.03,2.12,27.92,21.83,1.25,-1.66,17.0,368.96,3.17,2.07,-0.23,1.81,2.73,9.4,-2.31,3.09,3.36,1.15,-0.99,1.38,51.99,22.11,6264000000.0
4412,"Science Arts, Inc.",Technology,112.77,0.07,60.65,,2.41,-0.41,-0.78,0.85,0.41,2.58,0.01,-0.59,1.01,0.67,1370.67,6.48,-2.64,-8.69,1.71,39.66,53.5,16.95,8.88,,-5.18,-14.81,1.81,96.86,61.04,1579273000.0
4413,"baudroie,inc.",Technology,924.63,0.26,37.72,,3.08,2.06,1.18,0.92,2.11,3.11,2.06,1.36,0.92,2.18,4.72,19.46,21.12,21.64,18.6,49.56,58.93,39.77,25.71,47.85,30.5,23.06,16.45,68.61,34.36,4447716000.0
4414,"FLECT Co., Ltd.",Technology,60.78,0.0,8.87,,3.64,13.14,7.63,-7.37,8.14,5.43,14.73,9.87,-5.04,10.01,22.13,15.08,13.65,10.93,4.86,3.81,14.73,30.58,27.76,48.14,22.32,17.26,10.41,84.09,47.36,1136760000.0
4415,"Broad Enterprise Co.,Ltd.",Communication Services,88.24,3.01,12.49,,-29.82,-12.51,-7.32,-6.89,-16.55,-28.62,-12.43,-7.15,-6.36,-16.07,-2.39,13.19,15.73,12.83,9.69,57.83,18.68,32.24,6.84,7.83,9.62,13.91,8.02,17.55,39.97,969854000.0
4416,True Data Inc.,Technology,19.85,0.0,24.62,,7.92,-3.37,3.46,4.17,2.67,9.52,1.87,6.42,6.99,5.94,114.26,5.43,3.12,4.01,5.28,20.34,-2.43,10.61,6.83,41.2,2.59,5.65,6.75,,56.08,971079000.0
4417,Global Security Experts Inc.,Technology,809.61,0.87,54.52,,1.34,0.91,0.88,0.68,1.04,1.4,1.26,0.88,0.73,1.18,10.81,20.31,18.35,15.89,13.25,25.23,25.69,26.0,25.05,34.48,21.16,18.88,25.1,78.01,36.25,1644312000.0
4418,Japan Data Science Consortium Co.Ltd.,Technology,178.1,0.0,21.57,,-4.1,1.73,-0.91,,-1.09,-4.01,1.92,-0.83,,-0.97,-0.84,,0.31,3.54,-3.89,,748.49,37.24,,,2.5,0.15,,85.6,12.78,2297785000.0
4419,Finatext Holdings Ltd.,Technology,719.31,0.0,47.63,,-0.81,-1.81,-1.67,-0.56,-1.43,-0.37,-1.31,-1.3,-0.25,-0.99,-61.38,17.2,12.34,3.81,-8.6,43.5,43.29,40.68,13.73,20.1,6.56,-8.34,-5.2,89.42,69.23,3981923000.0
441A,NE Inc.,Technology,90.99,0.0,9.27,,11.23,,,,11.23,12.92,,,,12.92,13.12,35.92,,,,,,,22.19,105.66,,,,,72.76,3632472000.0
4420,"eSOL Co.,Ltd.",Technology,161.31,0.67,21.49,,1.12,6.46,-1.0,0.47,2.19,1.42,6.82,-0.87,1.0,2.46,4.05,6.72,9.35,-0.85,-3.99,1.86,23.68,8.52,9.34,19.95,17.24,-6.11,-9.33,98.68,30.48,3191517000.0
4421,"D. I. System Co., Ltd.",Technology,27.6,2.95,10.78,,4.08,4.18,11.39,6.73,6.55,10.83,6.3,11.73,6.9,9.62,32.96,4.94,5.04,5.46,5.21,5.74,9.46,13.51,15.54,41.52,16.2,17.47,15.69,85.47,20.38,1023623000.0
4422,VALUENEX Japan Inc.,Industrials,42.79,0.0,34.53,,-2.71,0.65,-0.7,2.13,-0.92,-2.68,0.68,-0.67,2.13,-0.89,-0.62,-10.62,0.63,5.51,6.26,-12.15,11.63,7.82,-11.55,-48767.97,0.36,4.92,3.53,,76.59,708887000.0
4424,"Amazia,inc.",Technology,20.65,0.0,,,-21.92,-18.23,-11.29,2.39,-17.15,-21.86,-16.29,-7.75,2.78,-15.3,-19.26,-12.7,-11.17,0.22,1.78,-20.74,-22.87,-28.98,-39.9,-81.06,-33.67,-2.03,2.5,,20.26,460589000.0
4425,Kudan Inc.,Technology,165.74,0.0,-127.77,,-3.89,-5.26,-3.07,-3.86,-4.07,-3.81,-4.92,-2.96,-3.74,-3.9,-4.26,-48.95,-154.69,-107.38,-179.91,131.28,5.42,47.53,-20.73,-68.97,-24.06,-23.41,-62.19,92.6,30.98,1988235000.0
4427,"EduLab, Inc.",Technology,22.59,0.0,0.72,,-6.65,-67.59,-1.15,-74.77,-25.13,4.38,-54.33,14.9,-25.73,-11.68,111.65,6.29,-4.56,-7.65,-2.4,-12.77,1.14,-27.64,8.5,32.89,-20.03,-13.31,-2.42,80.9,32.99,1386914000.0
4428,sinops Inc.,Technology,43.63,2.4,24.56,,6.55,-2.2,3.56,1.9,2.64,8.92,2.66,7.01,4.43,6.2,86.17,15.15,8.72,15.66,15.43,14.87,2.76,18.81,11.34,43.13,6.29,11.71,9.78,,43.06,1399440000.0
4429,"Ricksoft Co., Ltd.",Technology,33.17,0.0,12.48,,20.48,8.51,2.13,28.72,10.37,21.02,11.38,3.02,29.48,11.81,19.12,3.46,5.07,8.89,9.73,20.44,20.72,33.22,8.39,,11.66,18.47,16.51,,21.79,3939457000.0
442A,"Classico, Inc.",Consumer Cyclical,15.61,0.0,,,-9.7,,,,-9.7,-8.78,,,,-8.78,-10.48,4.54,,,,,,,10.71,13.57,,,,54.59,52.56,398734000.0
4430,"Tokai Soft Co., Ltd.",Technology,83.52,3.85,8.72,,12.94,8.91,8.41,-0.22,10.09,13.85,9.0,8.83,0.15,10.56,4.08,11.21,10.49,11.5,11.2,15.03,22.22,13.22,11.26,14.94,9.29,11.55,10.27,81.65,23.84,2057387000.0
4431,"Smaregi, Inc.",Technology,641.43,0.87,28.82,,3.78,2.79,2.1,1.26,2.89,4.87,3.84,2.67,1.54,3.79,23.69,24.11,21.51,20.69,15.11,20.6,31.97,41.78,23.17,142.91,21.32,21.19,17.75,98.99,65.74,8138218000.0
4432,WingArc1st Inc.,Technology,1158.67,3.25,17.9,,5.72,6.37,5.84,5.45,5.98,6.21,7.07,6.77,5.93,6.68,10.53,29.05,28.62,28.38,26.6,7.79,11.47,15.23,11.84,15.75,11.68,10.98,9.48,86.5,0.0,13436600000.0
4433,"HITO-Communications Holdings,Inc.",Industrials,153.27,4.38,32.69,,6.67,0.17,11.95,31.72,6.26,22.22,6.39,16.47,34.79,15.03,64.92,3.92,2.68,6.56,8.95,8.62,-8.49,-0.23,5.0,9.53,0.73,8.29,16.45,63.74,20.3,12133000000.0
4434,"Serverworks Co.,Ltd.",Technology,182.45,1.21,24.15,,3.32,4.34,9.16,0.05,5.61,4.2,4.97,9.46,0.45,6.21,12.24,1.56,3.0,3.26,3.19,12.01,29.83,59.06,64.96,178.73,6.75,5.99,3.46,94.39,9.11,6655493000.0
4436,"MINKABU THE INFONOID, Inc.",Communication Services,109.89,0.0,14.68,,4.0,-18.56,-10.48,-3.11,-8.35,9.7,-5.97,0.83,7.03,1.52,404.21,6.26,-18.12,-7.05,1.63,-16.76,6.34,45.11,7.85,9.19,-24.23,-5.54,0.43,16.29,44.74,1303068000.0
4437,"gooddays holdings, Inc.",Real Estate,56.31,0.67,8.38,,-30.74,5.67,-9.82,2.67,-11.63,4.52,11.34,0.65,11.09,5.5,816.89,8.11,6.87,6.74,8.56,30.66,18.2,16.55,10.46,14.08,11.14,9.89,13.69,57.84,23.2,1518749000.0
4438,Welby Inc.,Healthcare,23.37,0.0,64.42,,-18.43,-33.22,-11.07,-6.29,-20.91,-14.1,-25.83,-7.46,-4.88,-15.8,-35.91,-71.23,-123.94,-75.99,5.8,20.39,-8.25,-45.24,-51.73,-272.64,-65.02,-40.25,4.22,16.69,70.58,711426000.0
4439,"Toumei Co.,Ltd.",Industrials,246.61,1.73,10.77,,9.68,10.77,10.84,-10.39,10.43,9.8,11.76,13.47,-10.29,11.68,9.73,11.33,9.68,8.04,1.89,21.54,16.5,15.99,20.89,68.85,16.58,12.96,2.89,86.72,33.83,7884265000.0
4440,WITZ Corporation,Technology,103.38,0.65,22.98,,4.73,2.21,1.98,1.52,2.97,5.53,3.44,2.4,2.0,3.79,22.58,37.19,35.22,7.48,10.09,39.66,39.02,6.66,47.22,197.28,40.04,5.94,7.14,,37.2,2149108000.0
4441,Tobila Systems Inc.,Technology,156.75,1.32,25.5,,10.32,7.63,6.84,3.18,8.26,11.18,8.33,7.79,4.09,9.1,9.38,32.04,34.57,33.13,32.16,16.6,16.72,22.57,23.55,,22.07,19.8,17.65,98.14,68.98,3938975000.0
4442,"Valtes Holdings Co.,Ltd.",Technology,80.6,0.98,14.08,,9.87,4.97,3.64,9.05,6.16,11.6,7.48,5.68,10.51,8.25,28.12,7.74,8.59,8.09,10.71,10.61,4.18,14.38,12.23,22.57,12.3,13.86,24.99,71.64,30.66,2356716000.0
4443,"Sansan, Inc.",Technology,2582.41,0.24,38.83,,3.39,2.69,1.9,1.23,2.66,3.73,3.74,2.12,1.49,3.2,15.8,15.22,6.48,3.95,0.78,24.44,27.52,32.8,24.91,,13.55,7.49,1.97,88.52,87.92,37006000000.0
4444,infoNet inc.,Technology,19.78,0.0,,,2.78,-0.84,2.78,9.03,1.57,6.24,11.14,6.24,11.43,7.87,72.83,2.64,8.4,10.68,8.4,3.7,13.74,4.26,10.91,14.54,6.03,8.96,6.61,71.38,39.57,377054000.0
4445,Living Technologies Inc.,Real Estate,46.46,0.0,17.53,,9.53,2.07,4.89,6.51,5.5,9.73,2.22,5.46,6.64,5.8,6.43,14.02,5.8,13.69,12.53,0.63,5.79,11.39,12.33,69.53,3.64,18.85,16.32,49.46,14.02,2237167000.0
4446,Link-U Group Inc.,Technology,107.74,0.0,,,-0.89,3.38,0.23,,0.91,2.07,3.73,0.69,,2.16,73.25,,,12.06,13.87,,,-39.92,,,,7.64,,60.55,50.97,1907085000.0
4447,"PBsystems,Inc.",Technology,29.23,4.98,31.85,,6.02,0.75,12.44,-2.66,6.4,6.53,2.0,13.18,-2.5,7.24,25.39,4.74,11.65,10.39,10.8,-15.23,7.14,15.89,7.72,23.61,17.54,15.78,18.75,,26.47,775372000.0
4448,"kubell Co., Ltd.",Technology,157.78,0.0,21.91,,2.9,5.62,-0.07,-4.38,2.82,5.94,9.36,2.98,-1.8,6.09,64.48,5.09,1.14,-10.45,-15.66,12.5,30.62,41.19,7.77,,3.37,-13.52,-19.51,78.91,69.3,3455235000.0
4450,"Power Solutions, Ltd.",Technology,74.21,1.1,26.8,,14.36,-4.17,-3.79,5.76,2.13,14.56,-1.56,-1.06,5.81,3.98,-140.87,8.8,7.83,7.99,8.87,20.03,13.77,11.64,10.81,21.32,8.71,9.26,13.95,84.36,34.3,2056363000.0
4452,Kao Corporation,Consumer Defensive,31784.15,2.24,25.14,,4.22,4.28,1.69,3.27,3.4,6.34,6.37,4.12,5.52,5.61,41.75,9.72,9.01,3.92,7.1,3.7,6.26,-1.19,9.74,13.52,8.95,3.87,7.58,82.89,39.57,334207000000.0
4461,DKS Co. Ltd.,Basic Materials,1480.21,1.08,21.66,,4.28,3.64,3.1,-1.43,3.67,6.73,5.09,4.79,0.49,5.54,33.36,12.2,7.31,3.29,1.83,13.15,16.06,-3.02,9.36,13.4,5.78,2.1,-0.41,68.96,29.91,24031000000.0
4462,"Ishihara Chemical Co., Ltd.",Basic Materials,381.99,1.72,12.89,,6.82,7.75,2.96,1.41,5.84,8.56,9.4,4.83,2.48,7.6,25.5,16.38,14.39,11.25,10.51,-0.76,14.13,1.77,11.11,22.55,11.22,7.33,6.81,,36.76,12544722000.0
4463,"Nicca Chemical Co.,Ltd.",Basic Materials,319.23,3.5,9.56,,-19.94,7.54,9.2,3.04,-1.07,17.36,18.9,12.8,7.26,16.35,101.02,6.91,6.5,4.07,5.19,2.97,7.83,-0.9,4.83,6.19,6.27,3.85,4.75,70.05,36.26,11848000000.0
4464,SOFT99corporation,Basic Materials,876.76,1.68,29.54,,2.07,2.89,3.04,0.48,2.67,3.99,4.84,4.3,2.99,4.38,39.25,13.58,13.56,11.98,10.79,5.01,-0.44,-0.98,5.08,8.73,4.94,4.5,4.11,,38.26,24592416000.0
4465,"Niitaka Co., Ltd.",Consumer Defensive,135.89,3.45,7.3,,16.23,3.94,8.61,6.9,9.59,19.91,7.68,9.55,7.95,12.38,25.71,8.61,8.12,6.49,4.38,3.81,4.29,16.59,8.51,16.4,7.99,8.19,3.27,93.7,36.6,8350834000.0
446A,"Northsand, Inc.",Industrials,1595.97,2.94,29.58,,2.66,1.09,,,1.88,2.69,,,,2.69,0.77,21.19,,,,,,,24.01,165.8,,,,,48.81,14602000000.0
4471,"Sanyo Chemical Industries, Ltd.",Basic Materials,1443.5,1.96,9.25,,14.0,9.65,13.73,7.52,12.46,14.0,9.65,13.73,7.52,12.46,0.0,7.83,5.93,3.07,4.65,-10.12,-10.82,-8.84,9.66,12.28,4.62,3.84,3.44,97.8,25.94,34525000000.0
4475,Hennge K.K.,Technology,554.87,0.34,38.86,,4.79,3.37,2.05,1.35,3.4,4.91,3.48,2.21,1.4,3.53,4.29,16.42,12.13,10.44,8.19,30.59,23.45,20.0,31.16,,23.8,20.91,15.7,96.22,86.47,7319041000.0
4476,AI CROSS Inc.,Technology,41.26,0.0,12.96,,2.11,7.73,8.18,-1.54,6.01,3.66,8.31,8.74,-0.1,6.9,18.59,8.93,9.04,8.98,6.76,12.03,13.87,-1.53,7.27,30.53,9.6,10.99,7.64,84.93,37.22,1815691000.0
4477,"BASE,Inc.",Technology,388.1,2.97,17.86,,8.42,9.36,-0.34,-4.47,5.81,8.46,9.42,-0.21,-4.4,5.89,-21.69,8.13,4.84,-3.64,-15.48,29.71,36.82,19.93,11.87,,-25.84,-3.29,-11.15,96.2,48.19,26867000000.0
4478,freee K.K.,Technology,2187.84,0.0,203.89,,-0.1,-3.4,-2.51,-1.45,-2.0,1.67,-3.09,-2.17,-0.49,-1.2,26.92,1.84,-32.98,-41.2,-21.16,30.83,32.31,33.65,6.87,,-38.92,-30.39,-7.76,59.7,82.24,36747600000.0
4479,"Makuake, Inc.",Financial Services,125.57,0.0,19.57,,6.63,-11.8,-7.34,-10.64,-4.17,7.84,-8.72,-2.7,-6.59,-1.19,-63.86,9.77,-1.71,-12.83,-7.7,25.33,-4.13,-9.43,7.91,,-0.98,-9.34,-6.19,,75.05,5969706000.0
4480,"Medley, Inc.",Healthcare,709.89,1.53,39.25,,4.21,3.04,4.89,2.3,4.05,4.91,3.45,5.45,2.84,4.6,12.12,5.84,7.94,12.97,9.09,25.54,42.71,44.74,2.85,3.95,4.49,9.37,4.95,44.27,63.03,8575000000.0
4481,"Base Co., Ltd.",Technology,582.6,3.94,14.5,,7.66,6.62,5.57,6.25,6.62,7.66,6.65,5.63,6.29,6.65,0.58,26.39,25.84,25.13,22.94,7.7,8.13,9.76,29.42,340.88,29.34,28.67,26.35,,32.35,13019598000.0
4482,WILLs Inc.,Communication Services,150.86,2.41,15.22,,6.52,5.77,4.8,4.05,5.7,9.17,7.1,6.28,5.28,7.52,23.73,21.52,20.42,20.42,18.42,19.31,13.21,17.41,32.88,,27.31,28.55,22.13,99.16,46.88,3141568000.0
4483,JMDC Inc.,Healthcare,2359.22,0.49,35.18,,2.77,4.66,-0.96,0.9,2.16,3.64,6.22,-0.01,1.72,3.28,-4411.12,20.85,20.9,17.94,21.31,20.95,36.47,9.94,5.75,7.62,5.22,3.33,5.57,61.99,54.87,30830000000.0
4484,"Lancers, Inc.",Technology,48.05,1.0,58.08,,6.63,-1.84,4.61,-9.86,3.13,7.73,-0.78,6.59,-6.76,4.51,-30.51,3.7,2.38,1.65,-5.2,18.48,0.35,-4.89,9.04,182.12,8.58,7.22,-18.54,64.42,39.15,2088722000.0
4486,Unite and Grow Inc.,Technology,54.72,2.31,10.97,,11.76,10.3,4.14,3.17,8.73,12.43,10.35,6.84,3.9,9.87,15.1,15.94,13.32,14.5,13.88,18.45,16.26,9.27,18.28,,14.62,15.76,14.45,,46.71,3108396000.0
4487,"Spacemarket,Inc.",Real Estate,27.24,0.0,14.55,,-4.47,11.03,6.41,-7.43,4.32,0.56,14.01,7.9,-5.84,7.49,311.63,9.62,8.98,6.5,-9.26,30.34,25.96,26.87,12.57,34.44,18.2,11.51,-12.96,53.95,76.15,1156442000.0
4488,AI inside Inc.,Technology,83.75,0.0,23.85,,2.88,8.17,8.64,4.35,6.56,9.77,9.3,8.81,9.48,9.29,28.2,6.55,8.75,10.71,7.46,7.92,4.98,10.21,3.87,19.53,10.76,6.99,6.07,88.03,82.11,4766006000.0
4490,VisasQ Inc.,Industrials,62.57,0.0,10.06,,14.73,10.19,10.5,20.47,11.81,20.65,14.83,14.91,24.27,16.8,29.85,13.45,12.55,-0.66,0.05,1.98,9.07,7.01,24.58,,19.27,-1.44,-0.04,46.95,99.21,4987515000.0
4491,"Computer Management Co., Ltd.",Technology,67.75,1.83,13.23,,5.42,7.01,5.98,4.92,6.14,6.0,7.12,6.33,5.96,6.48,5.6,7.64,6.51,5.94,6.82,4.21,9.85,3.8,12.0,81.91,10.77,10.07,11.7,,26.37,3542748000.0
4492,Genetec Corporation,Technology,44.69,3.17,8.95,,-0.19,5.2,11.08,-8.04,5.36,2.52,10.1,13.48,-4.99,8.7,57.95,7.47,8.54,8.81,1.81,35.19,13.66,21.89,10.58,15.87,9.48,14.53,1.01,58.58,37.76,1597620000.0
4493,"Cyber Security Cloud, Inc.",Technology,197.13,0.29,21.0,,4.73,2.99,2.4,1.38,3.37,5.09,3.21,2.93,1.79,3.74,10.82,21.69,20.05,17.97,16.96,31.8,26.04,34.48,17.05,112.15,25.61,20.93,17.31,,65.56,3983645000.0
4495,"i Cubed Systems, Inc.",Technology,102.07,1.9,13.93,,7.57,5.18,-0.51,0.71,4.08,9.94,8.07,2.95,2.7,6.99,59.04,24.14,23.47,23.22,33.68,27.15,10.66,8.58,23.19,470.4,18.59,17.36,24.54,,71.93,2441801000.0
4496,Commerce One Holdings Inc.,Technology,52.83,2.87,17.92,,3.31,6.81,12.52,1.03,7.55,5.92,10.08,14.74,3.1,10.25,30.53,9.77,17.29,18.1,18.16,5.48,3.82,11.29,8.85,29.82,6.35,13.27,14.15,98.14,54.8,1875566000.0
4498,"Cybertrust Japan Co., Ltd.",Technology,191.29,1.19,19.33,,3.15,6.86,3.4,4.04,4.47,8.12,10.42,6.39,6.35,8.31,47.36,19.73,19.1,17.2,17.08,12.34,15.09,4.85,14.71,72.63,14.58,12.18,12.56,,47.12,5935099000.0
4499,"Speee, Inc.",Communication Services,257.32,0.0,15.55,,-3.36,-5.44,0.73,3.83,-2.69,-2.92,-5.19,1.86,4.05,-2.08,13.67,-4.17,3.42,5.96,13.88,4.53,15.56,21.06,-7.18,-35.34,3.1,12.31,15.71,65.91,77.96,9395236000.0
4502,Takeda Pharmaceutical Company Limited,Healthcare,95310.1,3.47,42.52,,6.58,7.11,2.47,3.6,5.39,10.93,11.09,7.52,10.25,9.85,47.61,10.31,10.18,7.27,14.6,-1.66,7.45,5.87,4.03,4.25,2.52,6.99,4.63,57.72,65.12,636942000000.0
4503,Astellas Pharma Inc.,Healthcare,43014.4,3.39,14.78,,11.06,3.19,2.09,5.56,5.45,13.02,4.52,4.01,7.62,7.18,30.8,17.77,2.1,1.18,8.66,11.87,19.25,5.6,12.29,13.99,2.79,0.51,6.01,76.72,80.91,291177000000.0
4506,"Sumitomo Pharma Co., Ltd.",Healthcare,7155.07,0.0,6.01,,0.48,-36.01,-0.11,2.48,-11.88,2.31,-33.81,1.67,4.37,-9.94,59.74,23.18,7.45,-112.8,-13.86,13.66,26.79,-43.38,21.95,24.32,8.4,-60.15,-20.95,71.78,56.67,49637000000.0
4507,"Shionogi & Co., Ltd.",Healthcare,25007.57,2.6,12.19,,7.29,5.73,5.04,5.63,6.02,8.54,7.82,6.17,7.11,7.51,19.88,33.37,35.73,35.24,34.92,14.01,0.73,1.97,6.08,10.71,9.58,9.96,11.25,72.15,83.5,1022145000000.0
4512,"Wakamoto Pharmaceutical Co.,Ltd.",Healthcare,102.73,1.19,45.33,,-11.11,-10.6,-6.83,4.1,-9.51,-4.74,-5.77,-1.04,6.15,-3.85,-257.39,2.58,-5.88,-2.53,1.63,27.18,0.66,-10.65,1.83,2.18,-33.71,-1.1,0.77,87.96,47.75,2006175000.0
4516,"Nippon Shinyaku Co., Ltd.",Healthcare,2365.1,3.54,7.96,,9.91,0.56,2.81,6.11,4.43,11.51,15.27,6.89,11.07,11.22,56.48,20.79,22.12,22.46,20.84,6.58,8.08,2.83,9.84,13.45,12.79,11.48,11.34,99.14,66.35,79006000000.0
4519,"Chugai Pharmaceutical Co., Ltd.",Healthcare,108883.68,1.98,23.08,,2.52,3.61,3.08,1.58,3.07,3.55,4.11,3.76,2.24,3.81,19.76,47.6,46.3,39.52,42.34,7.46,5.33,-11.78,21.46,41.56,20.33,19.81,26.39,,71.09,979696000000.0
4521,"Kaken Pharmaceutical Co., Ltd.",Healthcare,1501.48,4.79,69.93,,-10.99,16.91,0.27,4.69,2.06,-7.38,19.83,1.72,6.16,4.72,16.63,-1.17,22.37,13.21,10.96,-18.25,30.52,-1.29,-0.55,-0.83,9.65,5.28,4.56,97.54,52.02,50705000000.0
4523,"Eisai Co., Ltd.",Healthcare,13984.79,3.26,36.23,,1.44,0.51,2.23,-2.6,1.39,4.38,2.15,4.0,-0.13,3.51,62.58,5.35,6.89,7.2,5.38,4.56,6.42,-0.36,3.23,4.18,4.16,3.65,5.46,77.47,76.83,246315000000.0
4524,"Morishita Jintan Co., Ltd.",Healthcare,92.39,2.9,14.68,,-0.83,-0.11,-4.93,7.74,-1.96,12.45,7.24,2.12,12.76,7.27,180.11,5.49,6.34,5.8,5.05,-0.61,2.9,9.22,3.88,4.44,4.22,4.87,3.8,88.12,48.03,1828000000.0
4526,"Riken Vitamin Co., Ltd.",Consumer Defensive,960.13,3.31,14.03,,0.82,3.11,7.73,5.9,3.89,6.21,8.22,10.88,8.16,8.44,59.27,7.17,9.13,10.24,8.07,0.75,4.48,3.08,5.24,6.74,7.24,7.44,6.81,91.94,30.91,20070000000.0
4527,"Rohto Pharmaceutical Co.,Ltd.",Consumer Defensive,6361.66,1.8,19.41,,3.39,4.14,3.98,3.3,3.84,7.51,5.8,5.38,4.86,6.23,36.52,11.96,12.39,14.79,14.23,11.37,13.95,13.48,8.52,11.28,8.92,11.79,11.83,84.97,56.06,86816000000.0
4528,"Ono Pharmaceutical Co., Ltd.",Healthcare,11475.14,3.32,16.33,,7.28,6.49,7.83,12.65,7.2,11.92,7.19,9.64,13.91,9.58,22.48,17.88,12.27,31.82,31.75,5.94,-3.14,12.41,7.24,9.63,5.51,15.77,14.87,88.17,72.52,238671000000.0
4531,"Yuki Gosei Kogyo Co., Ltd.",Basic Materials,78.46,2.74,24.98,,22.02,-13.94,-17.42,-6.25,-3.11,36.25,27.31,4.95,8.51,22.84,214.2,2.51,8.06,8.72,7.01,2.12,16.98,0.72,1.67,1.75,4.57,5.13,4.71,67.23,16.97,885000000.0
4534,"Mochida Pharmaceutical Co., Ltd.",Healthcare,1161.24,2.59,14.8,,-8.65,6.2,-8.42,4.42,-3.62,-6.33,8.06,-6.44,6.28,-1.57,-14.76,8.68,7.73,5.64,8.24,11.21,2.21,-0.36,4.78,6.02,4.39,3.35,4.93,93.35,48.11,31057000000.0
4536,"Santen Pharmaceutical Co., Ltd.",Healthcare,5616.43,2.42,15.35,,11.03,2.24,1.82,,5.03,12.94,6.61,8.2,,9.25,52.91,16.39,15.63,12.76,-1.11,-2.79,-0.65,8.22,12.74,17.71,12.37,11.26,-2.72,,58.21,83350000000.0
4538,"Fuso Pharmaceutical Industries,Ltd.",Healthcare,192.07,4.02,9.65,,-41.04,-33.34,-15.42,6.66,-29.93,-32.41,-17.21,3.26,14.85,-15.45,150.62,4.24,6.82,3.54,4.33,2.88,9.31,8.61,3.43,3.71,5.03,3.04,3.33,55.94,25.67,4846000000.0
4539,"Nippon Chemiphar Co., Ltd.",Healthcare,57.02,3.21,28.73,,-5.77,-37.23,-41.04,-33.85,-28.01,10.87,-4.65,5.19,-16.07,3.8,114.16,0.54,1.86,-1.61,-0.76,1.6,5.93,-2.57,0.46,0.54,1.97,-1.26,-0.51,51.13,25.38,5342000000.0
4540,Tsumura & Co.,Healthcare,2890.87,4.12,10.3,,-3.34,1.39,-5.0,0.6,-2.32,8.55,11.7,1.94,5.69,7.4,194.94,18.29,22.16,13.27,14.94,6.36,20.05,7.71,5.68,6.96,8.2,4.34,4.76,71.9,47.51,84079000000.0
4543,Terumo Corporation,Healthcare,33875.71,1.58,24.93,,3.8,3.79,1.99,1.34,3.19,6.81,6.22,4.32,3.47,5.78,45.69,15.58,15.22,15.2,14.31,9.24,12.4,12.39,6.84,7.99,7.73,6.79,6.72,79.14,52.54,280730000000.0
4544,"H.U. Group Holdings, Inc.",Healthcare,1965.45,3.51,30.21,,8.5,5.93,-0.51,5.52,4.64,10.97,11.18,8.42,16.55,10.19,58.53,1.93,1.09,-1.71,8.96,1.78,2.56,-9.18,1.89,2.5,1.08,-1.89,7.49,69.08,28.86,48311000000.0
4547,"Kissei Pharmaceutical Co., Ltd.",Healthcare,1675.9,3.25,12.08,,-4.25,0.89,-2.09,-5.51,-1.82,-0.89,3.89,-1.0,-3.99,0.67,-137.23,-3.0,6.54,5.31,-1.67,10.28,16.87,11.98,-1.05,-1.37,2.11,1.42,-0.45,99.46,47.04,54424000000.0
4548,Seikagaku Corporation,Healthcare,340.18,4.39,23.06,,-21.67,-0.53,-11.9,-1.41,-11.37,-3.96,13.02,1.51,4.63,3.52,181.9,-1.8,3.39,1.2,6.32,-6.93,8.73,8.24,-0.85,-1.06,1.14,0.77,2.28,99.53,43.59,14952000000.0
4549,"Eiken Chemical Co., Ltd.",Healthcare,788.21,2.43,21.35,,-2.44,0.83,2.18,5.45,0.19,5.13,7.65,4.83,9.61,5.87,97.2,6.97,7.4,8.43,17.23,3.35,1.22,-7.44,4.48,5.79,4.8,5.15,10.65,88.1,38.61,11297000000.0
4552,"JCR Pharmaceuticals Co., Ltd.",Healthcare,628.39,3.99,28.87,,-18.64,-24.6,12.39,-22.37,-10.28,-0.21,-9.22,14.82,-8.75,1.8,-2909.69,1.38,-18.81,17.57,14.49,21.91,-22.86,24.83,0.38,0.44,-5.35,7.24,4.64,44.72,74.87,14007000000.0
4553,"Towa Pharmaceutical Co., Ltd.",Healthcare,1826.35,2.3,34.82,,3.45,-4.28,-17.04,-15.29,-5.96,16.66,12.81,4.5,1.39,11.32,230.53,8.44,8.95,7.74,2.64,5.44,13.89,9.13,2.36,2.67,4.3,3.26,0.88,44.25,36.21,45306000000.0
4554,"Fuji Pharma Co., Ltd.",Healthcare,478.25,2.67,18.53,,4.07,-0.46,-4.14,-27.35,-0.18,12.13,8.68,4.01,-1.38,8.27,125.02,9.66,8.42,9.45,10.67,12.01,12.84,15.42,5.12,5.68,4.15,4.55,4.74,64.23,40.18,7245000000.0
4558,"Chukyoiyakuhin Co.,Ltd.",Consumer Cyclical,21.35,2.5,25.51,,2.73,0.29,6.33,-4.03,3.12,4.64,1.49,8.05,4.96,4.73,47.73,1.94,1.68,2.09,1.05,4.16,2.97,7.59,2.24,3.34,1.0,-4.7,0.29,62.18,56.56,1315035000.0
4559,"Zeria Pharmaceutical Co., Ltd.",Healthcare,897.02,2.48,10.61,,7.87,11.36,9.24,11.71,9.49,11.1,14.41,13.58,14.67,13.03,27.42,13.88,13.97,12.71,13.18,2.12,15.3,10.74,6.3,7.77,7.37,6.19,6.7,74.8,73.11,27760027000.0
4563,"AnGes, Inc.",Healthcare,143.58,0.0,,,-40.15,-46.6,-61.53,-78.24,-49.43,-40.05,-46.06,-60.91,-78.1,-49.01,-0.81,-588.64,-1415.31,-7822.66,-24331.65,35.81,320.72,128.13,-160.81,-403.23,-381.61,-45.01,-51.66,22.11,36.65,1882005000.0
4564,"OncoTherapy Science, Inc.",Healthcare,85.73,0.0,-1.03,,-11.49,-9.51,-14.35,-9.33,-11.78,-10.76,-9.51,-14.32,-9.27,-11.53,-2.33,-100.23,-106.38,-183.7,-97.49,7.8,22.93,-46.24,-37.92,-1543.06,-109.73,-317.5,-129.64,,1.73,2089338000.0
4565,"Nxera Pharma Co., Ltd.",Healthcare,1155.81,0.0,28.11,,-2.85,-8.01,-5.3,8.35,-5.39,-2.31,-6.68,-4.56,8.61,-4.52,-19.83,-28.57,-18.81,-74.62,22.07,2.71,125.87,-18.0,-6.22,-7.58,-4.26,-4.72,1.42,54.36,72.32,20365000000.0
4568,"Daiichi Sankyo Company, Limited",Healthcare,53297.64,3.47,21.41,,-1.34,-2.51,8.94,0.88,1.7,1.46,1.01,11.24,2.15,4.57,187.1,10.79,17.6,13.21,9.43,12.55,17.77,25.28,11.5,16.03,16.0,10.02,6.53,77.28,68.49,554543000000.0
4569,"KYORIN Pharmaceutical Co., Ltd.",Healthcare,654.89,2.22,18.98,,3.67,-4.26,-7.17,-11.3,-2.59,9.74,5.35,2.37,3.07,5.82,215.01,2.83,9.66,5.22,4.52,-2.94,8.83,5.53,1.67,1.83,5.45,3.11,2.39,85.79,40.89,15081000000.0
456A,HUMAN MADE Inc.,Consumer Cyclical,1616.08,0.0,45.98,,1.61,1.15,0.99,,1.25,1.93,,,,1.93,16.54,31.74,,,,,,,26.34,150.82,,,,98.67,65.38,9973282000.0
4570,"Immuno-Biological Laboratories Co., Ltd.",Healthcare,112.69,0.63,34.3,,2.38,1.1,1.02,0.23,1.5,2.67,1.63,1.19,0.23,1.83,19.19,27.99,21.59,12.77,7.19,3.66,18.71,2.78,15.24,29.87,14.46,10.41,4.49,91.69,70.35,989472000.0
4571,"Nano Holdings, Inc.",Healthcare,82.67,0.0,-4.07,,-9.88,-4.86,-7.08,-13.15,-7.27,-9.88,-4.86,-7.08,-13.15,-7.27,0.0,-553.58,-696.07,-637.91,-616.26,60.8,-19.92,-32.98,-18.76,-380.18,-23.11,-19.14,-23.28,73.42,87.85,4910354000.0
4572,"Carna Biosciences, Inc.",Healthcare,96.24,0.0,4.04,,-22.53,-14.42,-17.55,-8.67,-18.17,-22.44,-14.28,-17.43,-7.36,-18.05,-0.69,-358.34,-326.31,-68.7,-91.57,-8.99,-60.87,17.24,-207.91,-430.78,-83.1,-28.29,-32.85,,67.03,516789000.0
4574,"Taiko Pharmaceutical Co.,Ltd.",Healthcare,130.3,1.37,18.92,,3.91,1.34,-3.23,-15.95,0.67,6.25,2.78,-2.36,-15.3,2.22,17.29,7.18,10.01,-16.44,-61.09,1.67,2.81,21.43,4.67,8.48,9.86,-10.25,-26.22,98.61,54.42,4256000000.0
4575,"CanBas Co., Ltd.",Healthcare,144.42,0.0,,,-8.86,-9.69,-4.98,,-7.84,-8.86,-9.69,-4.98,,-7.84,0.0,,,,,,,,,,-65.39,-156.45,,,0.0,1888200000.0
4576,"D. Western Therapeutics Institute, Inc.",Healthcare,40.31,0.0,,,-12.32,-32.48,-14.93,-9.04,-19.91,-12.25,-32.23,-14.56,-8.8,-19.68,-1.3,-159.92,-256.5,-186.42,-68.27,-17.8,10.09,-4.4,-30.45,-187.84,-79.06,-36.96,-10.87,70.72,89.97,1709790000.0
4577,"Daito Pharmaceutical Co.,Ltd.",Healthcare,381.51,3.33,12.56,,10.9,-3.14,-2.87,-3.67,1.63,24.58,15.46,13.58,10.89,17.87,99.02,7.18,5.17,8.3,11.55,0.01,7.99,3.98,4.72,4.8,2.54,4.99,6.52,85.07,19.54,954000000.0
4578,"Otsuka Holdings Co., Ltd.",Healthcare,58546.43,1.81,14.52,,4.47,3.85,2.88,1.78,3.73,6.89,6.06,4.84,3.62,5.93,37.36,19.12,17.85,14.45,10.71,5.97,15.42,16.14,11.69,14.25,15.21,10.13,6.3,94.45,71.68,568999000000.0
4579,RaQualia Pharma Inc.,Healthcare,158.01,0.0,69.53,,-2.72,0.41,-5.95,9.17,-2.75,-2.24,1.15,-4.55,9.37,-1.88,4.02,12.15,-6.87,-17.74,29.69,28.07,63.45,-34.85,3.16,4.79,-3.38,-6.02,13.37,74.47,82.11,3244274000.0
4582,SymBio Pharmaceuticals Limited,Healthcare,46.49,0.0,1.48,,-100.19,-74.5,-9.2,33.7,-61.3,-98.42,-73.49,-4.19,34.72,-58.7,-40.92,-339.59,-158.06,-14.52,19.62,-46.69,-56.12,-44.15,-137.24,-1203.78,-93.01,-18.49,12.92,,72.45,2883503000.0
4583,Chiome Bioscience Inc.,Healthcare,83.56,0.0,-3.5,,-11.68,-11.98,-12.8,-14.25,-12.15,-11.2,-11.98,-12.8,-14.25,-11.99,-1.43,-165.14,-132.03,-176.59,-199.53,-24.02,14.41,8.19,-71.04,-549.98,-46.97,-83.53,-64.0,95.87,59.93,1205026000.0
4584,Kidswell Bio Corporation,Healthcare,82.4,0.0,16.12,,-13.52,11.29,-5.51,-17.25,-2.58,-13.3,11.37,-5.51,-17.25,-2.48,-0.31,-2.1,0.55,-54.93,-19.84,29.67,109.03,-12.43,-3.39,-15.66,-0.25,-39.25,-17.34,42.59,26.52,3294916000.0
4586,"MedRx Co., Ltd",Healthcare,39.06,0.0,,,-24.85,-20.57,-23.41,-27.53,-22.94,-22.74,-20.57,-23.39,-27.48,-22.23,-3.14,-735.45,-307.48,-3160.99,-1847.32,-50.34,773.28,-50.35,-46.59,-324.32,-36.73,-48.65,-90.76,,99.06,1754669000.0
4587,PeptiDream Inc.,Healthcare,1374.39,0.0,9.43,,-10.94,15.74,8.04,-2.95,4.28,-9.66,17.35,9.04,-0.06,5.58,2.37,-27.07,45.23,23.59,33.44,-60.32,62.57,6.93,-5.16,-8.87,19.87,7.55,19.21,75.58,40.61,28689180000.0
4588,Oncolys BioPharma Inc.,Healthcare,1848.88,0.0,-83.73,,-1.05,-1.09,-0.73,-0.93,-0.96,-1.05,-1.09,-0.72,-0.93,-0.95,-0.25,-7090.55,-5357.52,-3061.62,-123.39,-9.04,-50.21,-93.54,-47.16,-324.36,-55.31,-109.64,-47.49,80.3,100.0,3674717000.0
4591,Ribomic Inc.,Healthcare,42.98,0.0,-1.45,,-26.08,-23.96,-22.23,-40.31,-24.09,-25.85,-23.2,-21.7,-39.76,-23.58,-2.22,-40237.73,-49861.84,,-2707.39,42.38,,-100.0,-42.53,-8666.78,-34.56,-32.95,-40.77,,100.0,2827180000.0
4592,SanBio Company Limited,Healthcare,742.33,0.0,-23.3,,-5.11,-4.86,-6.49,-10.03,-5.49,-5.07,-4.85,-6.42,-10.01,-5.45,-0.72,,,,,,,,-22.89,,-155.88,-136.58,-174.36,91.25,0.0,15083233000.0
4593,Healios K.K.,Healthcare,391.51,0.0,290.0,,-8.51,-5.43,-7.28,-12.42,-7.07,-8.08,-4.64,-7.21,-11.75,-6.64,-7.73,-3211.54,-507.5,-2792.56,-5754.44,-81.43,362.81,34.44,-50.47,-277.92,-71.94,-43.0,-44.58,77.41,-109.62,5679000000.0
4594,"BrightPath Biotherapeutics Co., Ltd.",Healthcare,70.83,0.0,,,-19.29,-17.67,-16.44,-17.03,-17.8,-19.28,-17.65,-16.33,-17.0,-17.75,-0.27,-1541667.86,-102464.08,-1604276.39,-27785.21,-92.59,1473.61,-98.64,-54.78,-611.25,-122.41,-106.0,-93.71,,65.48,2156198000.0
4595,"Mizuho Medy Co.,Ltd.",Healthcare,332.4,5.75,10.3,,5.03,9.17,11.2,18.03,8.47,5.88,10.07,12.01,18.57,9.32,10.05,41.32,43.07,46.92,63.16,-1.48,4.0,-37.5,18.02,42.83,20.72,23.46,55.04,,69.44,10825000000.0
4596,"Kubota Pharmaceutical Holdings Co., Ltd.",Healthcare,107.02,0.0,,,-5.55,-11.63,-13.1,-20.04,-10.09,-5.45,-11.17,-12.48,-19.5,-9.7,-3.65,-4194.31,-4948.66,-3770.67,-24691.3,-21.53,-31.83,383.24,-46.42,-9833.57,-93.25,-52.88,-47.92,99.07,-22.49,1918615000.0
4597,Solasia Pharma K.K.,Healthcare,84.63,0.0,-14.76,,-12.22,-4.24,-29.27,-31.15,-15.24,-12.21,-4.24,-24.51,-29.22,-13.65,-6.51,-200.47,-617.09,-184.6,-226.28,35.76,-48.78,-43.5,-52.57,-333.33,-180.14,-57.75,-93.61,94.9,48.48,1378000000.0
4598,"Delta-Fly Pharma, Inc.",Healthcare,16.64,0.0,-6.32,,-93.56,-110.24,-76.95,-78.31,-93.58,-93.56,-110.23,-76.89,-78.29,-93.56,-0.03,,,,,,,,-4730.77,,-615.81,-114.06,-166.69,,0.0,145453000.0
4599,StemRIM,Healthcare,109.69,0.0,-5.43,,-17.2,10.35,-12.81,,-6.55,-17.15,10.35,-12.8,,-6.53,-0.08,,,,6.06,,,-100.0,,,,-22.1,,,0.0,8410449000.0
460A,BRANU Inc.,Technology,58.66,0.0,19.74,,3.09,,,,3.09,4.2,,,,4.2,26.38,15.62,,,,,,,28.11,297.99,,,,72.36,81.49,786171000.0
4611,"Dai Nippon Toryo Company, Limited",Basic Materials,455.02,3.68,27.1,,-4.56,-3.84,-1.62,-4.13,-3.34,6.62,7.85,7.61,2.82,7.36,146.38,4.11,6.5,6.81,5.42,29.3,0.79,-1.25,2.46,2.86,5.04,5.01,5.08,82.02,27.6,11332000000.0
4612,"Nippon Paint Holdings Co., Ltd.",Basic Materials,27358.04,1.46,18.73,,5.3,4.33,5.54,2.61,5.06,6.85,6.12,6.94,4.11,6.64,24.01,11.36,14.49,11.7,8.55,-7.64,22.99,10.2,4.08,5.02,7.91,5.93,4.55,58.7,40.12,603797000000.0
4613,"Kansai Paint Co., Ltd.",Basic Materials,5082.16,4.07,19.3,,4.12,1.89,9.25,7.7,5.09,10.35,6.88,13.2,9.88,10.14,54.2,8.43,8.84,9.18,6.3,0.16,4.72,10.45,5.88,7.66,7.49,8.52,5.26,61.0,32.44,119041000000.0
4615,"Shinto Paint Company, Limited",Basic Materials,44.25,0.0,,,12.25,-13.15,-7.75,-23.23,-2.88,20.77,-0.68,1.2,-12.11,7.1,-350.6,1.22,1.13,-2.51,-6.3,3.48,9.52,-0.44,2.96,3.57,0.33,-3.25,-6.41,75.59,16.86,3081000000.0
4616,"Kawakami Paint Mfg.Co.,Ltd.",Basic Materials,25.32,1.79,10.44,,0.24,-4.96,-3.11,5.5,-2.61,11.21,5.51,6.54,8.14,7.75,145.16,0.92,1.57,3.07,2.86,0.32,-3.73,9.05,0.78,1.22,1.29,3.26,2.65,63.02,17.01,1889166000.0
4617,"Chugoku Marine Paints, Ltd.",Basic Materials,1777.66,2.84,16.15,,8.11,8.18,6.97,0.02,7.75,8.11,8.18,6.97,0.02,7.75,0.0,12.51,11.73,10.49,3.91,6.26,12.89,16.78,11.04,17.57,12.68,10.77,3.73,86.61,33.57,41586000000.0
4619,"Nihon Tokushu Toryo Co., Ltd.",Consumer Cyclical,574.45,5.57,11.14,,6.71,2.99,14.05,6.81,7.92,11.17,5.43,16.22,10.79,10.94,32.74,6.47,6.75,6.04,2.69,-6.31,2.11,6.51,5.0,6.67,5.83,5.16,2.33,95.05,23.58,15816000000.0
4620,"Fujikura Kasei Co., Ltd.",Basic Materials,311.49,1.87,10.24,,-3.94,6.08,4.83,-2.44,2.32,9.65,10.51,10.51,3.06,10.22,79.03,4.08,2.35,2.47,0.69,0.19,5.54,3.48,3.39,4.73,1.48,2.2,0.3,90.72,30.48,14867045000.0
4623,Asahipen Corporation,Basic Materials,65.49,3.21,9.65,,6.12,-6.86,7.96,0.1,2.41,18.98,14.76,12.85,5.35,15.53,84.09,3.74,5.04,4.94,4.62,-1.92,0.26,-0.14,2.11,2.65,3.0,2.48,2.72,71.46,32.03,4281900000.0
4624,"Isamu Paint Co., Ltd.",Basic Materials,77.27,1.23,10.23,,10.73,2.89,7.81,6.66,7.14,12.79,6.3,10.33,8.91,9.81,31.51,10.89,7.69,8.07,7.07,3.01,2.02,5.19,3.63,5.46,2.7,2.71,2.37,99.96,33.37,6071232000.0
4625,"Atomix Co.,Ltd.",Basic Materials,46.75,2.24,4.94,,-2.58,7.87,-4.29,-1.45,0.33,13.92,21.83,10.56,6.06,15.44,107.7,4.46,2.84,2.97,1.37,3.36,1.87,6.41,3.49,5.55,2.32,2.17,0.91,98.26,28.86,4236836000.0
4626,"Taiyo Holdings Co., Ltd.",Basic Materials,5319.03,3.32,29.04,,4.33,3.09,0.45,1.94,2.62,5.78,4.46,3.99,4.27,4.74,48.18,23.6,18.54,17.37,16.41,15.83,13.59,7.64,14.08,18.79,9.75,6.96,7.17,70.19,48.96,43203000000.0
4627,"Natoco Co., Ltd.",Basic Materials,148.52,2.77,10.32,,5.62,-13.03,-21.13,-22.06,-9.51,12.44,10.72,11.37,13.65,11.51,187.39,6.28,5.94,6.22,8.39,7.33,2.92,-1.38,4.14,7.95,3.56,3.91,5.55,,22.31,11710868000.0
4628,"Sk Kaken Co.,Ltd.",Basic Materials,1374.64,1.8,11.22,,9.28,6.02,6.68,5.2,7.33,9.28,6.02,6.68,5.2,7.33,0.0,11.14,11.73,11.98,10.41,3.36,5.21,5.55,4.96,12.17,5.39,5.39,4.88,98.33,30.04,105240000000.0
4629,"Daishin Chemical Co.,Ltd.",Basic Materials,115.75,1.81,13.02,,20.69,21.18,-5.94,12.55,11.98,24.63,23.73,-1.6,15.54,15.59,-81.46,3.38,2.3,2.54,3.65,-0.3,6.93,-5.61,4.85,10.47,3.4,3.45,5.91,98.36,13.86,9341594000.0
462A,"FUNDINNO,Inc.",Financial Services,60.89,0.0,,,,,,,,,,,,,,,,,,,,,,,,,,,86.57,
4631,DIC Corporation,Basic Materials,4569.15,3.32,8.13,,6.79,-0.2,6.79,-8.2,4.46,15.97,10.11,19.5,1.74,15.19,74.89,4.96,4.16,1.73,3.76,-1.77,3.12,-1.47,3.68,3.99,3.02,3.01,2.39,54.98,21.67,68909000000.0
4633,Sakata INX Corporation,Basic Materials,1308.48,3.77,10.91,,6.77,1.14,7.15,-1.16,5.02,13.0,6.8,11.75,3.78,10.52,56.76,5.91,5.36,5.01,1.91,4.93,7.54,5.95,7.83,9.09,6.98,6.3,2.9,77.63,25.01,20595000000.0
4634,"artience Co., Ltd.",Basic Materials,2405.85,2.34,13.04,,5.04,3.35,1.44,-5.69,3.28,11.45,11.21,9.76,1.77,10.81,70.42,5.93,5.82,4.15,2.17,-0.31,8.98,1.96,3.86,4.51,4.87,3.07,1.72,82.55,21.72,47916000000.0
4635,"Tokyo Printing Ink Mfg. Co., Ltd.",Basic Materials,256.47,4.59,13.85,,1.43,0.49,1.59,-8.43,1.17,9.26,8.89,7.76,-3.48,8.64,86.16,4.45,2.8,1.76,-0.04,6.67,6.57,1.19,4.29,4.83,2.71,1.67,-0.03,81.4,16.64,4231000000.0
463A,"INTELLEX HOLDINGS Co.,Ltd.",Real Estate,102.23,4.68,5.16,,-94.37,-58.02,86.68,-9.1,-21.9,-64.84,-58.02,86.68,-9.1,-12.06,-15.19,5.17,5.33,2.18,1.72,30.53,4.9,3.55,3.47,3.87,3.43,1.75,0.7,27.74,15.94,6220455000.0
4641,Altech Corporation,Industrials,513.45,4.11,13.54,,6.16,8.48,5.82,6.93,6.82,6.57,8.93,6.26,7.14,7.25,6.07,10.25,10.35,10.78,10.65,5.6,7.88,5.88,18.67,59.44,18.81,20.48,20.89,99.03,23.01,14118668000.0
4642,"Original Engineering Consultants Co., Ltd.",Industrials,84.63,2.49,13.94,,5.14,1.79,4.1,7.37,3.68,7.14,2.86,4.72,8.17,4.91,26.12,10.83,11.88,11.66,11.4,19.56,7.37,2.26,5.81,10.13,8.75,7.17,7.21,83.2,33.49,3991237000.0
4644,"Imagineer Co.,Ltd.",Communication Services,101.6,5.69,13.61,,-2.66,-0.42,1.72,0.66,-0.45,-2.66,-0.42,1.72,0.66,-0.45,0.0,2.55,7.07,5.8,8.98,-12.27,8.82,-10.24,0.82,0.95,2.6,1.86,3.33,,62.58,1676890000.0
4645,"Ichishin Holdings Co.,Ltd.",Consumer Defensive,35.3,2.25,5.63,,25.46,21.62,7.62,10.98,18.23,38.67,33.69,18.64,24.24,30.33,43.03,4.82,4.97,5.25,5.17,1.05,2.85,3.8,7.19,18.48,6.6,7.1,7.64,27.2,16.53,5142682000.0
464A,QPS Holdings Inc.,Industrials,978.69,0.0,75.03,,-10.3,-6.44,-3.12,-2.59,-6.62,-0.54,1.51,0.72,-0.15,0.56,-252.3,-21.9,3.17,20.63,-84.59,41.85,62.19,344.27,-2.17,-4.92,0.42,3.69,-5.73,73.92,8.68,21248000000.0
4650,"SD ENTERTAINMENT,Inc.",Communication Services,24.18,0.0,11.2,,18.37,-2.5,-1.6,-9.43,4.76,25.35,3.52,1.15,-4.38,10.01,145.79,1.4,2.34,3.29,1.76,22.69,12.5,-1.04,1.24,1.7,1.56,2.12,4.17,47.52,90.96,1025095000.0
4651,Sanix Holdings Incorporated,Industrials,117.6,1.21,27.89,,-10.71,-8.26,22.07,33.16,1.03,18.35,22.52,41.0,42.81,27.29,113.74,2.82,4.92,7.95,3.87,-0.13,-3.85,1.92,3.01,3.81,8.43,15.13,9.0,47.8,34.09,4704000000.0
4657,"Environmental Control Center Co.,Ltd.",Industrials,21.79,2.18,17.96,,0.31,16.03,15.65,-10.27,10.66,8.69,22.01,26.19,2.52,18.96,54.62,1.8,5.88,0.99,2.39,9.02,4.7,12.54,1.1,1.39,6.19,-0.8,5.38,62.0,21.92,828182000.0
4658,"Nippon Air conditioning Services Co., Ltd.",Industrials,572.24,3.47,15.57,,2.19,2.83,1.31,0.59,2.11,4.82,8.67,4.23,1.61,5.91,63.62,6.88,6.51,6.24,5.39,7.46,10.66,10.11,10.11,13.32,10.13,10.0,8.3,89.48,21.54,8196000000.0
4661,"Oriental Land Co., Ltd.",Consumer Cyclical,48666.79,0.54,40.98,,2.01,1.9,2.98,1.53,2.3,3.72,4.01,4.06,3.45,3.93,41.78,23.9,25.33,26.75,23.02,3.7,9.84,28.02,8.46,14.54,9.9,10.34,7.48,77.57,38.74,597098000000.0
4662,Focus Systems Corporation,Technology,241.26,4.16,10.58,,9.98,7.34,2.93,7.64,6.75,10.65,7.63,3.39,8.92,7.22,7.87,8.5,6.67,6.26,6.51,9.66,3.32,8.19,12.86,21.36,9.89,8.49,8.95,88.13,14.69,6935659000.0
4664,Japan Reliance Service Corporation,Industrials,35.2,2.78,23.15,,3.94,0.32,9.05,6.98,4.44,5.67,0.63,9.23,7.14,5.18,27.26,2.64,3.4,3.51,3.17,-6.93,9.24,34.33,4.94,15.67,7.44,7.47,5.03,89.97,18.3,1806105000.0
4665,"Duskin Co., Ltd.",Industrials,2246.6,3.17,24.45,,1.63,3.02,0.94,2.53,1.86,6.14,7.43,4.94,5.37,6.17,71.25,4.5,3.85,2.84,5.07,3.05,5.6,4.86,3.95,4.9,3.27,2.19,3.84,100.0,44.12,30688000000.0
4666,"PARK24 Co., Ltd.",Industrials,3437.67,3.24,9.2,,5.06,6.3,6.33,3.88,5.9,18.29,15.76,14.02,8.54,16.02,62.4,9.25,10.43,9.69,7.12,9.5,12.36,13.74,8.93,14.08,11.74,10.86,1.71,40.63,25.67,87216000000.0
4667,"Aisan Technology Co.,Ltd.",Technology,174.77,0.46,33.4,,3.68,4.13,-3.1,1.02,1.57,4.95,5.34,-1.37,2.24,2.97,-25.84,10.02,7.22,8.21,7.42,22.06,13.55,22.74,7.0,27.32,4.74,5.02,3.97,92.47,38.69,5822351000.0
4668,"Meiko Network Japan Co., Ltd.",Consumer Defensive,193.78,3.94,11.43,,6.82,1.79,1.84,1.47,3.48,8.95,3.83,3.14,2.52,5.31,39.5,6.84,4.5,5.14,5.97,9.96,8.18,6.08,8.99,34.52,4.7,5.74,6.1,99.83,25.32,9327000000.0
4671,"FALCO HOLDINGS Co., Ltd.",Healthcare,279.63,4.51,14.1,,4.6,4.05,7.84,2.53,5.5,10.29,9.37,12.28,7.46,10.65,49.43,5.73,5.39,5.01,6.56,0.61,0.71,-8.33,6.08,9.28,6.09,5.26,6.51,96.13,31.69,9267000000.0
4673,"Kawasaki Geological Engineering Co., Ltd.",Industrials,43.71,2.47,4.08,,-36.23,16.37,7.24,-7.7,-4.21,-33.38,17.54,9.6,-1.74,-2.08,7.59,5.24,4.51,1.24,5.5,32.95,2.88,-0.97,5.32,6.09,3.72,0.92,5.1,79.85,25.03,1097586000.0
4674,Cresco Ltd.,Technology,754.49,3.8,14.67,,5.71,5.52,3.91,1.7,5.05,7.07,6.31,4.26,2.23,5.88,13.32,10.21,10.18,9.71,10.33,10.07,11.38,9.07,13.27,25.01,12.98,11.14,13.21,96.29,20.27,16349357000.0
4676,"Fuji Media Holdings, Inc.",Communication Services,5808.35,4.91,123.41,,-17.49,-1.27,-10.59,1.69,-9.78,-0.06,10.06,8.23,10.64,6.08,-9781.93,-1.59,3.32,5.92,5.86,0.2,-2.77,5.75,-0.13,-0.15,241.12,1.96,2.08,46.07,19.03,156816000000.0
4678,"SHUEI YOBIKO Co., Ltd.",Consumer Defensive,22.48,2.99,51.78,,18.84,-10.18,-27.3,24.05,-6.21,29.32,20.97,-13.03,26.89,12.42,24.93,4.23,3.62,2.1,3.77,0.21,3.37,-3.55,2.49,3.37,5.59,4.9,4.75,82.43,17.93,1519481000.0
4679,"TAYA Co.,Ltd.",Consumer Cyclical,19.63,0.0,,,-4.77,-15.36,-6.87,-39.14,-9.0,3.71,-3.42,-1.29,-29.67,-0.33,-183.79,0.75,0.07,-0.41,-10.32,-6.78,-6.77,-2.75,3.93,7.18,0.86,-3.37,-62.62,70.1,16.16,531781000.0
4680,Round One Corporation,Consumer Cyclical,3121.61,1.52,18.77,,9.48,13.56,15.18,7.69,12.74,19.37,20.49,20.15,11.48,20.0,36.49,79.33,79.55,17.05,11.91,6.82,-89.32,-31.02,4.58,8.04,4.84,12.37,13.55,29.68,87.59,56669000000.0
4681,"Resorttrust, Inc.",Consumer Cyclical,3795.75,2.02,18.16,,8.03,4.13,5.34,3.68,5.83,13.24,9.67,10.31,6.4,11.07,48.27,11.09,10.58,10.47,7.23,5.49,23.55,18.83,12.51,17.72,12.45,10.51,6.5,80.71,77.79,48932000000.0
4684,"OBIC Co.,Ltd.",Technology,21731.62,1.86,29.52,,3.29,2.79,2.4,2.38,2.83,3.39,2.89,2.57,2.44,2.95,4.39,65.69,64.65,63.55,62.39,11.52,8.65,11.4,12.36,20.66,12.96,12.72,13.6,,78.15,207385000000.0
4685,"Ryoyu Systems Co., Ltd.",Industrials,355.22,3.61,9.08,,9.94,7.88,9.63,-2.17,9.15,11.14,8.5,11.51,-1.21,10.38,11.45,12.7,11.27,9.67,8.08,1.09,15.38,11.84,17.95,21.52,18.31,15.19,13.2,,23.1,3687000000.0
4686,JustSystems Corporation,Technology,2851.54,0.69,18.88,,5.67,4.22,3.69,5.02,4.53,6.88,5.27,4.58,5.89,5.58,18.97,43.67,40.49,41.59,45.38,15.63,8.7,-2.3,13.11,411.24,11.66,12.13,15.86,,80.12,114901000000.0
4687,TDC SOFT Inc.,Technology,495.48,3.23,12.95,,5.34,5.8,4.23,3.91,5.12,5.37,5.98,6.1,3.94,5.82,11.48,10.67,10.74,9.59,9.81,8.87,11.89,12.64,15.27,42.85,15.69,14.61,13.75,97.63,20.27,15277273000.0
4689,LY Corporation,Consumer Cyclical,35141.23,2.12,18.39,,18.86,14.79,6.99,0.01,13.55,18.86,14.79,9.01,2.65,14.22,7.48,14.01,16.43,11.19,9.53,6.2,5.67,8.51,5.53,7.05,4.94,3.16,2.65,61.99,73.97,1068032000000.0
4691,Washington Hotel Corporation,Consumer Cyclical,241.69,2.18,7.98,,12.36,8.07,4.15,17.28,8.19,18.92,14.14,8.45,20.83,13.84,42.85,15.78,10.5,8.15,17.05,13.33,16.69,4.34,13.84,18.44,11.27,7.16,12.69,27.32,19.27,6426303000.0
4694,"BML, Inc.",Healthcare,1386.89,3.39,18.19,,7.64,-0.61,-4.67,3.81,0.79,14.94,11.4,10.42,8.47,12.25,99.7,6.94,6.54,6.64,15.01,4.94,3.79,-13.48,5.26,10.81,4.68,4.6,12.63,,32.4,68029000000.0
469A,Fitcrew Inc.,Consumer Cyclical,17.27,0.0,11.01,,-5.74,12.55,1.31,,2.71,-0.87,20.19,9.8,,9.71,-146.2,9.4,4.6,4.41,,19.01,38.82,,25.73,56.48,6.28,4.64,,54.6,39.75,570435000.0
4704,Trend Micro Incorporated,Technology,8489.72,2.81,24.28,,4.92,2.57,3.64,4.23,3.71,7.61,5.51,6.74,6.7,6.62,44.91,20.93,17.64,13.11,14.0,1.23,9.63,11.12,28.82,,25.02,5.12,9.47,,76.91,231030000000.0
4705,CLIP Corporation,Consumer Defensive,28.21,5.13,,,-0.93,-5.72,5.25,-3.47,-0.47,-0.04,-3.36,7.07,-2.31,1.22,-727.33,-1.3,0.06,1.53,6.0,-5.18,0.05,3.55,-1.16,-2.72,0.06,0.52,1.99,96.43,25.28,2838568000.0
4707,KITAC Corporation,Industrials,19.83,1.99,13.5,,-8.9,13.31,-2.23,-14.82,0.73,5.39,17.1,2.83,-2.67,8.44,155.3,4.21,10.85,5.78,2.85,3.73,16.01,6.66,1.91,1.96,5.01,3.08,1.07,69.88,29.52,155778000.0
4709,ID Holdings Corporation,Technology,377.47,4.59,12.94,,7.79,8.93,3.2,3.99,6.64,8.11,9.43,3.77,4.38,7.1,8.08,10.49,10.42,8.47,7.8,8.54,11.0,5.08,17.59,29.76,15.23,11.74,11.72,96.16,25.7,6620600000.0
4712,"KeyHolder, Inc.",Communication Services,153.93,1.34,14.11,,19.52,14.22,6.23,7.53,13.32,20.65,15.26,6.97,10.71,14.29,7.64,2.2,5.97,2.28,3.1,14.6,13.0,24.71,2.75,3.51,6.11,3.14,2.87,83.63,17.77,5856468000.0
4714,Riso Kyoiku Group Corporation,Consumer Defensive,364.45,4.67,22.57,,2.19,4.49,2.29,5.54,2.99,5.49,6.72,4.54,7.63,5.58,47.58,7.9,8.79,8.16,7.63,2.53,3.66,2.31,13.64,39.98,16.46,21.71,16.45,,26.44,8081131000.0
4716,Oracle Corporation Japan,Technology,12674.78,2.17,19.95,,5.73,5.1,6.3,5.28,5.71,5.89,5.25,6.34,5.34,5.83,2.14,31.5,32.95,32.64,32.79,8.18,7.76,7.77,30.5,52.14,36.84,28.83,33.24,,45.02,84968000000.0
4718,"Waseda Academy Co., Ltd.",Consumer Defensive,444.51,3.65,18.36,,7.1,6.3,4.99,4.78,6.13,9.45,8.74,8.18,6.54,8.79,30.61,10.52,10.12,8.79,7.81,7.38,6.7,6.96,16.02,42.16,14.72,14.12,11.72,96.84,32.38,10591863000.0
4719,Alpha Systems Inc.,Technology,470.29,4.22,12.54,,4.53,2.97,9.75,6.18,5.75,6.44,3.33,10.01,6.27,6.59,14.39,12.14,11.49,11.95,11.85,5.82,5.77,2.35,8.05,16.24,7.19,7.16,7.22,,23.17,22874245000.0
471A,"NS Group, Inc.",Industrials,783.42,4.93,10.99,,9.98,4.91,9.78,,8.22,10.57,5.46,10.09,,8.71,6.24,33.1,33.47,32.85,,13.2,10.23,,12.18,17.24,10.31,11.75,,50.64,31.46,16081000000.0
4720,"Johnan Academic Preparatory Institute, Inc.",Consumer Defensive,19.52,2.06,398.36,,4.93,-10.14,1.2,-1.79,-1.34,6.31,-2.84,3.6,2.51,2.36,-56.34,1.38,-4.1,0.52,-0.55,-0.05,-3.89,-1.58,0.23,0.82,-11.3,4.95,-1.75,49.36,24.05,1762291000.0
4722,Future Corporation,Technology,2150.39,1.94,17.47,,3.08,4.43,2.82,3.91,3.44,4.03,4.97,3.52,4.73,4.17,18.01,21.29,21.0,23.1,22.76,8.75,17.79,10.39,14.12,24.43,13.77,18.64,19.01,83.04,48.67,32800000000.0
4725,CAC Holdings Corporation,Technology,338.3,5.14,9.2,,3.3,16.11,0.2,7.02,6.54,4.56,16.89,1.76,7.76,7.74,40.35,5.1,6.52,6.58,6.64,-2.83,3.02,5.35,4.16,7.27,6.03,6.49,6.1,85.1,26.34,16234000000.0
4728,"Tose Co., Ltd.",Communication Services,49.34,3.86,12.45,,5.22,-27.35,21.76,12.19,-0.12,6.74,-26.07,23.86,13.87,1.51,8.82,10.4,-11.32,8.44,8.29,43.78,-20.19,2.13,7.74,10.72,-4.14,5.3,4.66,,27.01,1700460000.0
472A,Mirrativ Inc.,Communication Services,95.79,0.0,9.44,,2.66,-11.86,,,-4.6,3.01,-11.8,,,-4.4,5.52,4.86,,-21.69,,,,,21.45,112.67,,-39.84,,88.72,31.66,3392665000.0
4732,"USS Co., Ltd.",Consumer Cyclical,8513.26,3.01,21.54,,3.86,3.98,5.23,3.8,4.36,5.16,4.48,5.54,4.34,5.06,13.99,52.57,52.11,50.14,49.31,9.45,6.57,9.94,19.76,41.77,18.16,16.98,15.59,98.9,62.76,110433000000.0
4733,"OBIC Business Consultants Co., Ltd.",Technology,6210.35,1.58,34.25,,2.55,2.65,3.61,2.44,2.94,2.8,2.85,3.75,2.49,3.13,6.46,45.88,46.28,44.69,43.64,9.4,11.99,24.48,10.01,31.93,9.51,8.78,7.33,,84.64,116252591000.0
4735,"Kyoshin Co., Ltd.",Consumer Defensive,21.98,2.71,24.57,,46.66,51.66,40.59,63.44,46.3,67.53,68.45,64.64,75.48,66.87,30.88,1.92,3.35,1.85,1.59,1.36,2.67,6.5,1.47,2.91,6.67,-23.95,-0.08,25.27,20.35,5569811000.0
4736,Nippon RAD Inc.,Technology,31.12,1.74,18.87,,2.2,-3.63,10.16,-1.51,2.91,5.29,4.48,12.07,0.06,7.28,85.1,4.11,7.31,6.69,2.44,-5.15,9.32,12.07,3.27,7.31,10.18,9.27,2.81,99.4,21.93,1962605000.0
4743,ITFOR Inc.,Technology,441.67,4.8,16.08,,5.3,4.88,5.51,2.65,5.23,7.0,5.91,6.42,3.88,6.44,18.63,16.7,17.19,18.1,17.56,12.4,-0.49,12.72,12.63,33.03,14.72,14.28,13.08,98.99,38.06,12902588000.0
4746,"Toukei Computer Co., Ltd.",Technology,1359.05,2.7,23.7,,4.25,2.52,3.29,3.01,3.35,4.71,2.75,3.71,3.29,3.72,9.91,30.1,28.4,25.87,25.8,6.12,0.37,11.12,8.55,9.13,9.62,10.25,10.72,,45.26,3181105000.0
4750,"Daisan Co., Ltd.",Industrials,35.21,4.02,13.42,,14.77,37.31,7.29,-22.31,19.79,16.76,39.04,8.88,-12.49,21.56,11.41,2.41,3.42,0.54,-0.61,2.78,4.13,-1.0,2.5,3.76,4.14,0.61,-0.82,71.07,28.76,2689340000.0
4751,"CyberAgent, Inc.",Communication Services,6336.2,1.61,15.55,,8.17,5.1,-0.75,-1.29,4.17,12.55,8.4,3.29,2.83,8.08,65.68,8.2,5.0,3.41,9.73,9.09,11.25,1.36,16.39,146.87,9.87,4.7,22.56,75.46,30.21,246188000000.0
4752,Showa System Engineering Corporation,Technology,68.93,3.8,8.92,,11.44,4.09,11.12,5.73,8.88,11.57,9.07,11.16,6.9,10.6,18.79,11.74,11.41,11.42,10.78,4.97,4.48,12.35,12.35,,13.15,13.16,11.66,99.83,18.19,6378893000.0
4754,TOSNET Corporation,Industrials,69.63,2.46,13.01,,8.06,13.85,13.3,3.37,11.74,11.45,15.27,14.58,7.56,13.77,15.89,7.22,6.79,7.29,6.89,3.0,5.69,9.04,6.19,18.1,5.55,5.96,5.65,95.57,33.15,6104081000.0
4755,"Rakuten Group, Inc.",Consumer Cyclical,14841.87,0.0,-89.38,,14.7,63.85,25.13,-46.98,34.56,28.57,80.24,48.79,-17.66,52.53,39.16,0.58,2.32,-10.28,-19.35,9.54,10.04,7.83,0.91,8.28,-6.6,-5.72,-5.96,21.56,52.67,5837566000000.0
475A,"GIMIC Co., Ltd.",Healthcare,36.07,0.0,9.56,,10.35,5.25,6.42,,7.34,11.16,5.88,6.91,,7.98,8.39,12.12,7.67,4.7,,8.18,10.2,,13.01,71.45,20.51,10.54,,96.85,81.89,2066189000.0
4760,"Alpha Co., Ltd.",Communication Services,9.67,5.81,6.85,,-12.09,13.23,-39.0,-21.11,-12.62,-10.38,17.19,-35.12,-16.0,-9.44,-1.52,3.69,1.87,-5.84,-2.6,3.93,13.84,-4.33,4.34,6.17,3.73,-11.4,-5.66,41.55,39.34,909331000.0
4761,SAKURA KCS Corporation,Technology,163.76,4.18,13.61,,1.25,-3.52,14.77,9.32,4.17,6.7,2.19,18.16,10.64,9.02,120.27,5.9,6.11,4.95,4.21,5.56,-1.02,-3.47,4.8,6.53,4.74,4.22,3.73,,28.81,5790000000.0
4762,XNET Corporation,Technology,90.49,2.61,16.66,,8.18,3.53,11.56,9.36,7.76,,,,,,,18.05,16.24,19.23,17.74,6.75,-4.45,3.54,14.21,19.37,10.87,8.61,8.34,73.16,31.55,1188937000.0
4763,"CREEK & RIVER Co., Ltd.",Industrials,316.15,3.38,7.77,,4.67,5.47,8.7,5.75,6.28,6.61,9.36,10.28,7.15,8.75,28.78,8.0,7.19,8.24,8.97,22.11,0.96,12.87,12.49,29.54,11.46,14.73,17.36,63.24,36.37,17696415000.0
4765,"SBI Global Asset Management Co., Ltd.",Financial Services,865.67,3.7,22.14,,2.53,2.15,9.64,2.63,4.77,3.1,2.32,10.12,3.01,5.18,10.11,18.5,19.62,20.83,20.93,140.81,14.12,15.9,10.44,34.06,9.58,8.43,7.5,99.79,41.72,22701405000.0
4766,"PA Co., Ltd.",Industrials,22.26,2.5,22.52,,2.4,0.5,4.72,0.52,2.54,5.23,0.98,5.0,2.62,3.74,36.25,6.31,3.58,3.34,2.49,7.67,5.08,7.21,9.32,34.51,6.57,4.11,2.66,42.76,38.86,803665000.0
4767,"TOW Co.,Ltd.",Communication Services,162.97,4.81,11.75,,3.88,20.72,-4.61,9.39,6.66,4.5,20.83,-4.4,9.54,6.98,3.15,12.11,11.46,9.77,7.94,1.6,48.66,5.75,14.4,63.63,13.53,7.98,5.01,93.97,17.9,8128004000.0
4768,Otsuka Corporation,Technology,13886.35,2.88,20.73,,5.2,1.85,4.41,1.59,3.82,6.64,2.72,5.16,2.1,4.84,22.74,6.8,6.71,6.44,6.36,19.42,13.33,13.51,16.2,43.73,14.49,13.36,12.06,98.59,19.06,252058000000.0
4769,"Ic Co., Ltd.",Technology,83.96,3.56,21.93,,1.31,5.66,3.16,5.36,3.38,1.72,6.07,5.83,5.57,4.54,25.55,5.09,4.77,4.73,7.46,9.11,8.5,0.86,4.77,11.43,4.95,4.4,8.47,,21.32,3743303000.0
476A,"Tsuji Hongo IT Consulting Co.,Ltd.",Industrials,34.39,0.0,29.83,,5.07,2.6,1.54,,3.07,5.73,2.85,1.74,,3.44,10.67,15.09,8.54,7.98,,64.54,97.11,,17.93,81.7,6.96,18.85,,94.85,53.3,940339000.0
4771,"F&M Co.,Ltd.",Industrials,409.75,2.14,14.65,,3.8,2.38,2.56,2.91,2.91,12.69,9.14,7.96,7.29,9.93,70.63,18.54,15.92,14.32,20.49,21.92,14.83,17.02,18.12,32.56,13.6,13.2,17.68,,67.64,6840850000.0
4772,"SM ENTERTAINMENT JAPAN Co.,Ltd.",Communication Services,85.76,1.39,31.22,,16.5,-6.93,-12.3,-2.54,-0.91,16.59,-6.56,-12.18,-1.32,-0.72,-2.05,1.71,3.75,2.04,-5.38,4.94,9.03,25.88,1.96,3.89,5.05,3.24,-6.46,,19.81,3704305000.0
4776,"Cybozu, Inc.",Technology,1358.54,1.61,18.11,,5.51,1.94,1.54,-1.22,3.0,7.86,4.12,3.35,0.98,5.11,45.62,26.99,16.5,13.35,2.78,26.13,16.68,15.25,38.55,111.89,28.91,21.29,0.47,99.84,90.02,11694000000.0
4777,Gala Incorporated,Communication Services,55.77,0.0,,,-3.1,-36.04,4.93,-11.6,-11.4,-1.55,-5.36,9.79,-10.68,0.96,-207.92,-8.56,-19.05,13.65,-49.57,10.14,-26.71,433.78,-12.28,-20.79,-16.8,46.85,-244.24,53.11,59.26,779240000.0
477A,"Startline CO.,LTD.",Industrials,34.54,0.0,5.8,,-21.44,-6.48,-0.07,,-9.33,19.87,13.55,11.41,,14.94,152.13,8.05,5.88,2.86,,25.24,23.96,,8.14,12.77,4.23,1.63,,,37.64,2327272000.0
4783,"NCD Co., Ltd.",Technology,210.83,4.56,11.54,,6.69,9.33,11.14,-0.33,9.05,8.47,10.77,12.21,2.69,10.48,14.38,8.55,9.33,8.3,5.23,2.53,18.15,11.5,19.0,104.92,22.0,19.51,14.25,85.77,21.85,7835993000.0
4784,"GMO internet, Inc.",Technology,1676.4,2.77,24.68,,6.99,-0.02,-0.63,0.46,2.11,8.15,0.0,-0.54,0.53,2.54,221.52,10.47,1.08,-0.17,4.27,504.35,-12.79,-10.37,28.4,100.02,0.17,-0.12,7.48,69.09,33.06,13888000000.0
478A,Hutzper Inc.,Technology,74.91,0.0,35.94,,2.5,-0.59,-2.28,,-0.12,2.74,-0.53,-2.13,,0.03,-3.7,31.56,-11.46,-36.35,,108.45,94.5,,14.71,134.04,-6.58,-33.63,,97.41,65.0,1895006000.0
4792,"YAMADA Consulting Group Co.,Ltd.",Industrials,343.96,4.32,11.85,,-6.97,-0.8,10.61,0.07,0.95,-6.1,-0.48,11.07,0.58,1.5,-25.72,14.0,18.16,16.52,17.46,17.36,2.63,34.81,11.53,92.02,15.34,17.1,12.03,81.3,76.75,21670167000.0
479A,"PRONI, Inc.",Technology,97.31,0.0,12.97,,4.94,-3.54,-7.19,,-1.93,6.03,-3.53,-7.13,,-1.54,5.63,11.43,-17.48,-42.49,,47.13,30.51,,20.31,240.21,-19.78,-39.67,,54.17,91.02,2457719000.0
4800,Oricon Inc.,Communication Services,174.46,2.65,27.85,,6.15,6.19,6.87,4.58,6.4,6.46,6.92,7.51,5.16,6.96,7.98,24.42,28.52,32.43,36.22,28.58,2.42,-1.54,13.39,57.71,15.51,19.56,24.2,97.17,58.67,4587262000.0
4801,"Central Sports Co., Ltd.",Consumer Cyclical,268.93,1.66,20.93,,6.31,0.98,7.7,5.91,5.0,12.91,7.67,11.6,7.8,10.73,57.33,5.49,4.18,5.85,4.25,4.87,2.68,4.08,6.32,8.24,9.5,6.12,4.22,86.96,12.51,6359000000.0
4809,Paraca Inc.,Industrials,205.99,3.55,10.44,,-8.13,-10.58,0.59,-4.02,-6.04,14.65,10.6,12.95,9.59,12.73,150.26,18.56,18.49,19.91,17.42,7.63,10.87,13.87,5.02,5.46,5.12,5.43,4.37,42.37,30.35,3671000000.0
480A,"LiB Consulting co.,ltd",Industrials,64.48,0.0,11.73,,9.14,3.94,-1.7,,3.79,9.79,7.79,-0.91,,5.56,-10.17,13.74,8.21,-0.86,,22.75,25.75,,15.17,53.95,12.99,-1.59,,,49.11,2392198000.0
4811,DreamArts Corporation,Technology,102.94,2.23,38.54,,7.92,7.78,9.92,4.72,8.54,10.6,9.73,11.5,7.01,10.61,19.73,17.24,15.37,13.01,5.11,12.32,13.37,20.97,23.59,,21.32,20.49,11.39,,62.48,4142722000.0
4812,Dentsu Soken Inc.,Technology,5582.15,1.57,31.74,,2.93,3.68,1.91,1.62,2.84,3.42,4.25,2.34,2.13,3.34,15.33,13.88,13.78,14.75,14.4,8.01,7.04,10.5,15.5,16.88,15.99,17.3,17.53,97.71,36.62,8363000000.0
4813,"Access Co., Ltd.",Technology,154.09,0.0,26.62,,-35.86,-2.73,-7.65,-11.96,-15.41,-25.54,7.36,0.63,6.19,-5.85,472.96,-13.99,-14.18,-13.08,-13.07,20.62,5.38,15.75,-37.08,-122.24,-21.92,-15.01,-8.01,86.76,42.25,5407627000.0
4814,Nextware Ltd.,Technology,21.09,0.0,,,-9.79,-6.32,1.23,-18.05,-4.96,-6.46,0.13,4.98,-16.42,-0.45,1695.69,-9.81,-2.51,-4.7,-0.88,-4.45,6.72,-2.44,-37.75,-60.96,-6.48,-11.1,-0.53,,22.69,289448000.0
4816,"Toei Animation Co.,Ltd.",Communication Services,6084.44,1.47,24.27,,2.59,4.28,2.57,2.36,3.15,2.79,4.46,2.68,2.51,3.31,4.9,33.11,32.16,26.35,32.78,-7.11,13.74,1.37,13.3,29.13,15.24,12.48,17.57,,52.53,92929000000.0
4819,"Digital Garage, Inc.",Technology,1109.92,1.96,87.46,,-9.85,24.44,-12.56,10.17,0.68,-4.45,28.58,-9.94,12.14,4.73,-44.41,10.24,9.7,24.61,12.64,6.96,1.2,25.89,1.13,3.58,1.98,5.24,1.92,55.4,67.58,94259000000.0
4820,"EM Systems Co., Ltd.",Healthcare,412.85,3.84,27.41,,1.52,12.29,2.01,4.88,5.27,4.86,13.94,3.84,5.99,7.55,42.78,15.58,18.01,11.49,14.22,-4.75,22.02,20.31,11.95,19.1,13.48,7.33,8.3,98.01,50.21,7847000000.0
4825,Weathernews Inc.,Communication Services,889.61,2.49,23.37,,3.86,4.69,3.38,2.21,3.98,4.09,4.98,3.81,2.68,4.29,7.53,21.43,19.22,14.7,15.42,4.14,5.68,5.34,15.38,72.83,14.65,12.07,12.9,,47.33,18835727000.0
4826,"Computer Institute of Japan, Ltd.",Technology,303.72,4.04,17.01,,6.31,5.72,3.39,5.98,5.14,6.74,5.87,3.88,6.38,5.5,7.22,9.4,8.45,8.23,8.39,9.39,4.53,12.57,12.34,31.79,9.99,7.91,8.44,96.86,21.71,9475370000.0
4828,Business Engineering Corporation,Technology,826.11,2.99,16.93,,5.74,2.91,3.11,3.11,3.92,7.15,4.26,4.3,3.97,5.24,26.38,26.23,22.51,19.93,17.54,17.64,6.59,5.33,29.05,116.59,24.68,23.81,24.77,99.8,45.64,12141599000.0
4829,"Nihon Enterprise Co.,Ltd.",Technology,41.62,5.5,62.79,,4.9,0.72,4.47,5.22,3.36,6.97,3.8,6.54,6.46,5.77,47.42,1.84,1.53,5.63,4.28,0.55,-5.41,11.55,1.04,6.49,0.59,3.84,2.24,,34.59,3967752000.0
4832,"JFE Systems, Inc.",Technology,604.01,3.66,14.17,,11.77,12.28,10.53,8.19,11.53,13.99,14.47,12.2,9.94,13.55,14.9,11.05,11.86,11.93,11.06,-10.26,3.13,9.85,11.87,42.36,15.27,16.41,16.28,,25.12,27599974000.0
4833,"Def consulting, inc.",Industrials,42.11,0.0,,,-94.11,-11.48,-6.32,-10.07,-37.3,-15.54,-10.5,-6.32,-10.02,-10.79,-171.68,-49.17,-68.94,-56.44,-68.33,37.83,16.4,-14.19,-17.43,-21.28,-138.82,-40.9,-77.21,98.52,4.79,437156000.0
4838,Space Shower Skiyaki Holdings Inc.,Communication Services,115.3,4.21,9.67,,26.54,4.72,6.78,4.84,12.68,30.47,11.36,10.03,7.73,17.29,34.58,8.56,4.25,3.83,1.0,10.76,27.84,4.96,13.76,68.47,6.33,10.08,2.48,99.83,29.82,7072994000.0
4839,Wowow Inc.,Communication Services,283.38,3.01,21.85,,5.44,4.64,4.98,3.32,5.02,18.84,15.33,15.15,11.36,16.44,69.33,1.91,2.65,1.94,4.18,0.48,2.52,-2.89,1.41,2.45,2.33,1.25,3.33,,29.49,29684000000.0
483A,"Tera Technology, Inc.",Technology,36.17,4.17,9.18,,9.87,11.37,10.38,,10.54,10.45,11.91,10.89,,11.08,4.9,11.9,11.78,11.72,,8.25,12.12,,14.99,133.92,15.15,15.3,,,24.7,2445250000.0
4840,TriIs Incorporated,Industrials,66.6,3.1,,,-12.78,-2.89,-8.55,-3.05,-8.07,-12.76,-2.81,-8.37,-2.79,-7.98,-1.69,-14.39,0.23,-1.31,-14.52,48.18,51.12,-11.88,-4.71,-14.82,0.03,-0.1,-1.16,91.76,13.26,3293279000.0
4845,"Scala, Inc.",Technology,59.92,5.19,16.73,,2.54,6.55,30.87,,13.32,4.2,10.04,34.19,,16.14,27.97,-17.68,3.04,-1.29,,-30.79,23.71,,-16.68,-51.01,1.86,-0.64,,51.26,49.69,6817385000.0
4847,Intelligent Wave Inc.,Technology,401.93,2.4,26.88,,-2.03,6.45,3.0,2.81,2.47,0.78,10.61,9.49,7.77,6.96,155.97,12.04,11.85,13.99,11.64,10.59,7.42,8.55,14.55,27.0,13.91,15.09,12.85,99.94,28.69,4643241000.0
4848,"Fullcast Holdings Co., Ltd.",Industrials,652.87,3.43,14.12,,0.95,7.78,7.45,9.97,5.39,2.08,8.82,7.91,10.41,6.27,23.89,10.25,10.41,12.55,15.19,12.65,-0.61,6.7,11.38,22.28,15.35,21.6,26.82,67.36,34.24,21089000000.0
4849,en Inc.,Industrials,652.49,3.99,26.53,,-10.87,-2.41,3.78,2.6,-3.17,5.44,12.36,9.85,6.82,9.22,160.29,6.71,8.97,7.63,6.28,-10.03,-2.93,-0.08,8.89,20.93,10.74,11.26,7.79,,83.96,18524000000.0
485A,"PowerX,Inc.",Industrials,2459.27,0.0,,,0.03,-3.43,-3.89,,-2.43,0.56,-2.83,-2.22,,-1.5,-0.15,-3.51,-80.23,-1628.44,,213.36,1784.1,,-3.65,-8.24,-62.95,-79.05,,45.2,27.11,7454000000.0
4880,"CellSource Co., Ltd.",Healthcare,64.52,1.55,91.04,,4.39,0.81,7.56,11.6,4.25,5.16,9.17,13.12,13.14,9.15,49.55,4.49,2.97,27.08,36.76,-14.78,-3.45,5.54,0.27,1.19,1.7,14.44,26.67,,56.24,4711820000.0
4881,FunPep Company Limited,Healthcare,24.83,0.0,-1.51,,-55.9,-21.65,-39.87,-42.95,-39.14,-55.89,-21.62,-39.83,-42.42,-39.11,-0.1,-525053.5,-14717.76,-187567.36,-109565.98,-94.88,1056.04,-50.33,-107.02,,-35.12,-42.87,-43.29,,-412646.82,1768476000.0
4882,Perseus Proteomics Inc.,Healthcare,31.51,0.0,-2.55,,-21.05,-25.22,-31.51,-23.32,-25.93,-20.73,-22.83,-26.46,-17.91,-23.34,-10.34,-549.75,-686.55,-891.15,-740.72,12.57,19.89,6.58,-61.34,,-57.85,-64.1,-29.19,,85.73,1515346000.0
4883,Modalis Therapeutics Corporation,Healthcare,34.44,0.0,1.56,,-61.58,-41.58,-66.61,-60.77,-56.59,-61.5,-41.58,-65.45,-55.04,-56.18,-0.63,,,,-5094.31,,,-100.0,-79.24,,-37.73,-132.29,-70.04,90.15,0.0,2812367000.0
4884,"Kringle Pharma, Inc.",Healthcare,40.96,0.0,,,-18.45,-16.14,-16.83,0.39,-17.14,-18.45,-16.14,-16.83,0.39,-17.14,0.0,-1259.37,-1021.87,-1283.41,-108.76,-9.77,15.58,-82.33,-69.58,,-38.87,-44.04,-15.35,,100.0,1619088000.0
4885,Muromachi Chemicals Inc.,Basic Materials,36.47,2.94,22.65,,15.71,-3.3,10.93,5.67,7.78,22.16,5.92,17.49,8.7,15.19,74.09,9.48,6.5,6.62,5.87,17.86,4.46,1.24,7.89,13.51,7.27,8.03,7.75,,30.07,1947059000.0
4886,"ASKA Pharmaceutical Holdings Co.,Ltd.",Healthcare,613.66,3.09,11.28,,5.59,-1.76,0.05,4.25,1.29,10.27,4.05,2.42,5.46,5.58,95.57,8.2,8.31,10.34,8.45,10.9,2.06,3.94,5.74,6.63,5.76,6.96,6.02,86.72,48.01,11019000000.0
4887,"Sawai Group Holdings Co., Ltd.",Healthcare,1924.57,3.36,16.74,,-8.85,0.18,-0.78,-7.33,-3.15,3.86,14.47,12.03,6.77,10.12,178.16,7.88,2.14,10.53,9.81,6.69,6.88,8.04,4.53,5.05,1.05,4.37,4.39,59.89,29.15,29337000000.0
4888,Stella Pharma Corporation,Healthcare,154.16,0.0,,,-2.25,0.83,-5.76,-5.56,-2.39,-2.17,0.91,-5.69,-5.37,-2.32,1.37,-231.6,-9.39,-282.12,-352.2,-66.35,256.62,17.65,-23.69,-214.36,-2.32,-23.05,-21.06,78.18,86.32,2823006000.0
4889,Renascience Inc.,Healthcare,167.8,0.0,,,-1.74,-1.06,-1.38,-1.71,-1.39,-1.74,-1.05,-1.37,-1.7,-1.39,-0.38,-520.59,-134.77,-129.96,-332.06,-48.34,-31.66,93.11,-10.78,,-8.2,-12.95,-15.44,,93.66,3402705000.0
4890,Tsubota Laboratory Incorporated,Healthcare,66.29,0.0,,,-8.85,-5.08,-4.73,-0.31,-6.22,-8.72,-4.79,-4.55,0.43,-6.02,-3.8,-393.87,17.35,-96.44,17.5,-85.26,101.49,-29.45,-84.54,,10.28,-44.11,5.0,92.02,65.78,969849000.0
4891,"TMS Co., Ltd.",Healthcare,62.1,0.0,-4.19,,-8.45,-13.3,-11.31,20.18,-11.02,-7.95,-13.25,-11.09,20.32,-10.76,-2.88,,,,58.34,,,-100.0,-32.29,,-27.31,-14.0,46.19,,0.0,2922950000.0
4892,Cyfuse Biomedical K.K.,Healthcare,69.64,0.0,,,-8.36,-11.04,-8.35,-9.07,-9.25,-7.68,-10.92,-8.07,-5.8,-8.89,-4.49,-358.52,-1645.91,-1141.24,-113.52,324.27,-10.91,-83.68,-20.42,-242.19,-26.47,-17.03,-9.13,68.03,49.3,3726535000.0
4893,Noile-Immune Biotech Inc.,Healthcare,53.81,0.0,-4.28,,-13.98,-16.5,-16.22,-1.99,-15.57,-13.98,-16.5,-16.22,-1.99,-15.57,0.0,-15945.08,-14092.29,-244.74,-16.99,-34.1,-97.61,-49.37,-20.34,-5871.89,-22.68,-13.66,-2.49,,100.0,3918321000.0
4894,Cuorips Inc.,Healthcare,489.74,0.0,,,-2.27,-1.84,-0.99,-0.84,-1.7,-2.16,-1.66,-0.92,-0.82,-1.58,-7.91,-509.23,-336.9,-2547.34,-1176.75,21.19,658.4,-39.65,-22.85,-127.63,-10.73,-9.87,-13.11,,61.39,3900063000.0
4896,"K Pharma,Inc.",Healthcare,92.98,0.0,,,-9.99,-10.74,4.78,-4.23,-5.32,-9.87,-10.58,4.89,-3.91,-5.19,-0.18,,,36.61,,,-100.0,,-33.22,,-37.14,10.19,-26.6,32.07,0.0,2791835000.0
4901,FUJIFILM Holdings Corporation,Industrials,41249.73,2.23,15.03,,-3.88,-1.38,-1.38,-2.74,-2.21,9.95,9.89,9.89,5.1,9.91,122.27,10.43,10.33,9.35,9.55,5.04,7.93,3.56,5.56,5.76,6.32,5.68,6.69,77.85,40.8,170553000000.0
4902,"Konica Minolta, Inc.",Industrials,3314.98,2.72,10.32,,,,,,,26.03,15.41,25.14,4.02,22.19,,4.58,-5.68,2.49,-8.42,-3.56,1.82,-2.01,4.48,5.23,-9.57,1.03,-10.13,58.66,43.98,124884000000.0
4911,"Shiseido Company, Limited",Consumer Defensive,13986.65,1.7,28.23,,4.68,-0.16,2.38,-1.39,2.3,7.86,3.46,6.37,3.34,5.9,69.24,-2.97,0.76,2.89,4.36,-2.08,1.8,-8.84,-5.08,-5.97,6.39,2.81,4.51,66.0,76.6,120104000000.0
4912,Lion Corporation,Consumer Defensive,4788.3,1.98,16.62,,5.15,1.06,3.93,-4.93,3.38,9.12,6.28,8.76,4.03,8.05,60.59,8.62,6.87,5.09,7.4,2.22,2.53,3.31,8.16,12.05,6.59,5.45,8.01,91.85,45.94,113414000000.0
4914,Takasago International Corporation,Basic Materials,1301.57,3.93,13.74,,-13.05,5.09,1.79,-0.45,-2.06,3.28,14.54,7.69,4.47,8.5,213.17,3.61,6.69,1.18,3.18,-1.8,16.98,4.9,2.81,3.1,5.85,0.76,3.18,71.4,32.39,19578000000.0
4918,Ivy Cosmetics Corporation,Consumer Defensive,18.85,5.0,13.37,,19.96,22.21,21.68,12.91,21.28,23.93,23.66,24.04,14.78,23.88,10.83,7.39,14.42,6.89,-0.61,-9.84,7.97,-7.77,6.05,9.43,-21.36,5.94,-2.36,29.8,69.74,1044445000.0
4919,"Milbon Co., Ltd.",Consumer Defensive,1037.1,2.72,19.23,,1.98,4.9,1.5,1.14,2.79,5.19,7.35,4.6,4.83,5.71,54.2,10.69,13.33,11.57,16.69,3.01,7.44,5.58,8.04,10.59,10.09,8.86,12.24,,62.76,11816180000.0
4920,"Nippon Shikizai, Inc.",Consumer Defensive,23.97,2.64,7.07,,-25.61,-23.99,23.67,13.85,-8.64,5.85,23.68,52.19,25.67,27.24,264.66,1.08,2.77,2.94,1.38,-5.61,17.16,27.97,1.02,1.11,2.16,4.88,1.69,29.38,13.23,1093446000.0
4922,KOSE Holdings Corporation,Consumer Defensive,3243.86,2.46,23.93,,-3.16,-0.82,7.68,4.06,1.23,3.43,5.67,9.38,6.25,6.16,108.24,5.59,5.38,5.32,7.65,2.3,7.44,3.9,4.36,6.37,2.95,3.73,5.77,96.58,69.04,92462000000.0
4923,"Cota Co., Ltd.",Consumer Defensive,358.81,1.64,24.97,,4.35,1.83,2.53,1.0,2.9,4.97,2.78,6.04,3.63,4.6,34.95,20.78,19.54,21.03,22.95,2.42,2.62,3.78,11.63,23.49,11.62,12.03,14.42,,69.38,6100705000.0
4925,"HABA Laboratories,Inc.",Consumer Defensive,65.5,2.3,8.59,,17.22,21.51,-15.59,-3.55,7.71,18.89,24.75,-8.98,0.85,11.55,-17.26,5.99,4.89,-1.52,-5.06,0.66,-2.13,2.38,6.07,13.17,4.98,-1.99,-6.14,90.7,66.6,5784507000.0
4926,"C'BON COSMETICS Co.,Ltd.",Consumer Defensive,52.01,1.6,24.94,,10.63,-17.9,-6.03,-13.47,-4.43,14.67,-0.83,5.35,-1.57,6.4,-605.64,2.73,1.93,0.35,-1.7,4.84,4.0,-0.31,3.99,8.49,2.94,-0.53,-2.94,,75.87,3016160000.0
4927,Pola Orbis Holdings Inc.,Consumer Defensive,3075.84,3.76,26.59,,3.85,4.56,-0.59,1.35,2.61,6.03,8.51,4.69,5.05,6.41,65.01,9.22,8.11,9.28,7.57,-0.04,-1.7,4.21,6.86,11.36,5.32,6.06,6.87,99.98,81.2,64656000000.0
4928,"Noevir Holdings Co., Ltd.",Consumer Defensive,1644.62,4.79,20.28,,3.29,4.93,4.0,3.18,4.07,4.82,5.55,4.64,3.55,5.0,18.88,17.12,17.9,17.63,16.55,1.41,2.03,2.3,14.01,27.69,14.65,14.2,13.08,98.69,66.87,26930000000.0
4929,"Adjuvant Holdings Co.,Ltd.",Consumer Defensive,59.44,1.62,41.72,,1.51,4.84,5.3,-7.11,3.88,2.24,5.18,6.35,-5.41,4.59,18.49,4.48,3.09,-0.03,5.32,-6.94,-7.66,1.39,2.6,5.23,0.85,0.22,3.54,,67.21,2134085000.0
4931,"Shinnihonseiyaku Co., Ltd.",Consumer Cyclical,437.46,2.79,13.5,,10.27,3.81,7.46,4.36,7.18,10.72,4.79,7.93,5.23,7.81,10.24,11.62,10.43,9.97,9.76,2.74,6.35,4.28,12.96,62.24,12.89,12.67,12.1,,79.96,18118000000.0
4932,"Almado, Inc.",Consumer Defensive,75.41,5.15,14.54,,9.85,-3.45,11.07,9.34,5.82,10.11,-2.51,11.22,9.44,6.27,-11.18,6.77,11.16,12.74,12.74,19.36,12.45,15.47,13.48,23.43,16.52,24.05,20.19,27.89,75.35,1623397000.0
4933,"I-ne CO., LTD.",Consumer Defensive,406.35,0.62,18.16,,9.28,-0.97,2.22,-1.83,3.51,9.99,0.09,3.04,3.04,4.37,391.17,7.92,10.07,10.52,9.18,8.82,8.08,18.07,8.99,13.57,11.89,17.83,17.17,74.99,58.69,8531000000.0
4934,"Premier Anti-Aging Co., Ltd.",Consumer Defensive,51.19,0.0,14.04,,-7.72,32.12,-68.88,,-14.83,8.3,47.32,-64.9,,-3.09,72.98,,0.68,-2.32,7.12,,-22.88,-22.15,,,2.32,-6.97,,83.51,76.04,4760000000.0
4935,"Liberta Co.,Ltd.",Consumer Defensive,59.42,1.39,5.77,,-6.93,-10.52,5.23,-13.89,-4.07,-5.11,-9.72,6.97,-13.45,-2.62,-6.31,1.33,0.83,2.43,2.52,16.17,21.84,6.77,2.55,3.23,-0.61,2.9,2.57,23.86,40.61,1200581000.0
4936,AXXZIA Inc.,Consumer Defensive,70.44,3.26,7.11,,5.83,4.01,10.4,,6.75,11.36,10.05,11.32,,10.91,38.95,,7.53,16.75,19.89,,7.51,38.04,,,6.88,14.85,,92.61,73.89,4928836000.0
4937,Waqoo Inc.,Consumer Cyclical,84.41,0.0,35.38,,-0.67,-0.37,5.4,2.0,1.45,1.62,0.58,5.4,2.0,2.53,101.87,7.7,2.89,16.1,-1.46,0.9,12.58,-36.8,1.55,2.87,-0.58,16.36,-7.57,81.55,79.51,1302301000.0
4951,S.T. Corporation,Consumer Defensive,300.32,3.0,19.84,,3.52,7.56,2.67,10.72,4.58,6.9,10.97,5.47,14.52,7.78,43.83,4.1,3.45,3.02,5.3,0.79,8.19,-2.42,4.02,5.76,3.83,2.88,5.11,98.49,37.62,10298000000.0
4956,"Konishi Co., Ltd.",Basic Materials,936.36,2.52,12.16,,9.01,-0.9,2.19,3.42,3.43,14.67,7.66,8.69,4.92,10.34,75.05,7.6,7.71,7.74,6.02,0.65,2.05,7.81,7.88,10.38,8.63,9.04,6.61,99.94,20.53,21294000000.0
4958,"T. Hasegawa Co., Ltd.",Basic Materials,1402.46,2.88,19.31,,4.68,7.11,3.18,2.75,4.99,8.02,9.94,5.71,5.7,7.89,38.13,11.59,13.08,11.58,12.91,2.58,10.44,3.97,4.88,6.96,5.55,4.62,5.19,,41.29,36854000000.0
4960,"Chemipro Kasei Kaisha, Ltd.",Basic Materials,99.9,0.44,33.82,,-3.83,9.79,9.01,-9.25,4.99,0.4,12.62,11.79,-6.96,8.27,364.89,3.82,4.14,5.22,3.67,-7.88,5.14,-5.37,2.53,3.05,2.98,3.65,2.07,35.66,16.21,1673024000.0
4966,"C.Uyemura & Co.,Ltd.",Basic Materials,3200.87,1.44,22.46,,4.34,6.0,3.89,4.21,4.74,4.34,6.0,3.89,4.21,4.74,0.0,23.24,22.47,18.68,17.55,9.47,4.47,-6.41,12.28,24.44,12.31,11.05,11.97,99.06,39.2,58474000000.0
4967,"Kobayashi Pharmaceutical Co., Ltd.",Consumer Defensive,5118.21,1.8,316.26,,2.26,-3.01,0.94,3.06,0.06,5.0,2.2,3.59,6.24,3.6,121.82,9.01,15.02,14.86,16.04,0.09,-4.53,4.33,6.9,10.35,8.4,9.25,9.63,99.66,51.11,70614000000.0
4968,"Arakawa Chemical Industries, Ltd.",Basic Materials,479.7,2.17,21.78,,0.8,1.25,-11.88,-13.95,-3.28,8.71,10.67,2.41,-1.2,7.26,257.25,3.04,1.32,-3.62,-3.66,2.37,11.1,-9.08,0.67,0.75,0.4,-4.4,-3.87,60.47,21.73,10595000000.0
4970,"Toyo Gosei Co.,Ltd.",Basic Materials,792.88,0.49,29.47,,3.33,-6.53,-3.81,-0.04,-2.34,9.45,8.57,5.77,4.61,7.93,135.64,8.74,10.61,10.99,14.55,8.51,20.99,-6.44,5.21,5.59,6.55,5.82,10.01,24.74,21.57,3683000000.0
4971,MEC Company Ltd.,Basic Materials,1228.88,1.64,18.83,,0.98,2.8,0.05,2.61,1.28,3.24,3.42,1.58,3.1,2.75,61.59,27.44,25.02,17.78,24.52,14.88,30.06,-14.14,14.65,22.19,8.32,7.2,12.45,,61.95,10345999000.0
4972,"Soken Chemical & Engineering Co., Ltd.",Basic Materials,696.17,1.82,17.19,,3.91,5.78,5.7,-2.23,5.13,8.13,8.51,9.19,3.0,8.61,40.61,12.87,13.33,9.27,5.34,0.7,15.29,8.36,9.25,14.84,10.7,7.16,4.23,89.41,33.56,17360545000.0
4973,"Japan Pure Chemical Co.,Ltd.",Basic Materials,284.65,4.74,15.85,,-2.98,1.51,1.94,8.85,0.16,-2.71,2.04,2.41,8.92,0.58,11.75,3.19,3.99,3.1,3.49,43.31,10.43,-29.75,2.36,4.14,2.69,1.84,3.14,,10.73,7753470000.0
4975,JCU Corporation,Basic Materials,1445.18,3.09,16.06,,1.05,1.3,3.74,4.72,2.03,6.25,5.83,4.17,5.43,5.42,57.1,40.98,37.09,32.35,34.22,4.64,14.06,-8.39,15.99,28.63,14.91,12.89,15.09,99.94,69.46,24229000000.0
4976,"Toyo Drilube Co., Ltd.",Basic Materials,62.56,2.59,10.36,,8.28,-9.35,3.05,,0.66,22.36,6.39,11.61,,13.45,127.68,,13.93,6.66,12.23,,21.44,5.55,,,4.82,2.16,3.8,93.71,34.96,0.0
4977,Nitta Gelatin Inc.,Basic Materials,218.56,3.34,6.66,,20.63,17.03,12.09,-12.35,16.58,29.66,23.71,22.47,-2.47,25.28,34.95,12.26,10.15,4.54,5.77,-1.8,-4.14,3.15,13.85,17.73,12.75,155.81,6.24,86.28,28.86,6492000000.0
4978,ReproCELL Incorporated,Healthcare,138.13,0.0,176.25,,-3.49,-0.65,-1.48,-2.18,-1.87,-2.78,0.05,-0.08,-1.02,-0.94,-58.95,-38.51,-4.38,-16.87,-12.06,-25.02,22.74,-17.83,-10.42,-49.66,-3.33,-5.36,-4.73,,45.46,6566857000.0
4979,"OAT Agrio Co., Ltd.",Basic Materials,296.32,2.1,10.1,,14.68,10.87,4.29,3.4,9.95,16.54,12.7,6.04,4.78,11.76,18.2,10.8,10.46,13.0,12.41,7.31,2.71,7.52,8.62,10.67,8.01,9.7,10.27,66.62,48.1,5381000000.0
4980,Dexerials Corporation,Technology,5157.64,2.09,19.26,,0.45,4.79,3.31,1.85,2.85,5.34,7.84,5.51,4.14,6.23,56.84,33.47,36.0,30.31,30.41,3.12,4.94,-0.91,22.08,25.46,23.94,21.47,25.28,84.59,56.01,16672000000.0
4985,Earth Corporation,Consumer Defensive,1036.78,2.75,22.32,,6.39,8.87,1.43,-1.92,5.56,10.41,13.47,7.26,3.76,10.38,51.03,4.52,3.8,4.03,4.88,5.85,6.91,3.94,6.78,9.45,5.55,5.6,8.01,88.25,41.71,23327000000.0
4990,"Showa Chemical Industry Co., Ltd.",Basic Materials,56.66,1.15,8.98,,7.63,7.02,9.21,6.56,7.95,14.59,13.53,14.57,11.03,14.23,44.19,4.81,3.75,5.48,6.51,0.38,0.44,-0.31,2.7,3.62,2.19,3.46,4.36,82.81,31.79,2973394000.0
4992,"Hokko Chemical Industry Co., Ltd.",Basic Materials,495.91,2.77,10.01,,10.17,9.39,5.67,2.24,8.41,15.35,12.25,9.75,7.8,12.45,32.97,10.0,9.83,9.76,10.54,6.34,2.14,0.81,6.52,8.65,6.93,6.39,8.65,92.95,25.88,13224000000.0
4994,"Taisei Lamick Group Head Quarter & Innovation Co.,Ltd.",Consumer Cyclical,165.72,2.55,10.88,,0.24,6.68,2.31,-1.5,3.08,13.63,20.18,14.95,7.83,16.25,83.24,7.44,7.69,5.79,8.62,5.3,10.06,-4.08,5.77,7.06,6.9,4.75,7.67,96.41,27.2,4742624000.0
4996,"Kumiai Chemical Industry Co., Ltd.",Basic Materials,815.59,3.51,11.9,,30.83,-31.77,-4.97,-11.21,-1.97,41.45,-20.51,5.84,-1.42,8.93,51.95,6.2,7.05,8.75,8.72,5.84,0.03,10.81,2.51,2.82,4.21,6.23,6.09,77.93,20.16,21982000000.0
4997,"Nihon Nohyaku Co., Ltd.",Basic Materials,957.14,4.06,13.24,,2.98,7.62,-2.59,-3.8,2.67,4.73,10.87,-0.36,-2.01,5.08,-184.86,9.73,8.58,7.22,8.56,11.86,-2.98,0.92,6.96,8.48,4.12,4.97,5.97,74.87,34.03,20253000000.0
4998,Fumakilla Limited,Basic Materials,194.12,2.04,16.08,,-6.5,0.5,15.98,-5.37,3.33,4.34,9.35,22.29,0.34,11.99,124.16,2.84,3.59,3.56,3.08,4.76,9.14,9.66,3.02,3.86,4.27,3.85,2.89,69.34,30.93,9823000000.0
500A,"TO Books, Inc.",Communication Services,128.02,2.11,9.76,,12.3,0.89,9.06,,7.42,13.8,2.41,9.28,,8.5,25.44,16.82,12.19,17.97,,25.14,7.91,,18.05,75.8,19.1,28.33,,98.65,72.24,5663794000.0
5010,"Nippon Seiro Co., Ltd.",Energy,57.08,0.0,4.97,,55.82,48.92,8.25,-34.67,37.66,64.58,51.56,24.7,-28.47,46.95,28.43,5.93,10.19,-2.55,-5.31,-10.29,1.57,-43.56,6.0,6.89,10.06,-2.11,-8.11,32.15,17.95,2828000000.0
5011,"Nichireki Group Co., Ltd.",Industrials,669.84,3.86,15.57,,-4.68,-11.54,4.56,5.05,-3.89,3.61,7.31,11.03,9.79,7.32,182.14,7.81,8.28,8.15,9.65,0.14,2.59,-5.82,4.2,5.62,4.42,5.19,6.98,80.88,23.57,24752000000.0
5013,Yushiro Inc.,Basic Materials,401.74,3.94,8.66,,6.07,9.34,8.97,-0.95,8.13,11.85,11.96,10.71,0.43,11.51,28.98,8.78,9.13,6.83,2.24,-7.83,4.77,13.23,5.96,7.78,7.7,5.43,1.76,89.41,33.44,12486000000.0
5015,BP Castrol K.K.,Energy,229.81,5.01,17.06,,3.39,1.78,1.96,0.45,2.38,3.9,2.25,2.81,1.65,2.99,21.28,10.63,9.92,9.21,7.77,7.59,13.42,7.59,10.22,10.42,8.93,7.43,5.68,,38.29,195615000.0
5016,JX Advanced Metals Corporation,Technology,31767.3,0.56,31.51,,4.79,-1.45,-1.11,,0.74,6.78,1.21,1.14,,3.04,148.95,6.84,7.21,2.05,1.87,23.74,-52.73,-7.7,4.38,4.69,4.26,4.55,2.05,61.55,22.79,68108000000.0
5018,MORESCO Corporation,Basic Materials,216.67,2.32,14.21,,10.42,7.42,1.0,-3.82,6.28,13.76,12.7,13.54,2.38,13.33,52.83,6.79,4.05,3.84,1.72,1.45,7.8,5.12,5.61,7.44,3.84,3.29,1.7,88.48,31.42,6914000000.0
5019,"Idemitsu Kosan Co.,Ltd.",Energy,19932.92,2.18,11.84,,11.32,19.14,15.06,-6.19,15.17,19.69,23.92,18.93,-1.65,20.85,27.64,2.62,1.76,3.97,2.99,-11.8,5.4,-7.79,4.81,5.14,3.58,7.76,6.62,42.2,9.31,212306000000.0
5020,"ENEOS Holdings, Inc.",Energy,38146.38,2.39,15.05,,9.53,7.17,17.88,-11.25,11.53,16.25,15.12,26.48,-2.89,19.28,42.15,3.28,0.78,2.85,1.37,-4.52,-0.18,-17.79,4.75,5.88,1.15,3.63,2.73,63.38,10.4,1075317000000.0
5021,"Cosmo Energy Holdings Co., Ltd.",Energy,7161.41,3.68,9.96,,15.93,4.95,12.71,-8.44,11.2,29.85,19.15,24.85,1.13,24.62,56.55,5.41,4.58,5.47,5.87,-4.37,2.58,-2.23,6.8,7.89,5.02,7.13,7.21,59.5,12.55,165904000000.0
5025,MERCURY Inc.,Technology,16.12,0.0,9.76,,1.15,19.28,-1.56,-0.94,6.29,1.69,21.3,3.81,6.68,8.93,60.87,4.64,9.65,3.95,9.82,-9.15,22.7,1.59,4.8,20.74,14.51,5.29,11.72,,39.54,855904000.0
5026,"Tripleize Co.,Ltd.",Technology,51.25,0.0,,,-3.4,-0.34,-7.57,-3.34,-3.77,-1.34,0.05,-4.71,0.66,-2.0,185.06,-1.08,0.87,-11.5,5.5,29.55,87.98,-3.23,-2.59,-6.21,-0.88,-14.34,9.77,44.75,30.31,1914180000.0
5027,AnyMind Group Inc.,Technology,475.09,0.24,39.23,,4.09,1.28,-1.81,-0.86,1.19,5.05,2.16,-1.48,-0.53,1.91,12.6,3.28,5.06,2.64,0.18,12.99,51.56,34.97,5.04,7.59,12.04,5.72,0.29,50.68,38.28,8907000000.0
5028,"SecondXight Analytica, Inc.",Technology,33.99,0.0,27.7,,0.66,3.84,2.35,1.12,2.28,1.48,4.58,4.7,1.58,3.59,40.36,11.92,14.01,24.72,20.92,25.87,25.96,22.75,12.44,19.78,13.89,18.11,21.11,,40.27,369533000.0
5029,circlace Inc,Technology,42.2,0.0,20.22,,-7.25,4.86,2.21,-2.5,-0.06,-1.34,5.22,2.5,-0.76,2.13,-140.36,5.86,5.35,-2.94,3.46,19.36,31.14,14.79,16.22,26.26,12.28,-11.2,1.91,64.58,43.34,536910000.0
5031,Moi Corporation,Technology,65.11,0.0,36.15,,0.97,10.97,7.31,-2.31,6.42,1.01,11.76,7.36,-0.12,6.71,3.62,5.07,3.53,2.22,1.58,1.45,2.48,-2.64,16.73,,3.6,10.1,3.23,,50.06,2983238000.0
5032,ANYCOLOR Inc.,Communication Services,1774.55,2.06,12.82,,8.71,5.02,3.66,3.73,5.8,8.83,6.3,3.89,3.79,6.34,9.22,36.23,37.97,38.64,37.13,29.87,34.01,26.25,52.2,286.47,52.5,43.99,49.15,,44.66,22050000000.0
5033,Nulab Inc.,Technology,77.08,0.0,43.87,,-0.32,8.05,9.01,2.2,5.58,3.67,9.72,10.53,3.86,7.97,46.75,8.07,15.57,9.07,3.74,6.84,12.27,35.35,12.18,,28.5,23.7,10.65,,73.81,2975985000.0
5034,"unerry,Inc.",Communication Services,92.72,0.0,28.5,,1.94,0.3,0.74,,0.99,1.94,0.3,0.74,,0.99,0.0,,6.32,1.69,5.18,,36.51,43.59,,,7.53,1.0,,76.23,37.45,1658798000.0
5035,HOUSEI Inc.,Technology,25.08,1.63,,,37.97,11.16,-20.1,13.4,9.68,41.26,14.4,-16.63,15.77,13.01,3.19,0.76,1.6,3.36,4.34,-2.83,6.02,9.07,1.04,1.71,1.82,2.58,3.63,86.52,31.71,1419927000.0
5036,"Japan Business Systems, Inc.",Technology,726.8,3.53,11.21,,-4.57,-10.81,-6.51,0.98,-7.3,1.56,-0.44,-0.28,4.78,0.28,-1386.64,10.36,10.34,3.72,4.69,22.52,24.87,30.67,26.86,28.56,18.35,9.42,10.01,52.55,10.35,3042000000.0
5038,"eWeLL Co.,Ltd.",Healthcare,292.21,0.99,27.37,,3.93,2.67,1.38,1.62,2.66,4.35,2.93,2.15,1.86,3.14,18.19,45.32,44.17,43.91,43.21,31.91,24.27,29.09,32.06,209.06,33.48,34.42,38.35,,78.25,2857496000.0
504A,Innovacell Inc.,Healthcare,261.43,0.0,,,-7.83,-5.01,-5.62,,-6.15,-7.63,-4.96,-5.38,,-5.99,-2.65,,,,,,,,-55.2,,-105.98,-133.32,,81.45,0.0,4101476000.0
505A,"Geekly, Inc.",Industrials,166.36,4.1,11.46,,12.8,1.98,4.85,,6.54,12.86,4.26,6.39,,7.84,26.09,22.04,9.85,20.54,,36.87,22.38,,37.23,748.06,19.39,39.83,,,89.38,3917587000.0
5071,"VIS Co., Ltd.",Industrials,118.51,4.21,8.65,,9.24,12.71,9.68,9.38,10.54,11.35,13.16,12.3,10.2,12.27,14.45,11.78,11.79,10.58,9.68,1.45,12.87,8.93,17.27,115.59,19.63,17.15,17.33,99.93,28.75,6754424000.0
5074,"Tess Holdings Co.,Ltd.",Utilities,400.55,3.3,18.84,,-2.91,-38.07,-5.24,28.13,-15.41,19.49,-0.1,34.52,36.57,17.97,-11992.35,,6.95,7.73,19.95,,19.71,-10.96,,,15.2,1.01,5.79,36.1,20.34,22875000000.0
5076,INFRONEER Holdings Inc.,Industrials,7329.72,4.53,11.22,,19.06,-0.06,-0.77,8.49,6.08,26.3,5.4,5.31,14.02,12.34,81.02,5.46,5.4,6.23,6.1,32.72,6.84,11.44,3.79,5.5,3.31,3.74,6.29,52.95,14.58,369016000000.0
5078,CEL Corporation,Real Estate,160.31,3.39,13.96,,-12.14,8.7,25.1,-27.68,7.22,-10.15,9.52,27.09,-26.08,8.82,-1.24,8.38,8.44,7.09,5.77,-15.6,3.55,8.08,5.99,25.45,6.79,5.58,4.42,99.01,21.66,16148109000.0
5079,"Novac Co., Ltd.",Industrials,133.45,4.63,11.34,,-46.57,32.2,-75.31,22.75,-29.89,-43.75,32.57,-74.66,37.87,-28.61,-2.05,5.31,3.13,2.35,8.16,28.54,-20.1,7.77,5.64,7.05,2.92,1.79,9.41,82.9,10.45,4632532000.0
5101,"The Yokohama Rubber Company, Limited",Consumer Cyclical,11020.23,3.2,7.72,,2.12,1.52,9.17,-1.42,4.27,12.31,8.57,14.5,3.56,11.79,67.29,12.38,10.88,10.18,8.0,12.81,11.1,14.51,6.63,7.16,5.9,5.36,5.31,64.81,36.18,115967000000.0
5105,Toyo Tire Corporation,Consumer Cyclical,5961.81,3.65,9.91,,11.05,6.58,9.36,-5.24,9.0,15.61,11.25,14.51,2.54,13.79,35.4,16.36,16.62,13.91,8.86,5.23,2.27,11.18,12.41,14.69,14.48,12.84,7.82,89.96,39.47,86636000000.0
5108,Bridgestone Corporation,Consumer Cyclical,47391.2,3.42,19.46,,7.88,4.46,6.72,0.29,6.35,13.94,11.58,13.96,5.67,13.16,52.26,8.61,10.01,11.17,10.74,-0.01,2.7,4.96,8.4,10.18,7.48,9.38,9.48,81.01,38.53,727320000000.0
5110,"Sumitomo Rubber Industries, Ltd.",Consumer Cyclical,5351.55,4.13,8.65,,-5.35,6.0,18.22,-8.79,6.29,28.11,19.49,31.73,5.21,26.44,76.95,5.43,4.27,5.48,1.36,8.45,-47.02,7.17,2.91,3.22,2.33,4.55,0.97,69.02,19.99,101111000000.0
5121,FUJIKURA COMPOSITES Inc.,Consumer Cyclical,550.65,2.97,14.37,,7.01,5.51,7.84,2.52,6.79,10.42,12.49,9.57,4.44,10.83,35.57,12.02,11.38,9.59,10.89,-0.92,7.48,-7.13,8.9,12.49,9.59,7.63,10.5,92.12,31.14,11879001000.0
5122,"Okamoto Industries, Inc.",Basic Materials,1083.77,2.08,22.62,,-1.59,3.37,6.72,4.18,2.83,5.3,6.68,11.96,7.68,7.98,74.41,5.78,7.98,9.46,6.97,-0.98,2.81,7.11,3.82,5.46,6.15,8.36,5.92,97.14,20.16,34272000000.0
5125,Fines inc.,Communication Services,23.5,0.0,40.62,,,0.34,19.15,23.8,9.74,,6.44,19.78,23.9,13.11,48.94,,11.93,25.37,22.8,,-5.21,12.24,,,13.31,60.49,,75.61,79.04,1763158000.0
5126,PORTERS Corporation,Technology,23.15,0.0,17.82,,-2.68,-12.4,12.87,11.31,-0.74,6.31,-3.8,12.87,12.34,5.13,-27.89,16.8,20.38,23.76,26.23,11.13,21.17,23.01,9.47,29.05,17.18,25.63,28.34,,74.92,928000000.0
5129,FIXER Inc.,Technology,37.48,0.0,5.67,,-28.73,-17.93,8.4,66.12,-12.75,-27.93,-16.7,14.38,66.12,-10.08,10.45,-43.22,4.1,19.14,21.08,-38.44,-41.46,-2.75,-47.07,-227.35,2.62,24.34,45.07,99.4,12.15,2991000000.0
5131,Linkers Corporation,Industrials,23.92,0.0,,,-5.3,-1.22,-7.5,,-4.67,0.61,2.78,-2.64,,0.25,310.44,,-15.26,5.33,4.64,,-8.91,13.82,,,-19.07,7.25,,45.5,63.04,1251215000.0
5132,"pluszero, Inc.",Technology,145.48,0.0,40.62,,1.86,0.78,0.0,0.61,0.88,2.98,1.4,0.63,0.79,1.67,60.39,33.41,20.57,18.21,17.58,26.91,36.29,23.14,24.15,113.69,16.89,12.72,13.76,,58.5,1193766000.0
5133,Terilogy Holdings Corporation,Technology,51.12,1.78,15.19,,27.61,-4.0,3.35,2.6,8.99,36.39,-1.06,6.34,5.62,13.89,-68.11,5.16,3.16,3.96,2.03,23.03,25.76,21.21,7.73,38.68,5.05,5.16,2.07,81.41,32.04,3269251000.0
5134,"POPER Co.,Ltd.",Technology,17.83,0.0,32.37,,10.66,2.89,0.17,-0.83,4.57,11.96,3.42,0.46,-0.75,5.28,29.76,12.55,6.84,4.49,-3.08,29.72,29.17,24.63,16.51,106.58,9.58,3.95,1.03,91.86,75.17,848903000.0
5136,"tripla Co., Ltd.",Technology,143.09,0.0,23.35,,59.29,27.62,22.26,6.57,36.39,59.35,27.85,22.3,6.6,36.5,0.36,20.2,14.38,15.06,10.23,37.82,58.76,43.83,18.45,,10.26,14.29,18.15,73.5,20.2,18005508000.0
5137,SmartDrive inc.,Technology,114.39,0.0,21.59,,3.29,-1.36,-1.93,-4.04,0.0,5.58,0.4,-0.94,-3.9,1.68,124.43,13.56,8.05,-0.57,-25.44,32.46,27.16,36.21,29.11,57.97,21.08,-1.04,-47.29,42.25,61.38,858015000.0
5138,"Rebase, Inc.",Communication Services,21.53,0.0,28.87,,-5.09,20.57,15.5,8.08,10.33,2.49,21.42,17.41,10.3,13.77,106.52,4.46,25.28,22.49,22.0,13.19,29.31,28.39,5.26,38.05,26.04,23.47,21.98,92.77,96.16,1192810000.0
5139,OpenWork Inc.,Technology,197.09,0.96,19.86,,7.16,3.99,3.73,2.78,4.96,7.23,4.1,3.84,2.81,5.06,2.06,25.77,28.97,29.3,30.02,31.39,21.2,43.46,12.18,,11.71,10.76,8.95,97.79,25.77,7633311000.0
5142,Achilles Corporation,Basic Materials,260.06,1.61,12.29,,10.15,10.33,7.22,-4.12,9.23,10.15,10.33,7.22,-4.12,9.23,0.0,3.64,-0.55,-1.21,-0.86,3.43,0.62,-5.2,3.53,4.21,-0.44,-3.07,-1.2,72.15,21.63,9748000000.0
5161,"Nishikawa Rubber Co., Ltd.",Consumer Cyclical,1314.24,5.1,12.34,,5.1,4.1,7.86,-0.13,5.69,9.29,7.03,11.33,3.99,9.22,39.14,7.41,6.08,5.56,-0.1,1.24,2.32,20.11,6.75,13.03,4.48,4.33,-0.01,78.13,19.19,54027000000.0
5162,Asahi Rubber Inc.,Consumer Cyclical,35.72,3.0,22.72,,2.53,-12.56,5.35,4.02,-1.56,23.4,13.51,17.96,12.11,18.29,117.46,2.52,0.03,2.18,2.57,2.78,6.39,-0.34,2.04,2.98,0.03,1.9,2.58,64.29,23.62,2303478000.0
5184,"Nichirin Co., Ltd.",Consumer Cyclical,537.33,4.61,10.07,,11.24,8.27,12.24,8.56,10.58,15.55,16.14,18.45,12.6,16.71,36.68,12.31,12.88,13.63,11.98,3.24,1.03,10.07,10.67,17.52,11.24,12.63,10.99,96.99,24.6,23619000000.0
5185,"Fukoku Co.,Ltd.",Consumer Cyclical,290.14,4.97,27.72,,8.3,1.78,15.03,-3.94,8.37,27.72,22.85,30.48,12.11,27.02,70.99,4.23,5.59,4.11,2.45,0.41,0.91,7.93,3.25,4.33,6.46,5.37,2.56,73.81,18.99,14327000000.0
5186,Nitta Corporation,Industrials,1887.4,2.47,14.02,,2.75,0.13,3.09,4.47,1.99,5.09,3.71,4.73,6.36,4.51,58.99,6.38,5.71,4.99,5.67,1.73,1.88,0.69,3.04,4.01,2.79,2.58,3.29,,28.2,40000000000.0
5187,"Create Medic Co., Ltd.",Healthcare,92.65,3.99,19.11,,0.73,19.14,2.67,1.25,7.51,5.72,24.28,7.54,5.17,12.51,57.68,7.38,5.31,6.38,6.01,4.51,3.53,2.1,3.96,6.01,3.24,0.87,2.67,95.65,44.02,5830922000.0
5189,"Sakura Rubber Co., Ltd.",Consumer Cyclical,67.52,3.41,10.13,,-17.17,3.81,3.63,-5.65,-3.24,-8.9,6.27,5.44,-3.77,0.94,-6.83,8.47,5.28,8.51,3.98,19.3,-8.73,24.9,5.61,7.02,3.78,6.48,2.25,71.93,23.2,2824215000.0
5192,Mitsuboshi Belting Ltd.,Industrials,1204.3,4.48,16.44,,2.11,0.63,5.71,3.11,2.82,8.56,6.44,9.9,7.76,8.3,69.28,9.4,9.86,9.24,10.89,1.98,7.73,1.33,5.96,8.14,6.31,5.12,6.79,98.31,30.47,27757000000.0
5194,"Sagami Rubber Industries Co., Ltd.",Consumer Defensive,68.83,1.57,24.25,,6.61,10.05,3.51,10.34,6.72,8.53,11.48,5.43,13.06,8.48,23.46,3.05,-0.6,7.14,11.05,3.92,-6.95,2.14,0.46,0.51,-0.12,0.01,2.62,69.71,26.46,1737736000.0
5195,"Bando Chemical Industries, Ltd.",Industrials,1022.37,4.06,9.82,,10.31,6.05,9.47,3.9,8.61,15.25,10.53,13.75,7.54,13.18,35.35,9.1,1.6,5.82,6.57,3.17,6.76,4.51,9.29,12.04,0.92,4.87,5.15,95.01,29.87,22367000000.0
5199,"Fuji Latex Co., Ltd.",Basic Materials,25.23,4.13,39.66,,9.87,18.01,3.75,27.79,10.54,24.68,25.11,8.36,30.58,19.38,47.81,6.12,2.9,5.86,9.41,-5.56,-4.12,-7.14,2.77,3.7,1.78,3.76,6.15,45.63,25.96,2265691000.0
519A,Basic Inc.,Technology,28.4,0.0,8.23,,6.89,-9.07,-15.22,,-5.8,8.19,-9.07,-15.22,,-5.37,5.3,11.89,-10.12,-27.92,,24.93,16.78,,39.2,112.71,-18.91,-41.86,,90.48,80.18,586515000.0
5201,AGC Inc.,Industrials,12127.69,3.69,13.37,,5.35,3.5,-0.08,-0.56,2.92,22.63,23.48,17.53,17.9,21.21,87.3,6.09,5.97,6.28,8.97,-0.42,2.39,-0.82,3.75,3.92,9.21,3.98,3.44,72.3,24.31,94671000000.0
5202,"Nippon Sheet Glass Company, Limited",Consumer Cyclical,2525.7,0.0,16.18,,-2.69,-0.07,3.72,4.19,0.32,20.75,23.27,19.2,17.84,21.07,97.96,3.28,1.96,4.31,4.56,4.65,0.94,9.04,60.16,65.56,4.13,3.56,8.36,24.91,22.28,57559000000.0
5204,"Ishizuka Glass Co., Ltd.",Consumer Cyclical,128.44,2.33,4.94,,27.64,-10.28,-18.06,-28.81,-0.23,64.67,55.82,44.41,16.25,54.97,105.45,6.99,6.87,9.43,3.9,6.28,-3.26,2.0,4.91,5.16,5.35,7.79,1.38,64.9,26.0,2973000000.0
5208,"Arisawa Mfg. Co., Ltd.",Technology,912.82,4.04,18.48,,-4.13,2.52,-0.61,-0.99,-0.74,3.44,4.98,3.53,3.8,3.98,128.93,10.28,9.82,3.52,5.22,13.37,18.29,-1.42,6.71,8.74,6.35,2.07,2.88,72.65,23.76,15240998000.0
520A,"J-Pharma Co., Ltd.",Healthcare,69.96,0.0,,,-24.23,-20.36,,,-22.3,-24.23,-20.17,,,-22.2,-0.48,,,,,,,,-63.26,-1979.01,-172.14,,,,0.0,2301862000.0
5210,"Nihon Yamamura Glass Co., Ltd.",Consumer Cyclical,293.44,5.21,8.97,,15.69,2.19,10.86,-0.49,9.58,27.81,22.67,19.3,5.53,23.26,59.23,5.23,4.25,6.12,-0.2,-1.56,0.64,6.95,3.55,4.14,4.1,5.17,-0.16,72.03,20.76,11152000000.0
5214,"Nippon Electric Glass Co., Ltd.",Technology,3555.82,3.29,14.29,,14.63,14.68,-0.38,8.88,9.64,14.63,14.68,-0.38,8.88,9.64,0.0,10.96,2.05,-3.72,8.07,4.07,6.88,-13.76,4.15,5.22,0.54,-1.58,3.01,86.43,25.69,120706000000.0
5216,"Kuramoto Co., Ltd.",Technology,74.31,0.0,,,-8.71,-11.29,-2.33,-0.23,-7.44,-3.04,-5.02,-0.36,3.1,-2.81,-283.48,-70.84,6.08,-57.84,-11.09,28.25,122.53,-33.44,-102.75,-110.43,1.41,-52.93,-3.62,67.95,28.46,97124000.0
5218,Ohara Inc.,Technology,401.35,1.5,28.67,,-2.14,2.67,0.34,2.05,0.29,2.61,6.82,4.58,5.74,4.67,111.72,6.21,7.8,7.94,10.52,3.53,-0.76,-0.64,1.89,2.54,2.5,2.59,3.81,89.63,29.58,14461000000.0
5232,"Sumitomo Osaka Cement Co., Ltd.",Basic Materials,1820.66,0.69,16.43,,18.97,13.67,24.02,-8.87,18.89,18.97,13.67,24.02,-8.87,18.89,0.0,6.1,4.26,3.26,-4.18,1.92,-1.36,8.69,3.44,3.65,2.46,2.2,-5.48,69.18,25.33,16633000000.0
5233,Taiheiyo Cement Corporation,Basic Materials,4519.79,2.87,18.22,,25.27,26.08,31.1,-0.06,27.48,25.27,26.08,31.1,-0.06,27.48,0.0,8.31,8.67,6.37,0.55,0.24,1.13,9.48,4.21,4.48,5.94,4.55,1.04,57.58,24.85,63719000000.0
5237,Nozawa Corporation,Industrials,148.48,3.44,24.2,,-3.75,-2.23,5.87,1.5,-0.04,1.59,2.91,13.65,5.27,6.05,189.65,8.94,7.65,7.72,4.8,1.63,-4.86,10.01,7.69,10.41,5.51,5.57,3.52,,28.29,5722255000.0
523A,"SEIWA HOLDINGS Co., Ltd.",Industrials,348.52,0.0,28.7,,2.98,1.7,1.69,,2.12,3.33,3.9,2.4,,3.21,32.1,18.75,9.01,6.47,,3.11,6.78,,10.25,22.21,5.05,6.01,,51.3,35.58,6258000000.0
5240,"monoAI technology Co.,Ltd.",Technology,22.2,0.0,27.42,,-6.56,-24.7,-11.29,-9.21,-14.18,-4.95,-21.57,-8.3,-7.19,-11.61,-27.65,-39.84,-19.72,-14.01,4.88,-31.37,14.84,-14.25,-31.72,-676.47,-17.41,-16.14,6.46,98.27,34.4,1188903000.0
5242,"EYEZ,INC.",Technology,23.85,0.0,,,-4.02,2.51,-3.2,7.94,-1.57,-2.66,2.74,-2.45,8.08,-0.79,-24.37,-5.34,3.12,3.88,18.62,-6.81,1.67,20.28,-5.76,-17.62,3.44,3.96,16.39,77.16,90.9,547447000.0
5243,note inc.,Technology,591.74,0.0,52.63,,0.66,0.38,-0.61,-1.15,0.14,0.66,0.38,-0.59,-1.12,0.15,-0.98,6.19,1.6,-13.69,-31.59,25.03,19.27,19.85,12.05,83.3,3.81,-22.22,-37.15,,93.61,3045873000.0
5244,"jig.jp Co., Ltd.",Technology,71.82,1.69,6.26,,14.01,19.79,26.0,8.55,19.93,15.3,21.7,26.12,11.75,21.04,5.9,13.51,14.59,14.73,9.43,6.05,12.65,16.6,23.64,275.47,29.04,33.3,38.4,58.52,93.47,4849729000.0
5246,"ELEMENTS, Inc.",Technology,235.5,0.0,772.32,,-6.17,-1.33,-2.15,-2.45,-3.22,-2.11,0.95,-1.45,-2.41,-0.87,0.34,-5.53,2.28,-15.33,-35.12,53.01,31.2,17.48,-2.9,-6.14,4.61,-8.84,-31.32,64.41,77.5,3275338000.0
5247,"BTM, Inc.",Technology,15.55,0.0,23.76,,3.46,0.83,1.62,8.44,1.97,3.84,1.22,1.74,8.5,2.27,16.21,1.8,1.8,3.68,3.7,18.34,22.75,17.08,5.56,22.46,6.57,12.62,10.96,53.78,15.36,949168000.0
5248,"TECHNOLOGIES, Inc.",Technology,88.33,0.0,67.01,,-24.39,-3.42,7.54,0.38,-6.76,-7.76,4.69,10.86,0.72,2.6,-3.53,18.45,12.51,12.23,15.7,-26.99,94.97,562.9,10.75,13.93,9.7,6.49,11.85,32.44,34.82,2594292000.0
5250,"GMO Prime Strategy Co.,Ltd.",Technology,39.44,1.93,37.06,,2.44,2.98,3.84,5.92,3.09,2.96,3.26,3.95,6.25,3.39,9.7,16.19,24.76,32.77,38.46,3.48,-2.28,13.78,7.19,53.36,10.02,14.33,36.83,97.01,55.9,1284625000.0
5252,"Nihon Knowledge Co,Ltd.",Technology,42.51,0.69,49.02,,0.9,-2.64,-3.93,6.27,-1.89,1.34,1.27,3.01,6.74,1.87,190.36,1.43,2.39,6.15,5.73,9.74,1.9,14.83,2.75,4.72,4.57,13.46,13.03,75.11,15.99,671834000.0
5253,COVER Corporation,Technology,943.8,0.0,32.85,,4.95,2.98,1.13,2.65,3.02,7.63,5.6,5.05,5.16,6.09,53.2,14.31,18.44,18.36,16.71,13.66,43.87,47.5,27.94,141.11,35.25,35.94,36.51,,47.65,16008000000.0
5254,Arent Inc.,Technology,280.41,0.0,19.03,,2.96,2.79,0.54,,2.1,3.03,2.97,0.61,,2.2,6.82,,42.05,35.02,24.01,,45.37,99.83,,,20.97,15.32,,95.39,59.18,3852997000.0
5255,Monstarlab Inc.,Technology,51.73,0.0,,,-3.92,-63.13,-76.95,-46.26,-48.0,-2.86,-59.68,-68.03,-29.86,-43.52,-18.64,-2.41,-102.66,-15.41,-2.73,-22.07,-25.05,-6.47,-3.17,-7.89,-234.34,-22.25,-7.48,9.39,40.41,3978508000.0
5256,"Fusic Co., Ltd.",Technology,44.87,0.0,82.4,,-0.16,2.46,1.78,,1.36,1.26,2.57,1.85,,1.89,40.45,,11.52,10.49,6.24,,17.38,36.3,,,17.27,26.77,,,37.35,776362000.0
5257,"Nova System Co.,Ltd.",Technology,40.31,3.57,12.13,,-0.97,5.82,-1.64,-7.7,1.07,9.95,6.28,3.6,1.99,6.61,87.58,4.84,8.17,9.05,7.13,3.94,19.16,17.22,6.75,8.73,13.51,12.84,10.14,72.43,19.31,732866000.0
5258,Transaction Media Networks Inc.,Technology,128.2,0.0,,,-13.5,8.63,-18.7,11.13,-7.86,9.11,28.27,4.16,21.87,13.85,289.11,0.0,-4.1,7.49,7.15,7.94,18.62,32.42,0.01,,-5.7,5.35,14.05,49.15,28.59,14007157000.0
5261,"RESOL HOLDINGS Co.,Ltd.",Consumer Cyclical,421.78,1.57,15.57,,6.41,4.87,5.64,0.58,5.64,11.29,9.82,8.56,3.37,9.89,42.58,10.86,9.44,8.26,1.47,7.06,10.43,16.57,9.38,10.79,7.53,6.57,0.83,59.05,71.02,3969000000.0
5262,Nippon Hume Corporation,Industrials,574.61,2.32,15.58,,-6.05,1.56,4.83,1.13,0.11,-6.05,1.56,4.83,1.13,0.11,0.0,6.27,5.46,4.1,3.88,8.57,9.88,5.82,3.55,4.41,3.7,2.39,2.43,98.22,20.05,10297966000.0
5268,"Asahi Concrete Works Co., Ltd.",Industrials,113.27,1.63,24.9,,-0.97,5.1,1.87,4.32,2.0,3.43,7.8,3.66,6.53,4.96,70.6,7.99,7.69,5.83,5.25,5.74,2.12,7.4,3.16,4.85,2.97,2.41,2.13,95.39,21.31,4644470000.0
5269,"Nippon Concrete Industries Co., Ltd.",Basic Materials,197.55,2.75,29.07,,-0.42,-13.73,21.31,-5.66,2.39,13.59,-1.5,29.54,2.19,13.88,-227.15,0.66,1.88,3.37,-0.43,-6.49,-1.86,1.25,0.25,0.29,0.02,1.21,1.01,77.36,16.57,7016163000.0
5271,"Toyo Asano Foundation Co., Ltd.",Industrials,29.23,3.85,,,36.64,-91.37,1.12,13.1,-17.87,52.67,-52.4,11.99,24.6,4.09,15.59,0.88,4.21,6.12,1.25,-18.83,-4.41,-17.48,0.66,0.78,3.0,6.39,5.93,33.01,17.47,1748668000.0
5273,"Mitani Sekisan Co., Ltd.",Industrials,1499.55,2.04,10.92,,5.32,5.69,3.56,4.94,4.86,8.89,8.92,5.79,6.51,7.87,38.29,17.62,15.83,14.57,11.62,13.77,5.59,-3.44,12.15,22.98,10.87,10.21,10.11,99.91,24.72,47931000000.0
5279,"Nihon Kogyo Co., Ltd.",Industrials,35.14,3.76,6.07,,-10.64,10.17,22.34,-1.11,7.29,9.7,18.94,35.72,6.4,21.45,97.84,4.84,4.03,3.03,2.48,10.68,7.85,20.62,4.5,5.07,3.38,2.51,1.58,71.79,22.14,1421900000.0
5280,"Yoshicon Co.,Ltd.",Real Estate,154.01,4.01,5.87,,-15.99,18.16,-13.09,-39.48,-3.64,-15.99,18.16,-13.09,-39.48,-3.64,0.0,13.4,17.03,12.73,9.62,6.0,14.89,62.63,6.34,6.78,8.57,6.08,2.84,64.47,22.79,2554525000.0
5282,GEOSTR Corporation,Basic Materials,124.38,2.44,6.83,,28.42,-2.84,-20.39,27.38,1.73,36.05,7.46,-15.22,33.49,9.43,41.75,7.11,5.44,6.8,6.03,1.16,6.01,6.63,5.23,5.38,4.19,5.06,3.47,98.84,18.34,710303000.0
5283,"Takamisawa Co., Ltd.",Basic Materials,52.62,2.23,4.35,,5.59,28.85,9.1,,14.51,28.05,52.13,21.42,,33.87,60.75,,2.53,2.37,1.72,,3.51,8.8,,,4.36,5.66,,62.14,16.78,3385000000.0
5284,"Yamau Holdings Co., Ltd.",Basic Materials,134.81,5.04,6.12,,6.38,10.36,18.49,1.99,11.74,11.95,16.29,23.26,7.75,17.17,34.52,16.68,15.61,13.08,10.79,-6.98,15.66,6.67,13.25,19.06,15.0,11.9,9.36,82.11,40.71,5140770000.0
5285,Yamax Corp.,Basic Materials,129.99,4.46,6.27,,1.84,5.73,6.81,0.1,4.79,7.72,10.17,10.1,2.0,9.33,50.8,11.16,11.67,8.77,4.63,11.42,12.8,15.39,17.2,20.35,18.71,14.09,6.76,85.13,26.2,1842790000.0
5287,"Ito Yogyo Co., Ltd",Industrials,26.86,2.19,8.37,,11.85,16.77,-9.95,3.94,6.22,14.68,19.53,-5.73,14.31,9.49,-13.44,8.56,5.93,3.48,5.19,15.62,8.63,-9.66,6.54,8.65,3.88,2.84,3.09,,33.03,944609000.0
5288,Asia Pile Holdings Corporation,Basic Materials,575.14,4.71,7.53,,16.14,2.73,-0.0,4.77,6.29,27.23,8.12,7.37,13.13,14.24,69.06,9.39,4.3,6.8,5.7,15.03,-2.28,-6.43,11.44,18.37,3.52,7.97,7.37,72.67,19.51,25633000000.0
5290,Vertex Corporation,Basic Materials,610.61,3.19,6.07,,5.55,8.6,7.27,3.99,7.14,8.76,10.44,9.16,6.32,9.45,24.99,15.17,16.15,15.55,14.22,19.53,5.66,-5.78,11.22,17.61,11.81,9.41,9.56,91.59,32.13,18013370000.0
5301,"Tokai Carbon Co., Ltd.",Basic Materials,4632.48,1.76,25.76,,2.8,2.02,2.69,-0.86,2.5,12.06,13.92,13.4,8.89,13.13,80.74,8.0,5.54,10.64,11.92,-7.76,-3.8,6.93,3.77,4.56,4.49,5.4,5.98,62.12,24.69,90156000000.0
5302,"Nippon Carbon Co., Ltd.",Basic Materials,538.33,3.94,14.46,,1.47,0.95,0.14,7.35,0.85,11.74,9.72,5.92,10.77,9.13,91.74,12.74,16.65,17.36,13.38,-0.58,0.24,5.78,5.11,6.68,7.19,7.67,6.12,86.08,27.18,15180000000.0
5304,"Sec Carbon,Limited",Basic Materials,495.56,3.97,6.26,,8.41,-4.07,9.15,0.07,4.5,15.67,9.18,15.73,4.72,13.53,77.49,15.97,21.88,27.39,21.35,-19.49,-16.43,22.72,0.9,1.17,6.51,9.85,7.42,,31.16,17533000000.0
5310,"Toyo Tanso Co., Ltd.",Industrials,1591.79,1.94,35.73,,-3.83,1.47,0.78,0.83,-0.53,3.81,5.96,3.91,3.53,4.56,118.69,14.63,23.05,18.85,15.23,-13.0,7.8,12.51,4.72,5.54,9.43,8.0,6.12,94.82,34.09,15263000000.0
5331,"Noritake Co., Limited",Industrials,2041.03,3.25,14.45,,-2.0,-2.35,8.19,-2.73,1.28,4.92,0.99,10.8,-0.1,5.57,167.54,7.78,7.39,7.77,6.43,3.42,0.2,-1.13,4.53,5.09,4.9,5.35,5.09,91.34,28.67,19570000000.0
5332,TOTO LTD.,Industrials,9729.01,2.05,24.33,,2.89,2.13,1.87,-0.49,2.3,7.32,7.34,7.84,3.25,7.5,69.26,7.29,6.69,6.09,7.01,1.79,3.16,0.16,5.88,7.56,4.23,5.23,6.45,95.66,35.61,132855000000.0
5333,NGK Corporation,Industrials,15242.32,1.98,26.28,,5.41,3.47,3.54,3.59,4.14,9.05,6.34,6.51,6.43,7.3,43.66,14.18,13.11,11.47,11.94,8.17,7.01,3.52,6.49,9.35,6.34,5.03,7.21,77.96,29.12,322920000000.0
5334,"Niterra Co., Ltd.",Consumer Cyclical,14834.28,1.42,13.36,,6.62,5.58,3.03,2.97,5.08,8.96,7.97,4.67,4.85,7.2,30.42,18.72,19.69,17.28,15.77,11.98,6.27,9.23,9.54,12.46,10.77,9.15,8.05,77.82,38.41,237002000000.0
5337,Danto Holdings Corporation,Industrials,275.04,0.0,,,-1.41,-3.7,-7.66,-7.22,-4.26,-1.05,-2.94,-4.68,-5.25,-2.89,-41.38,-13.51,-18.59,-15.5,-22.48,-7.53,-4.3,19.6,-5.39,-6.78,-27.63,-10.68,-13.91,99.86,29.75,1722000000.0
5341,"Asahi Eito Holdings Co.,Ltd.",Consumer Defensive,12.55,0.0,,,-12.08,-15.39,-9.79,-41.31,-12.42,-8.04,-13.2,-8.32,-39.96,-9.85,-28.15,-6.28,-8.08,-13.37,-8.25,9.3,12.79,54.09,-17.37,-25.0,-18.74,-23.53,-11.17,68.54,30.85,525088000.0
5344,"Maruwa Co.,Ltd.",Technology,6864.66,0.2,36.52,,-0.81,2.21,0.86,1.01,0.75,2.47,3.69,2.51,2.28,2.89,79.63,33.54,37.46,32.16,34.25,3.66,16.71,4.69,11.66,21.44,14.91,13.08,15.06,,52.58,67185000000.0
5351,"Shinagawa Refra Co., Ltd.",Basic Materials,954.19,4.61,3.66,,3.75,6.78,6.34,3.83,5.62,14.53,13.73,12.32,10.77,13.53,57.79,7.66,9.22,9.63,8.68,23.37,-0.07,15.37,5.64,6.9,6.18,8.72,7.46,70.29,24.19,26598000000.0
5355,"Nippon Crucible Co., Ltd.",Industrials,44.06,3.02,10.31,,1.3,10.65,3.33,-2.03,5.09,11.64,23.74,10.16,1.11,15.18,70.41,4.01,4.84,3.48,1.84,4.46,1.81,8.69,3.37,4.6,4.53,3.38,0.29,70.6,26.48,2278893000.0
5356,"Mino Ceramic Co., Ltd.",Basic Materials,133.46,4.08,10.45,,11.6,4.56,11.69,3.48,9.28,16.38,9.02,14.18,5.55,13.19,32.07,9.9,10.47,9.55,9.55,7.28,6.35,-3.08,6.82,9.55,7.15,6.17,6.89,91.99,25.42,4899686000.0
5357,"Yotai Refractories Co., Ltd.",Basic Materials,323.28,5.13,13.04,,3.08,6.4,5.11,-0.72,4.86,7.73,13.71,11.95,5.51,11.13,56.93,12.15,11.89,12.37,14.2,0.95,0.61,3.11,7.5,9.0,7.46,8.1,9.38,97.2,21.54,5748945000.0
5363,TYK Corporation,Basic Materials,322.13,6.03,8.61,,4.91,6.03,9.73,3.12,6.89,9.51,10.24,12.47,6.09,10.74,37.13,10.93,14.1,10.61,11.15,-1.41,6.4,4.64,5.15,7.84,7.45,5.33,6.01,94.48,26.37,17354986000.0
5367,Nikkato Corporation,Industrials,167.13,1.93,21.52,,6.7,4.49,2.31,3.97,4.5,10.02,10.03,4.7,5.62,8.25,46.4,9.45,6.33,8.97,10.27,12.55,-1.59,-4.6,5.11,7.12,3.24,4.68,5.79,89.96,22.7,4137970000.0
5368,"Japan Insulation Co., Ltd.",Industrials,91.26,3.9,7.75,,3.5,5.57,18.61,16.02,9.23,7.0,9.83,20.99,21.18,12.61,34.93,11.2,8.41,11.63,9.3,17.76,-2.51,1.77,7.52,12.19,5.05,7.0,5.71,93.92,28.37,6068237000.0
5380,Shinto Company Limited,Industrials,9.91,2.72,,,13.78,41.28,-46.65,,2.8,17.94,47.35,-41.6,,7.9,7.95,,,-1.4,0.37,,,-9.87,,,,-1.17,,52.45,14.54,276180000.0
5381,Mipox Corporation,Basic Materials,146.56,0.94,29.04,,-1.93,6.15,-1.22,-9.71,1.0,2.2,10.89,3.08,-2.89,5.39,123.64,4.8,8.43,-4.73,2.12,7.94,19.43,-6.73,2.27,2.86,7.32,-8.82,0.16,58.16,38.82,3184795000.0
5384,Fujimi Incorporated,Technology,2570.45,2.26,28.38,,-3.75,0.06,1.44,2.18,-0.75,4.9,5.05,2.9,2.87,4.28,108.51,19.92,18.85,16.05,22.68,11.04,21.55,-11.94,9.08,13.16,11.93,8.48,15.05,83.52,44.97,31346000000.0
5388,"Kunimine Industries Co., Ltd.",Basic Materials,171.47,3.58,12.79,,18.19,-0.23,5.39,-3.05,7.78,25.22,5.97,11.21,1.37,14.13,61.21,9.38,8.15,7.85,5.41,8.71,0.21,2.28,4.91,8.94,3.96,3.98,2.63,,29.31,10049200000.0
5391,A&A Material Corporation,Industrials,84.33,4.6,6.66,,-2.72,-18.64,19.19,-15.0,-0.72,17.4,14.59,36.35,-8.23,22.78,130.21,3.67,4.41,5.62,3.8,5.25,5.18,5.31,6.32,6.37,-1.09,7.17,4.67,67.5,22.81,186000000.0
5393,Nichias Corporation,Industrials,6391.66,1.76,20.55,,2.38,3.79,0.99,1.57,2.39,3.74,4.89,3.0,2.92,3.88,41.99,14.69,15.49,14.12,12.58,-1.79,2.86,4.73,12.18,15.85,12.47,11.23,10.69,95.69,27.75,57723000000.0
5401,Nippon Steel Corporation,Basic Materials,35826.24,3.52,209.63,,-4.82,10.06,15.18,5.34,6.81,20.01,27.31,28.2,18.46,25.17,77.81,4.26,6.4,8.18,10.2,15.73,-1.95,11.19,1.04,1.09,5.15,7.45,10.08,52.6,14.36,515967000000.0
5406,"Kobe Steel, Ltd.",Basic Materials,8225.42,3.89,8.75,,9.39,4.25,13.42,2.52,9.02,24.52,18.02,24.96,14.55,22.5,61.44,5.33,6.21,7.34,3.49,-4.64,0.47,2.86,5.24,5.79,6.81,7.13,3.74,64.35,16.55,189233000000.0
5408,"Nakayama Steel Works, Ltd.",Basic Materials,348.06,2.18,14.12,,29.28,8.5,3.87,26.66,13.88,43.88,21.11,14.8,37.38,26.6,55.63,3.31,4.98,6.68,7.24,-12.42,-8.2,-2.16,3.03,3.77,5.08,7.82,9.54,92.97,12.5,23245000000.0
5410,"Godo Steel, Ltd.",Basic Materials,437.02,3.34,5.5,,28.47,29.55,28.51,3.39,28.84,49.03,43.79,40.82,15.35,44.55,34.87,5.12,6.7,8.01,5.91,-6.54,-7.92,-5.33,3.57,4.12,5.06,6.79,6.08,72.58,17.08,26504000000.0
5411,"JFE Holdings, Inc.",Basic Materials,11739.9,4.33,17.85,,8.48,12.7,9.08,-1.24,10.09,32.28,40.8,33.71,25.45,35.6,71.89,1.51,1.8,4.68,4.04,-6.59,-6.09,-1.79,1.27,1.33,1.32,4.22,4.24,53.86,11.59,190763000000.0
5423,"Tokyo Steel Manufacturing Co., Ltd.",Basic Materials,1743.39,2.34,15.26,,-14.82,-1.59,21.03,17.55,1.54,-1.88,11.24,30.62,22.81,13.33,-180.58,2.7,9.21,10.37,10.54,-17.96,-11.02,1.66,2.68,4.02,10.23,13.12,16.93,,11.96,73970000000.0
542A,Vitabrid Japan Inc.,Consumer Defensive,62.89,0.0,6.14,,27.37,12.01,-13.62,,8.59,27.63,13.41,-12.46,,9.53,0.69,6.68,5.55,8.48,,21.19,7.21,,16.91,67.05,11.76,20.89,,,79.14,3219736000.0
543A,ARCHION Corporation,Industrials,8104.35,2.8,2.02,,2.43,-8.96,-22.98,-13.33,-9.84,9.49,0.14,-13.62,-5.03,-1.33,2180.55,5.24,3.39,-0.53,1.16,-7.77,11.94,0.59,19.32,24.35,10.95,-0.62,3.19,71.08,18.19,136206000000.0
5440,Kyoei Steel Ltd.,Basic Materials,875.26,3.49,8.92,,7.24,29.23,15.38,13.86,17.28,28.25,45.02,27.75,22.0,33.67,51.35,5.38,4.75,6.56,4.17,-2.4,0.58,-9.76,4.05,5.22,3.49,4.62,4.49,71.91,12.69,68947000000.0
5444,"Yamato Kogyo Co., Ltd.",Basic Materials,7507.89,3.2,12.26,,5.4,7.22,9.88,6.44,7.5,6.93,9.46,10.78,7.01,9.06,18.04,2.8,7.53,10.57,9.32,-4.68,2.93,-9.4,0.66,1.11,1.43,2.47,2.92,99.92,13.91,219383000000.0
5445,"Tokyo Tekko Co., Ltd.",Basic Materials,517.1,4.86,6.56,,-3.51,4.18,14.58,9.82,5.08,10.02,15.82,23.38,13.3,16.41,82.08,16.61,17.77,13.35,5.5,-12.17,3.74,0.49,12.15,13.58,16.15,12.51,5.74,86.94,28.2,7172000000.0
5446,"HOKUETSU METAL Co., Ltd.",Basic Materials,40.48,3.56,,,17.3,14.44,16.25,-11.59,16.0,41.1,39.97,50.09,22.2,43.72,63.12,-1.31,2.33,1.66,3.35,-17.86,-9.72,2.52,-2.43,-2.74,2.41,1.8,4.66,88.93,11.38,2289458000.0
5449,"Osaka Steel Co., Ltd.",Basic Materials,792.84,1.4,,,11.13,9.6,-1.35,6.41,6.46,11.13,9.6,-1.35,6.41,6.46,0.0,-0.36,4.52,5.99,5.07,-18.32,-0.6,-0.01,-0.28,-0.29,1.84,2.34,1.71,90.81,8.01,3021000000.0
544A,"GMS Group Co.,Ltd.",Industrials,246.37,3.06,,,,,,,,,,,,,,,,,,,,,,,,,,61.08,0.0,
5451,"Yodoko, Ltd.",Basic Materials,2074.25,4.32,12.03,,6.69,2.68,8.4,5.27,5.92,9.05,5.45,10.38,8.36,8.29,31.97,6.07,6.66,5.89,5.75,-6.28,2.21,-7.42,5.53,8.65,5.15,4.59,4.93,,17.67,73167000000.0
5458,Takasago Tekko K.K.,Basic Materials,40.02,3.41,11.05,,26.39,-5.8,16.59,-13.39,12.39,30.24,0.97,22.74,-10.35,17.98,244.88,4.68,4.23,3.21,6.35,0.11,-0.66,-0.45,7.03,12.85,6.94,5.3,12.25,,15.06,2306000000.0
545A,"Toranvia Co.,Ltd.",Technology,394.61,0.0,,,,,,,,,,,,,,,,,,,,,,,,,,,0.0,
5461,"Chubu Steel Plate Co., Ltd.",Basic Materials,560.33,5.33,44.99,,-18.03,27.49,1.96,13.74,3.81,-10.42,38.41,6.91,18.08,11.63,9.0,1.81,5.31,15.39,16.07,0.11,-24.69,-11.18,0.87,1.17,2.63,9.39,11.74,,11.32,18736000000.0
5463,Maruichi Steel Tube Ltd.,Basic Materials,3823.77,3.03,14.7,,1.29,0.92,5.22,4.67,2.48,5.34,7.36,9.33,6.4,7.34,69.14,13.15,8.76,12.83,10.98,-6.84,-3.56,-0.77,6.39,9.1,4.59,7.12,6.76,98.81,21.39,105798000000.0
5464,Mory Industries Inc.,Basic Materials,356.98,3.64,10.64,,8.9,8.08,15.31,4.27,10.76,14.18,11.37,18.6,6.44,14.72,27.94,10.11,11.7,12.31,13.83,-6.18,-3.67,-1.67,4.99,6.81,6.7,7.26,9.16,96.78,24.03,16125000000.0
546A,"Miraini Holdings Co., Ltd.",Technology,937.43,3.71,,,,,,,,,,,,,,,,,,,,,,,,,,53.11,0.0,
5471,"Daido Steel Co., Ltd.",Basic Materials,4955.38,2.12,15.32,,2.73,2.4,3.61,0.18,2.91,13.34,10.8,10.14,5.63,11.43,73.91,7.28,6.85,7.3,8.64,0.55,-0.63,-0.08,5.07,5.64,4.71,5.18,6.2,71.67,17.52,64348000000.0
547A,Muninova Holdings Inc.,Financial Services,2093.21,4.59,7.48,,-51.65,-40.28,-35.87,-9.15,-42.6,-39.59,-35.45,-33.72,-7.47,-36.25,-16.8,13.38,12.92,16.46,8.51,15.91,13.15,9.13,2.29,2.44,2.44,3.08,1.88,21.51,94.78,63969000000.0
5480,"Nippon Yakin Kogyo Co., Ltd.",Basic Materials,761.96,4.04,10.58,,6.37,-0.33,24.62,-12.44,10.22,17.78,14.49,35.2,4.79,22.49,65.5,7.27,9.86,11.1,14.68,-12.34,-4.57,-9.52,4.64,4.95,7.14,8.48,12.44,56.12,16.81,11275000000.0
5482,Aichi Steel Corporation,Basic Materials,2071.96,2.23,18.91,,23.17,1.42,7.0,-1.42,10.53,31.38,12.24,16.32,6.29,19.98,57.23,5.71,4.02,3.5,1.38,1.69,0.93,3.99,4.29,5.05,3.18,2.32,0.95,78.57,15.23,42493000000.0
5484,"Tohoku Steel Co., Ltd.",Basic Materials,330.16,0.67,25.91,,6.26,4.0,5.76,-1.13,5.34,7.18,6.45,8.62,2.02,7.42,28.02,6.78,5.9,5.92,6.02,-1.17,-0.75,-1.02,3.58,5.72,3.29,3.76,3.88,,17.83,11009943000.0
548A,"SystemEXE,Inc.",Technology,50.09,9.28,9.53,,0.37,9.71,,,5.04,1.39,10.74,,,6.06,41.63,5.56,7.33,,,2.08,,,8.85,24.24,11.95,,,99.36,28.54,3450712000.0
5491,"Nippon Kinzoku Co., Ltd.",Basic Materials,58.75,0.55,27.59,,14.77,1.6,-49.62,-104.58,-11.08,44.32,20.58,-3.46,-25.75,20.48,-392.36,2.56,-0.37,-2.12,2.43,-3.27,-0.22,-2.2,1.04,1.29,-0.2,-1.38,1.78,63.6,12.62,9087000000.0
549A,"HITO-TO-HITO Holdings Co.,Ltd.",Industrials,68.18,4.38,12.34,,3.8,11.76,,,7.78,4.93,12.13,,,8.53,12.97,4.2,1.56,,,7.67,,,6.06,7.5,0.87,,,37.17,16.29,1495000000.0
550A,"Softtex Co.,Ltd.",Technology,19.02,3.23,8.91,,0.58,9.04,16.7,,8.77,0.8,11.58,17.22,,9.87,17.65,8.18,8.01,8.42,,2.09,5.61,,15.58,45.97,17.04,17.14,,,27.29,912031000.0
5527,Property Technologies Inc.,Real Estate,92.67,3.35,8.37,,-10.59,-32.39,-80.66,-31.17,-41.21,-9.81,-31.87,-75.06,-27.56,-38.91,-5.68,4.01,3.27,3.58,6.08,22.34,12.57,-4.72,3.32,3.79,2.26,2.21,5.58,20.96,15.0,4901929000.0
5532,Realgate Inc.,Real Estate,238.79,0.0,32.19,,-17.61,-19.0,-5.97,-7.97,-14.19,14.91,-5.58,6.31,1.72,5.21,57.42,10.65,9.65,7.87,7.35,23.19,14.0,19.32,4.23,4.48,4.26,4.46,7.88,26.25,17.13,947147000.0
5533,"Elitz Holdings Co., Ltd.",Real Estate,77.81,3.16,10.28,,8.94,4.27,10.13,-2.69,7.78,11.17,9.26,11.45,3.68,10.63,28.45,16.0,16.59,18.22,12.59,9.43,4.91,14.34,9.82,27.6,9.56,11.2,7.19,77.57,76.29,4572519000.0
5535,MIGALO HOLDINGS Inc.,Real Estate,186.48,3.05,12.52,,19.5,-39.99,-3.98,-50.29,-8.16,20.38,-39.17,-3.71,-49.91,-7.5,-1.76,5.32,5.25,5.86,7.84,11.26,21.18,14.53,3.92,4.88,3.28,3.44,4.82,29.56,15.95,9968516000.0
5537,"AlbaLink Co.,Ltd.",Real Estate,305.62,0.0,28.27,,3.27,2.29,1.48,-2.04,2.35,3.62,2.81,1.57,-0.55,2.67,11.29,16.01,10.16,14.23,13.89,50.57,81.64,123.72,24.11,141.66,19.25,17.53,9.11,46.46,54.68,3507608000.0
5541,"Pacific Metals Co., Ltd.",Basic Materials,471.72,4.89,18.58,,4.11,5.21,4.74,-18.2,4.69,5.13,6.38,5.92,-15.93,5.81,19.37,-52.78,-55.92,-58.71,-36.12,-28.55,-15.12,-55.47,-6.3,-9.22,-14.7,-23.57,-20.57,,-33.37,19894000000.0
5542,Shinhokoku Material Corp.,Basic Materials,74.61,2.66,15.89,,1.72,17.31,4.05,-0.42,7.69,6.49,18.94,6.66,2.27,10.7,40.47,8.42,10.38,9.69,10.02,-10.78,-4.24,1.93,5.19,9.98,7.2,7.01,7.61,79.2,24.81,3314462000.0
554A,"Batonz Co., Ltd.",Technology,65.54,0.0,158.44,,1.34,-0.13,,,0.6,2.22,0.65,,,1.44,80.02,3.76,8.55,,,19.49,,,8.32,30.74,17.56,,,,82.0,323705000.0
5563,"Nippon Denko Co., Ltd.",Basic Materials,564.45,3.82,9.85,,17.26,2.94,7.06,3.08,9.09,25.81,10.56,15.55,11.13,17.31,53.3,6.68,8.77,5.99,11.12,-1.22,-0.2,-1.2,3.59,3.88,5.24,8.15,7.81,82.21,16.16,6024000000.0
556A,"INUNEKO-SEIKATSU Co.,Ltd.",Consumer Defensive,79.45,0.0,13.41,,6.1,1.94,0.42,,2.82,6.34,1.94,0.42,,2.9,1.28,13.36,3.18,-2.2,,54.89,61.96,,27.06,156.5,40.19,-19.11,,,74.17,1527059000.0
5570,"Jenoba Co.,Ltd.",Communication Services,81.51,1.14,15.88,,6.1,6.9,6.5,6.69,6.5,7.23,7.02,6.58,6.91,6.94,6.2,56.62,54.92,53.99,51.3,8.03,4.9,3.79,16.13,233.22,13.56,14.58,17.98,,82.15,3095522000.0
5571,"Excite Holdings Co., Ltd.",Technology,49.25,3.21,19.53,,-4.82,-9.62,11.32,7.83,-1.04,7.59,-4.92,17.55,13.99,6.74,34.5,4.21,5.07,8.34,8.26,18.75,17.86,2.4,3.84,5.32,4.3,9.8,14.01,40.19,57.68,2547544000.0
5572,Ridge-i Inc.,Technology,137.51,0.0,33.9,,2.47,-1.35,1.26,,0.79,2.54,-1.06,1.3,,0.93,-7.2,,14.25,8.9,5.82,,35.62,-18.39,,,6.11,3.64,,97.64,55.0,2116037000.0
5574,"ABEJA, Inc.",Technology,318.95,0.0,61.91,,5.03,-2.49,1.44,-0.84,1.33,5.08,-2.38,1.44,-0.79,1.38,-1.1,12.44,10.5,14.51,-8.27,29.61,-0.33,40.3,9.89,,5.68,12.56,-8.83,,62.37,4586017000.0
5575,Globee Inc.,Technology,57.57,0.0,19.03,,8.03,3.37,4.05,2.52,5.15,11.44,6.73,6.73,4.69,8.3,39.9,21.61,25.13,24.83,26.0,24.94,27.06,35.99,27.42,,28.12,29.25,58.07,95.02,48.63,1360220000.0
5576,O.B.System Inc.,Technology,72.8,4.24,12.1,,4.32,5.93,0.34,4.09,3.53,4.53,6.35,0.43,4.2,3.77,10.55,7.77,7.32,8.57,8.15,12.64,11.42,11.89,7.99,12.96,7.68,8.76,12.61,95.89,19.36,2291568000.0
5578,"AR advanced technology, Inc.",Technology,87.87,2.2,13.22,,9.91,2.11,7.64,1.44,6.55,13.0,4.14,8.42,1.72,8.52,27.33,5.86,3.79,5.2,4.52,27.16,9.52,15.89,13.85,68.13,9.82,13.06,19.4,63.64,26.65,2912067000.0
5580,"Prodelight Co.,Ltd.",Technology,26.25,0.0,38.86,,-4.77,4.98,4.08,2.85,1.43,-2.9,6.31,5.65,3.4,3.02,-5.32,6.3,8.68,6.44,6.23,29.04,9.39,13.01,10.36,32.13,18.13,11.62,14.97,75.81,48.45,793559000.0
5582,GRID Inc.,Technology,102.49,0.0,32.53,,2.42,1.11,-1.67,,0.62,2.79,1.47,-0.54,,1.24,-56.33,,22.13,15.41,7.81,,22.03,48.71,,,33.03,20.83,,,60.12,2900488000.0
5586,Laboro.AI Inc.,Technology,149.11,0.0,96.69,,1.08,-0.27,0.68,-1.49,0.5,1.45,0.03,0.78,-1.22,0.75,337.17,10.07,12.1,15.07,-7.51,25.41,10.67,86.78,5.12,26.1,5.58,6.6,-3.2,,66.94,2048825000.0
5587,Inbound Platform Corp.,Industrials,27.63,0.0,9.99,,11.38,-4.66,12.35,-0.85,6.36,22.29,7.24,23.28,4.4,17.6,86.77,9.87,7.71,16.15,11.5,28.85,12.34,82.41,12.53,27.83,10.34,18.05,14.17,80.07,75.31,920874000.0
5588,"Fast Accounting Co.,Ltd.",Technology,101.23,0.42,44.67,,0.82,3.02,1.29,1.12,1.71,3.45,5.24,2.89,1.58,3.86,58.02,12.33,10.65,10.26,-10.47,38.82,38.52,56.89,11.81,,33.09,14.86,-39.94,,72.45,1769361000.0
5589,"Auto Server Co., Ltd.",Consumer Cyclical,212.9,2.3,13.62,,9.98,4.68,9.14,6.97,7.93,12.84,10.96,10.07,7.95,11.29,29.61,36.9,39.67,36.09,36.9,2.79,7.54,8.99,9.76,89.2,11.0,9.62,10.15,85.59,71.97,13626990000.0
558A,SQUEEZE Inc.,Consumer Cyclical,200.34,0.0,30.9,,3.39,0.63,,,2.01,3.43,0.7,,,2.06,5.59,9.53,7.84,,,74.95,,,20.21,158.36,17.53,,,63.7,41.99,2586953000.0
5590,"NETSTARS Co.,Ltd.",Technology,122.72,0.0,21.83,,18.43,59.99,47.49,22.92,41.97,19.37,61.2,48.98,26.21,43.18,3.29,6.12,-2.16,-8.65,-18.57,22.71,4.87,24.56,4.63,,-1.42,-4.61,-8.64,,76.56,36209760000.0
5591,AVILEN Inc.,Technology,54.05,0.0,31.34,,2.97,3.78,-0.6,0.33,2.05,3.03,4.13,0.24,0.45,2.47,121.75,16.4,15.25,18.5,15.08,34.72,33.55,26.98,17.15,43.25,13.27,29.23,38.61,73.87,69.59,642136000.0
5592,"Kusurinomadoguchi, Inc.",Healthcare,296.46,1.47,10.06,,4.59,-24.05,3.37,5.3,-5.36,9.94,-17.97,8.86,10.45,0.28,27.3,21.75,17.45,15.71,14.15,10.1,28.41,17.53,21.64,34.2,28.71,7.78,21.22,79.91,56.53,5203879000.0
5597,"Blue Innovation Co., Ltd.",Technology,56.01,0.0,,,-6.35,-9.49,-6.26,-6.75,-7.37,-5.85,-8.82,-5.72,-6.52,-6.8,-8.56,-52.12,-32.57,-22.91,-38.48,-14.04,-3.27,39.21,-47.38,-317.15,-36.22,-19.24,-45.99,5.42,39.04,988216000.0
5599,S&J Corporation,Technology,59.95,1.57,14.75,,8.8,-1.21,0.92,10.63,2.84,8.91,5.74,1.11,10.77,5.25,46.53,23.83,21.64,21.67,25.9,20.11,20.62,25.7,18.87,,15.32,13.59,28.83,,50.89,2249429000.0
559A,"Umenoyado Brewery Co., Ltd.",Consumer Defensive,71.02,2.04,21.99,,0.23,5.84,,,3.04,3.52,8.03,,,5.78,60.42,11.81,15.66,,,-0.51,,,4.4,6.16,5.43,,,,55.69,1618184000.0
5602,"Kurimoto,Ltd.",Basic Materials,997.16,3.62,15.13,,0.85,-5.7,7.92,2.69,1.02,7.13,-2.34,10.31,5.08,5.03,-10.63,6.29,6.26,5.92,5.48,1.15,0.59,0.88,4.76,5.67,5.42,5.48,5.2,83.88,26.52,18542000000.0
5603,Kogi Corporation,Industrials,42.67,3.07,9.06,,-16.03,88.05,-30.35,-30.54,13.89,20.65,112.66,-1.24,-2.79,44.02,-714.64,2.41,4.24,3.03,3.02,-2.39,1.36,-2.85,1.91,2.12,3.65,2.12,2.81,67.9,15.7,2428000000.0
5609,Nippon Chuzo K. K.,Basic Materials,44.79,6.46,3317.86,,34.52,-8.46,24.49,-12.44,16.85,47.4,15.29,40.32,3.55,34.34,73.92,3.43,2.49,8.05,4.77,-8.81,-15.72,7.97,3.02,3.41,1.62,6.09,3.83,71.61,15.07,1739000000.0
5612,Nippon Chutetsukan K.K.,Industrials,51.09,1.55,56.14,,-61.37,-25.76,-2.17,-21.14,-29.77,5.81,2.78,19.3,-7.44,9.3,764.53,1.62,1.54,5.11,3.02,-5.85,0.44,-2.48,0.49,0.61,-4.09,4.05,3.01,51.23,17.08,3881000000.0
5616,"Ame Kaze Taiyo, Inc.",Consumer Cyclical,15.54,0.0,,,-3.18,-16.45,-15.56,-20.58,-11.73,-0.29,-16.09,-15.56,-20.17,-10.65,-337.26,-0.7,-15.25,-23.99,-74.84,0.61,6.81,50.4,-0.57,-2.46,-25.02,-28.83,-192.4,58.68,65.65,458160000.0
5618,Nyle Inc.,Communication Services,25.01,0.0,,,-11.11,-43.85,-26.8,-59.13,-27.25,-10.31,-43.64,-26.72,-58.85,-26.89,-2.85,-1.57,-12.41,-12.91,-32.3,23.15,4.22,26.69,-4.78,-9.78,-29.44,-28.23,-62.73,13.17,36.34,1225454000.0
5619,MRSO Inc.,Healthcare,29.79,0.0,,,-0.87,-2.61,1.45,23.33,-0.68,-0.85,-2.61,1.62,23.38,-0.61,2.95,-3.15,11.82,34.21,44.21,-19.13,-26.33,-19.63,-1.2,-8.55,4.98,21.03,48.0,,76.41,1675916000.0
5621,"Human Technologies, Inc.",Technology,155.03,2.16,15.26,,5.74,5.08,0.72,1.39,3.85,6.04,6.62,2.57,1.66,5.08,33.4,18.28,15.38,10.33,7.78,23.8,20.26,19.22,19.1,114.8,14.72,8.89,10.97,,64.71,4393971000.0
5631,"The Japan Steel Works, Ltd.",Industrials,5387.57,1.23,28.03,,-7.68,-3.79,2.13,-1.36,-3.11,-3.14,-0.85,4.03,-0.18,0.01,-148.1,9.21,9.18,7.14,5.8,10.58,-1.56,5.77,5.9,7.98,7.55,6.18,4.43,71.47,23.38,77763000000.0
5632,"Mitsubishi Steel Mfg. Co., Ltd.",Basic Materials,392.09,4.05,12.84,,16.51,3.01,6.1,-13.97,8.54,25.72,15.33,16.52,-7.08,19.19,59.74,3.1,4.11,2.83,3.25,-3.15,-6.1,-0.35,4.78,5.87,4.62,-4.78,2.51,55.48,13.48,17145000000.0
5644,Metalart Corporation,Industrials,208.4,2.21,7.75,,9.15,7.12,1.45,2.61,5.91,23.55,26.31,18.71,19.29,22.86,75.46,8.62,6.82,6.49,8.6,3.04,-2.37,1.77,9.35,14.46,7.55,7.97,11.93,87.15,14.29,10724000000.0
5658,"Nichia Steel Works, Ltd.",Industrials,182.89,2.44,18.36,,-4.13,1.07,9.92,-9.68,2.29,16.61,12.94,16.45,-1.88,15.33,85.42,4.2,3.95,3.87,5.35,-0.98,-1.07,1.24,2.39,3.0,1.86,1.63,2.31,95.97,18.32,11347620000.0
5659,"Nippon Seisen Co.,Ltd.",Industrials,449.94,3.2,20.95,,1.37,7.33,4.55,-0.21,4.42,8.04,10.49,10.41,4.14,9.65,56.46,6.6,9.79,7.91,8.52,-0.32,4.52,-8.82,5.04,8.22,7.93,6.35,8.04,98.66,14.56,16768000000.0
5695,"Powdertech Co., Ltd.",Basic Materials,86.65,3.36,21.32,,13.75,4.07,-2.26,-7.25,5.19,21.27,9.89,2.08,7.48,11.08,100.88,5.8,3.64,4.75,7.93,0.05,6.87,-3.23,3.05,3.12,2.11,2.22,4.11,94.86,27.55,309530000.0
5697,"Sanyu Co., Ltd.",Basic Materials,50.11,3.66,8.19,,49.67,17.92,14.56,4.31,27.38,62.19,28.29,20.63,13.0,37.04,28.74,3.47,2.74,2.48,4.04,4.61,1.8,0.32,5.49,9.34,4.08,3.38,5.9,91.39,13.86,4700030000.0
5698,Envipro Holdings Inc.,Industrials,210.09,2.97,8.65,,9.86,9.06,6.17,-1.6,8.36,14.62,16.52,14.0,11.1,15.05,44.53,7.26,1.98,2.7,3.14,-9.49,-5.98,6.15,8.9,12.58,3.02,3.74,4.14,73.87,22.5,7497517000.0
5699,"IBOKIN Co.,Ltd.",Industrials,51.37,2.02,7.4,,-26.58,13.66,1.67,3.3,-3.75,1.4,18.15,11.75,6.59,10.43,704.8,6.43,8.27,6.75,6.11,3.61,11.5,8.78,7.94,10.86,10.65,9.0,7.67,81.36,17.88,1672900000.0
5702,"Daiki Aluminium Industry Co., Ltd.",Basic Materials,726.15,4.95,20.03,,-3.94,-19.21,-2.82,30.44,-8.66,2.57,-13.83,3.86,36.03,-2.47,129.21,2.2,1.61,1.76,5.04,10.45,14.13,-3.8,3.22,3.43,0.76,2.33,8.97,47.2,4.9,9082000000.0
5703,"Nippon Light Metal Holdings Company, Ltd.",Basic Materials,1844.66,3.69,11.83,,1.98,-5.21,7.65,-9.6,1.47,13.89,6.54,20.62,0.38,13.68,109.44,4.38,3.95,3.47,1.46,6.41,5.05,1.31,4.15,4.51,3.69,3.22,1.07,61.04,17.34,33140000000.0
5704,JMC Corporation,Industrials,21.7,0.0,9.01,,22.88,13.27,-15.19,-1.48,6.99,30.75,24.38,17.95,27.67,24.36,85.25,3.21,2.87,14.74,11.88,4.9,-15.59,23.16,4.64,5.69,1.36,9.48,7.06,75.22,32.16,425004000.0
5706,"Mitsui Kinzoku Company, Limited",Industrials,13145.67,0.12,14.4,,3.92,3.45,3.19,0.9,3.52,6.66,5.83,5.73,3.27,6.07,42.14,17.26,10.49,4.9,1.92,6.48,10.15,-0.81,19.96,22.44,12.55,4.61,1.16,78.25,26.72,58271000000.0
5707,"Toho Zinc Co., Ltd.",Basic Materials,352.97,0.0,6.64,,1.65,3.63,-8.72,15.26,-1.15,5.51,8.2,10.62,31.19,8.11,102.62,5.35,4.46,-0.53,2.78,-0.57,-3.47,-10.26,7.39,8.65,3.95,-0.9,2.23,19.71,10.05,11133000000.0
5711,Mitsubishi Materials Corporation,Basic Materials,6727.27,2.25,16.69,,-1.78,-0.21,-4.7,-4.69,-2.23,5.9,8.75,7.63,6.71,7.43,131.36,3.28,1.89,1.51,3.08,-6.02,27.35,-5.25,3.32,3.64,2.36,1.5,7.69,52.94,10.79,123019000000.0
5713,"Sumitomo Metal Mining Co., Ltd.",Basic Materials,25739.92,2.18,14.76,,0.63,1.07,3.21,-0.41,1.64,3.96,5.81,8.18,4.68,5.98,75.5,10.98,-1.0,6.81,13.08,9.3,10.24,1.57,5.15,5.43,-0.25,2.7,6.6,76.73,15.76,137014000000.0
5714,"Dowa Holdings Co., Ltd.",Basic Materials,5306.78,3.77,8.67,,-5.64,-6.47,15.13,3.33,1.01,0.99,2.42,22.35,9.56,8.59,357.1,4.59,4.75,4.18,5.72,9.83,-5.37,-8.06,4.7,5.14,4.41,4.17,5.72,80.62,12.11,51225000000.0
5715,"Furukawa Co.,Ltd.",Basic Materials,1316.87,1.93,10.78,,-1.11,-5.82,3.1,1.92,-1.28,2.59,0.0,7.97,4.67,3.52,51161.28,5.35,4.85,4.53,4.22,4.9,6.88,-12.11,3.84,4.28,3.89,3.18,4.14,67.93,15.26,21046000000.0
5721,S Crypto Energy Inc.,Industrials,108.41,0.0,,,0.82,-2.35,-1.38,-1.32,-0.97,3.23,-2.34,-1.38,-1.31,-0.16,24.73,-10.13,-46.04,-43.37,-8.62,127.21,-11.73,-47.18,-2.68,-3.7,-10.73,-10.34,-4.86,,38.86,1502265000.0
5724,"Asaka Riken Co.,Ltd.",Basic Materials,155.32,0.38,23.39,,-7.37,2.0,-2.61,1.53,-2.66,2.64,5.15,4.49,5.4,4.09,199.41,5.68,3.68,4.77,9.49,9.01,-3.84,-3.58,3.73,6.2,3.32,4.64,10.21,44.01,31.29,4150929000.0
5726,"OSAKA Titanium technologies Co.,Ltd.",Basic Materials,1078.32,0.54,35.14,,-3.62,-0.05,-0.57,-1.5,-1.41,3.87,2.65,1.95,0.69,2.82,141.7,11.78,19.45,14.99,11.11,-9.56,-6.16,28.43,3.97,4.15,10.5,11.0,6.65,46.47,24.61,4145000000.0
5729,"Nihon Seiko Co., Ltd.",Basic Materials,166.65,5.92,3.95,,39.41,-9.31,-0.1,-3.35,10.0,45.72,-5.52,9.28,1.11,16.49,15.37,14.88,14.29,4.33,5.04,62.3,61.52,-2.1,23.76,37.91,16.02,3.92,4.39,86.21,18.87,6682480000.0
5741,エラー,,,,,,,,,,,,,,,,,,,,,,,,,,,,,,,
5742,"NIC Autotec, Inc.",Basic Materials,41.14,5.53,169.66,,14.14,9.82,5.15,3.23,9.7,14.89,9.98,7.61,6.72,10.83,13.0,-0.21,3.48,-9.85,-2.13,-5.14,36.98,-27.15,-1.44,-1.55,4.21,-11.95,-3.33,68.73,20.32,325632000.0
5753,"Nippon Shindo Co., Ltd.",Basic Materials,55.39,0.77,7.47,,-19.14,4.01,13.85,0.04,-0.43,-17.6,5.4,15.18,2.83,0.99,8.61,8.94,7.02,5.15,5.84,15.4,11.93,-14.33,12.22,12.42,9.35,6.6,8.49,61.72,11.65,246000000.0
5757,"CK SAN-ETSU Co., Ltd.",Industrials,414.04,2.02,11.59,,-2.2,7.23,2.34,2.02,2.46,7.16,12.83,8.93,7.83,9.64,82.7,9.48,8.2,7.12,6.69,19.45,12.27,-10.02,15.06,15.35,11.31,9.93,10.79,72.23,13.63,1292000000.0
575A,"MAEZAWA Holdings CO.,LTD.",Industrials,746.69,3.28,,,,,,,,,,,,,,,,,,,,,,,,,,,0.0,
5801,"Furukawa Electric Co., Ltd.",Industrials,26915.77,0.58,37.08,,-0.89,0.68,-0.31,-0.1,-0.17,1.04,2.22,1.19,1.36,1.48,127.01,4.88,3.91,1.06,1.45,8.8,13.75,-0.92,6.29,6.97,5.01,0.71,1.56,56.32,17.58,70972000000.0
5802,"Sumitomo Electric Industries, Ltd.",Consumer Cyclical,68976.08,1.77,18.68,,2.94,2.93,3.1,1.17,2.99,6.16,5.83,5.7,3.84,5.9,49.18,8.18,6.85,5.15,4.43,9.2,6.29,9.92,9.87,10.62,7.85,5.45,4.27,79.87,20.23,236982000000.0
5803,Fujikura Ltd.,Industrials,82553.23,0.77,52.61,,1.14,1.05,0.89,0.52,1.03,1.61,1.4,1.14,0.7,1.38,25.51,15.96,13.84,8.69,8.7,20.73,22.46,-0.83,23.16,32.2,19.01,11.08,12.7,84.69,28.1,181219000000.0
5805,SWCC Corporation,Industrials,4011.67,0.51,21.26,,2.29,1.38,3.41,-0.19,2.36,4.05,3.27,4.42,1.04,3.91,41.35,9.84,8.8,6.0,5.01,16.76,11.2,2.29,13.92,15.1,8.93,8.6,7.36,70.71,18.23,10764000000.0
5816,"Onamba Co., Ltd.",Industrials,175.12,4.88,11.13,,2.16,4.63,19.9,3.86,8.9,10.32,13.24,25.41,7.75,16.32,55.27,5.85,4.9,5.52,5.79,-0.81,0.1,2.57,5.89,7.77,5.15,7.22,8.6,94.46,20.59,7228236000.0
5817,"JMACS Japan Co., Ltd.",Technology,63.57,1.32,15.86,,19.38,0.93,-12.57,-5.51,2.58,21.05,2.13,-0.8,-0.2,7.46,-469.84,8.17,1.12,1.32,3.19,15.91,-2.67,5.57,4.33,5.89,0.7,0.9,2.53,61.89,27.65,2217755000.0
5819,"Canare Electric Co., Ltd.",Industrials,119.72,3.78,10.04,,13.92,11.02,5.98,-0.78,10.31,14.71,12.16,6.76,6.98,11.21,8.71,12.07,11.22,12.96,10.55,5.91,-3.8,15.27,6.08,11.85,5.27,6.66,5.17,,42.39,9266101000.0
581A,GO Inc.,Technology,2600.65,0.0,28.32,,3.39,1.64,-0.85,,1.39,3.69,1.94,-0.43,,1.73,-24.2,16.99,8.68,-7.97,,31.85,31.22,,34.51,,19.23,-13.02,,89.28,54.08,37180000000.0
5820,"Mitsuboshi Co., Ltd.",Industrials,37.71,1.85,12.95,,9.04,-1.15,-6.52,0.46,0.46,16.64,4.1,3.0,2.78,7.91,163.78,3.03,1.3,0.58,1.56,7.85,5.28,3.85,2.2,2.93,1.15,0.45,2.8,69.6,18.47,2626748000.0
5821,Hirakawa Hewtech Corp.,Industrials,495.9,1.8,30.16,,3.72,4.59,6.26,-0.66,4.86,7.35,7.84,8.47,3.22,7.89,39.01,11.5,7.36,5.69,9.64,24.74,5.03,-8.99,4.97,8.01,4.38,3.53,6.3,90.52,25.85,18064000000.0
5830,"Iyogin Holdings, Inc.",Financial Services,11202.02,2.14,15.42,,-15.23,-15.96,25.28,-33.67,-1.97,-14.37,-14.29,26.46,-32.92,-0.73,-4.39,,,,,25.46,25.04,-5.07,,,,,,,0.0,1167067000000.0
5831,"Shizuoka Financial Group,Inc.",Financial Services,18969.56,3.12,21.6,,-15.45,-28.25,8.33,-4.49,-11.79,-14.38,-27.47,8.96,-3.82,-10.96,-1.08,,,,,40.85,-3.74,10.45,,,,,,,0.0,862461000000.0
5832,"Chugin Financial Group,Inc.",Financial Services,6744.45,2.79,17.03,,9.19,5.2,16.47,-60.24,10.29,10.51,6.96,17.14,-59.82,11.54,13.95,,,,,26.47,11.59,-19.55,,,,,,,0.0,975274000000.0
5834,"SBI Leasing Services Co., Ltd.",Industrials,461.88,4.02,7.77,,-0.01,-57.45,-57.78,-9.83,-38.41,0.03,-57.39,-57.7,8.03,-38.35,46.07,15.14,16.05,9.81,10.17,53.3,-22.59,36.83,6.73,38.53,4.99,5.33,6.83,33.48,21.67,83457000000.0
5838,"Rakuten Bank, Ltd.",Financial Services,11158.2,0.0,15.28,,30.06,15.22,91.28,52.6,45.52,31.75,16.47,92.12,53.3,46.78,4.61,,,,,34.88,32.25,16.01,,,,,,,0.0,4139558000000.0
5842,Integral Corporation,Financial Services,1008.1,1.24,7.87,,-1.45,5.76,5.58,0.38,3.3,-1.37,5.77,5.58,0.38,3.33,-1.94,99.14,119.22,132.56,74.34,-57.23,163.16,105.45,9.22,13.03,29.83,16.98,7.98,87.0,100.0,19277000000.0
5843,"Nippon Insure Co., Ltd.",Financial Services,66.69,2.16,9.97,,4.86,2.18,0.48,3.84,2.51,5.75,2.95,0.96,4.17,3.22,30.48,20.78,12.77,10.18,15.6,16.13,11.9,10.34,17.78,238.54,11.39,12.43,19.84,85.62,64.57,2759797000.0
5844,"Kyoto Financial Group,Inc.",Financial Services,13644.0,2.32,14.37,,-80.91,36.3,-3.1,-103.84,-15.9,-80.36,36.76,-2.69,-103.64,-15.43,-4.81,,,,,140.86,15.97,1.98,,,,,,,0.0,918930000000.0
5845,"Zenhoren Co.,Ltd.",Industrials,321.55,8.85,18.64,,14.14,8.96,9.25,-3.6,10.78,15.99,9.53,10.34,-2.51,11.95,9.38,12.12,9.93,9.08,7.98,2.07,4.68,2.78,24.25,,22.83,25.46,16.06,,69.62,10435000000.0
584A,"LiNKX, Inc.",Technology,169.14,0.0,59.6,,1.68,1.06,,,1.37,1.74,1.1,,,1.42,3.42,24.49,16.7,,,66.07,,,17.6,,9.83,,,,49.65,1334081000.0
5851,Ryobi Limited,Industrials,875.42,3.95,8.26,,-7.63,17.24,11.06,-0.11,6.89,15.86,33.31,29.71,19.18,26.29,86.36,4.1,3.24,4.32,2.79,5.39,3.76,13.29,3.67,4.2,2.49,4.46,2.51,74.05,12.57,31803000000.0
5852,Ahresty Corporation,Industrials,166.6,7.19,4.63,,4.1,2.59,31.24,5.04,12.64,73.68,91.88,109.96,64.39,91.84,87.74,2.24,2.07,1.45,0.02,2.56,2.95,12.29,3.91,4.49,18.39,2.27,-0.09,59.02,10.11,12202000000.0
5857,"ARE Holdings, Inc.",Industrials,3145.57,3.68,12.75,,2.21,1.34,10.05,0.75,4.53,4.67,4.01,11.68,3.53,6.79,44.41,6.18,3.57,3.84,6.16,12.6,57.08,17.52,5.99,7.06,3.03,3.17,4.54,46.95,7.86,62715000000.0
5858,"STG Co., Ltd.",Industrials,25.51,1.69,9.62,,16.93,5.14,-5.6,9.24,5.49,26.95,21.29,9.51,20.38,19.25,90.64,4.95,7.55,5.69,4.19,6.07,22.57,11.92,2.97,3.77,7.02,4.41,3.43,42.47,23.77,1771451000.0
5867,"es Networks Co., Ltd.",Industrials,42.53,3.73,11.7,,4.78,8.68,-1.12,3.08,4.11,4.95,8.81,2.93,3.1,5.56,47.78,8.96,10.24,9.93,7.5,15.86,8.84,2.31,9.13,28.87,12.35,11.4,7.21,81.42,44.4,1468027000.0
5868,Rococo Co. Ltd.,Technology,39.67,3.74,28.85,,15.54,8.05,4.21,10.47,9.27,16.79,8.61,4.67,11.17,10.02,7.91,5.71,5.47,6.69,9.98,17.77,8.75,3.55,9.08,19.53,8.4,8.98,19.89,80.69,34.17,1944955000.0
5869,"Waseda Gakushukenkyukai Co.,Ltd.",Consumer Defensive,127.29,5.17,13.08,,4.46,3.33,4.23,3.1,4.01,9.9,8.0,8.94,5.14,8.95,55.35,,21.37,22.48,20.13,,8.1,5.77,,,15.09,18.64,15.82,,37.84,3769356000.0
5870,Nalnet Communications Inc.,Consumer Cyclical,48.2,3.31,9.53,,15.67,6.99,13.91,5.43,12.19,17.4,8.87,17.16,7.76,14.48,16.7,8.18,5.18,6.87,7.32,16.19,11.34,9.17,10.12,12.69,4.76,5.83,8.79,,29.26,1025200000.0
5871,SOLIZE Holdings Corporation,Technology,74.03,3.97,29.55,,-12.49,-0.8,4.73,8.86,-2.85,-2.81,4.01,6.59,11.71,2.6,-65.52,0.33,2.01,4.41,3.81,13.5,13.11,12.64,-0.65,-1.11,3.05,6.64,5.33,,28.22,4690000000.0
5884,"KURADASHI.Co.,Ltd.",Consumer Defensive,73.21,0.0,108.26,,-1.69,-2.95,-0.92,,-1.85,-0.47,-2.21,-0.29,,-0.99,-169.57,,0.74,-5.64,-3.6,,-1.65,40.34,,,1.05,-20.73,,38.85,46.31,982345000.0
5885,"GDEP ADVANCE,Inc.",Technology,174.28,1.47,22.35,,-8.55,2.71,3.92,3.3,-0.64,-8.32,3.42,4.35,3.34,-0.18,9.35,16.08,12.67,14.99,14.74,4.8,49.97,17.01,21.23,42.57,19.86,18.37,24.32,,24.98,1771944000.0
5888,"Daiwa Cycle Co.,Ltd.",Consumer Cyclical,75.86,2.65,8.28,,3.27,11.29,5.02,2.1,6.53,9.65,15.2,9.07,4.97,11.31,45.49,6.71,7.5,5.2,4.29,15.03,19.62,17.18,14.84,21.81,16.41,10.62,12.2,,43.59,2018176000.0
5889,"Japan Eyewear Holdings Co., Ltd.",Healthcare,547.92,3.71,12.93,,8.47,5.62,4.88,4.77,6.32,9.79,9.6,6.29,5.36,8.56,25.77,31.96,31.97,27.35,20.77,11.84,23.2,26.17,13.31,14.81,14.82,9.83,5.24,55.2,78.71,3054000000.0
5891,"SAKIGAKE Holdings Co.,Ltd.",Industrials,96.2,1.36,,,-1.78,4.64,2.49,7.75,1.78,5.17,9.81,6.47,10.9,7.15,82.9,5.2,7.01,6.42,4.32,19.96,15.96,20.06,5.17,10.24,9.81,7.28,7.33,36.68,70.15,3452275000.0
5892,"yutori, Inc.",Consumer Cyclical,165.62,0.0,49.21,,-0.65,-5.29,2.62,-1.98,-1.11,2.91,-3.25,3.16,-1.76,0.94,25.54,7.62,8.08,8.88,-1.93,71.38,92.26,74.89,10.19,16.93,11.16,18.06,-4.47,26.12,63.14,2484819000.0
589A,"NEIS Co.,Ltd.",Consumer Defensive,59.95,0.0,22.58,,9.08,3.95,,,6.52,11.01,5.29,,,8.15,21.48,10.94,3.37,,,23.0,,,41.27,,6.79,,,,45.63,1075870000.0
5900,"Daiken Co.,Ltd.",Industrials,47.92,2.84,16.19,,-2.01,-6.21,-14.45,2.06,-7.56,11.17,5.86,-3.46,7.42,4.52,2.24,2.23,2.68,4.12,4.06,4.93,1.31,2.66,1.26,1.67,1.55,2.32,2.35,,31.32,3316854000.0
5901,"Toyo Seikan Group Holdings, Ltd.",Consumer Cyclical,6872.71,4.14,12.63,,4.74,6.62,1.56,-12.05,4.31,12.95,13.69,9.4,-2.74,12.01,66.13,5.4,3.71,3.56,0.82,4.41,-2.96,4.93,4.23,4.9,2.91,2.77,0.7,78.06,14.59,123160000000.0
5902,Hokkan Holdings Limited,Consumer Cyclical,339.25,5.11,10.35,,-9.07,6.47,9.4,16.21,2.27,27.69,36.87,21.69,27.4,28.75,90.62,4.15,4.87,4.83,-0.49,-2.01,1.63,-2.91,2.55,2.81,3.48,3.85,-11.99,57.55,23.17,10115000000.0
5905,Nihon Seikan k.k.,Consumer Cyclical,18.42,1.47,,,-11.05,27.39,-21.67,-6.85,-1.78,16.0,48.65,21.0,24.96,28.55,138.65,-2.69,-4.8,2.1,1.95,1.62,-8.07,12.17,-6.36,-8.84,-9.39,2.18,2.14,63.36,9.55,1784682000.0
5906,"MK Seiko Co., Ltd.",Technology,107.51,2.33,4.61,,12.48,2.7,20.23,18.4,11.8,18.52,4.8,22.87,21.11,15.4,29.28,9.14,7.05,7.47,6.2,5.38,-0.72,4.19,9.27,12.21,6.45,5.73,6.24,84.65,34.43,5343216000.0
5909,Corona Corporation,Consumer Cyclical,284.55,2.9,28.69,,-11.86,-6.26,-7.26,8.63,-8.46,-2.57,-1.49,-0.74,12.88,-1.6,-522.23,1.0,1.58,1.65,2.23,0.15,3.86,-3.85,0.82,0.99,1.14,1.31,1.82,,21.52,12950000000.0
590A,"giftee Group, Inc.",Consumer Cyclical,345.13,1.3,38.21,,30.89,-11.0,-11.34,0.76,2.85,32.13,-10.41,-10.82,1.23,3.63,-2.18,18.4,18.25,17.53,7.69,48.1,32.22,53.0,5.31,16.51,-42.69,1.8,0.06,37.41,73.68,16933000000.0
5911,Yokogawa Bridge Holdings Corp.,Industrials,1204.28,4.33,13.87,,31.4,-6.22,-4.97,-6.75,6.74,35.7,-1.8,-1.36,-3.61,10.85,-166.15,9.38,10.46,9.72,9.22,-9.72,-2.87,-0.54,4.68,6.07,7.3,7.28,7.91,69.88,18.15,44492000000.0
5915,Komaihaltec Inc.,Industrials,111.34,2.86,33.62,,42.38,73.5,-77.03,-58.35,12.95,42.38,73.5,-77.03,-58.35,12.95,0.0,1.37,0.71,1.31,0.8,-15.14,-26.78,39.41,0.46,0.53,0.36,0.87,0.67,74.15,13.58,6097000000.0
5918,"The Takigami Steel Construction Co., Ltd.",Industrials,161.8,1.28,16.95,,0.69,8.01,-38.43,-23.11,-9.91,1.3,22.37,-27.08,-11.24,-1.14,23.15,2.06,-1.64,2.68,1.95,-1.7,2.19,25.3,0.58,0.67,-0.5,0.97,0.65,97.11,11.0,7020000000.0
5921,"Kawagishi Bridge Works Co., Ltd.",Basic Materials,121.52,2.04,10.71,,22.79,-15.68,-24.96,10.32,-5.95,26.69,-11.7,-21.25,12.0,-2.09,-12.29,7.73,6.05,5.44,5.63,-12.14,6.03,17.91,4.48,5.05,4.4,3.63,3.13,,11.95,3276502000.0
5922,"Nasu Denki-Tekko Co., Ltd.",Industrials,233.24,2.25,9.39,,9.86,1.66,2.9,2.8,4.81,11.37,7.33,13.76,13.04,10.82,56.53,13.25,12.14,11.35,11.1,3.52,-1.69,5.8,6.14,7.95,5.41,5.68,5.9,92.67,21.84,8218000000.0
5923,"TAKADAKIKO (Steel Construction) CO.,LTD.",Industrials,70.23,4.17,,,41.02,-16.55,-5.53,-46.29,6.31,51.09,-7.79,-0.94,-30.33,14.12,-193.04,-3.11,1.28,6.85,2.35,-22.48,-6.3,23.26,-3.18,-3.53,0.62,3.66,1.25,86.85,9.16,2485920000.0
5928,"Almetax Manufacturing Co., Ltd.",Industrials,30.6,2.76,18.96,,-5.34,-5.44,7.17,10.22,-1.2,9.15,1.79,9.9,12.78,6.95,196.67,0.12,-2.59,-0.34,2.24,-4.94,-11.92,-2.47,0.08,0.1,-1.32,-0.27,1.8,,19.5,1733984000.0
5929,Sanwa Holdings Corporation,Industrials,7263.76,3.79,12.43,,8.45,10.59,9.97,4.74,9.67,8.45,10.59,9.97,4.74,9.67,0.0,11.97,12.16,10.7,9.57,-0.25,8.39,3.9,15.04,22.05,15.6,13.86,13.15,88.83,33.13,125085000000.0
5930,"Bunka Shutter Co., Ltd.",Industrials,1356.13,3.88,10.82,,4.83,4.15,8.12,2.96,5.7,7.38,8.09,11.53,5.54,9.0,37.64,6.59,6.45,6.55,4.86,3.44,3.32,10.99,8.3,11.5,8.13,8.1,7.15,89.05,27.67,37200000000.0
5932,"Sankyo Tateyama,Inc.",Industrials,208.06,3.79,8.33,,-52.14,-48.36,40.59,-37.41,-19.97,25.97,15.46,82.65,-0.82,41.36,254.82,0.43,0.43,1.08,0.72,-0.53,1.81,-4.69,0.99,1.18,3.88,-3.26,0.88,48.61,19.72,29778000000.0
5933,Alinco Incorporated,Technology,217.67,4.13,12.7,,-2.53,-0.96,-17.06,-4.03,-6.85,15.39,24.92,7.74,12.35,16.02,180.18,3.53,3.56,3.08,3.99,1.67,6.44,-4.68,2.24,2.51,2.47,2.1,2.79,53.55,26.19,6625121000.0
5936,"Toyo Shutter Co., Ltd.",Industrials,57.24,4.77,6.9,,3.44,-2.81,26.95,19.65,9.19,3.44,-2.81,26.95,19.65,9.19,0.0,5.83,6.23,6.89,4.18,2.8,-2.87,3.86,6.52,8.48,6.64,8.28,5.21,70.81,26.93,3107547000.0
5938,LIXIL Corporation,Industrials,4969.61,5.22,61.08,,8.02,11.03,-0.98,-8.12,6.02,16.64,20.12,9.66,3.02,15.47,69.05,1.88,1.97,1.1,1.66,0.4,1.45,-0.85,1.27,1.41,0.28,-1.84,1.8,48.1,34.1,123547000000.0
5939,"Otani Kogyo Co.,Ltd.",Industrials,36.46,0.64,12.28,,-19.75,11.75,-1.94,-1.17,-3.31,-7.17,21.49,5.05,3.08,6.46,2.81,5.39,5.99,5.31,3.48,-4.73,-0.15,10.04,6.5,8.59,8.09,7.79,5.0,85.87,20.55,1222598000.0
593A,"Tier IV, Inc.",Technology,1246.34,0.0,,,-6.84,-4.18,,,-5.51,-5.84,-3.67,,,-4.76,-15.52,-163.9,-186.77,,,65.59,,,-69.11,-168.07,-37.43,,,77.99,25.76,8932000000.0
5940,"Fujisash Co.,Ltd.",Industrials,94.17,4.01,4.65,,-36.07,-24.34,33.37,-15.7,-9.01,30.3,-0.79,62.48,16.44,30.66,-910.54,2.74,2.36,1.75,0.72,-3.13,3.45,-0.43,3.77,5.14,4.18,3.3,1.29,45.38,16.48,14176000000.0
5941,"Nakanishi Mfg. Co., Ltd.",Consumer Cyclical,167.78,3.7,7.57,,-3.51,-8.9,23.57,-9.28,3.72,3.33,3.25,25.83,-8.56,10.8,196.13,7.44,6.59,5.37,3.5,2.7,9.1,19.35,8.14,9.4,7.83,7.05,3.69,85.85,26.31,3531115000.0
5942,"Nippon Filcon Co., Ltd.",Industrials,128.72,4.27,,,-0.13,1.97,-4.02,-6.32,-0.73,23.26,15.32,13.87,6.21,17.48,105.56,2.4,3.23,2.26,4.09,-2.78,2.33,7.85,1.92,2.27,1.73,1.35,2.3,67.89,34.3,5189653000.0
5943,Noritz Corporation,Industrials,1011.39,4.24,14.26,,3.71,1.59,-9.48,-2.01,-1.39,9.85,8.52,-1.85,2.38,5.51,-89.86,2.13,1.18,1.9,3.27,-0.08,0.16,-4.3,1.92,2.33,1.14,1.2,3.85,95.07,31.53,25565000000.0
5945,"Tenryu Saw Mfg. Co., Ltd.",Industrials,204.9,3.62,13.59,,8.01,9.29,2.72,2.03,6.67,10.33,12.18,5.8,9.25,9.44,33.11,12.88,13.91,10.41,12.84,2.62,10.02,-11.79,3.12,4.54,3.5,2.56,3.87,,34.06,12228892000.0
5946,"Chofu Seisakusho Co., Ltd.",Consumer Cyclical,673.24,2.32,22.2,,5.09,1.6,5.04,2.63,3.91,7.14,3.84,7.26,4.33,6.08,39.2,3.68,3.79,6.89,5.96,0.82,-4.91,-2.58,0.88,0.97,0.9,1.77,1.65,99.98,22.28,12387000000.0
5947,Rinnai Corporation,Consumer Cyclical,4763.4,3.08,13.27,,7.14,8.42,1.26,-1.54,5.61,10.35,12.07,9.1,4.07,10.51,49.16,10.74,10.0,9.15,9.74,2.19,7.0,1.17,8.17,21.61,8.45,7.63,8.42,97.99,34.8,279773000000.0
5949,Unipres Corporation,Consumer Cyclical,601.2,5.27,8.1,,22.69,26.13,30.94,41.93,26.59,38.47,47.6,47.75,58.66,44.61,40.45,4.23,3.7,3.26,1.23,-2.45,-1.5,10.06,13.59,19.57,7.93,3.71,1.19,78.0,12.68,55934000000.0
5950,"Japan Power Fastening Co.,Ltd.",Industrials,20.8,1.64,55.11,,-3.79,3.3,11.57,-9.67,3.69,1.19,11.22,12.38,-7.65,8.26,165.49,0.21,-1.86,-2.45,1.6,0.47,-1.33,-4.59,0.42,0.63,-2.11,-3.57,1.97,55.5,23.94,1383548000.0
5951,"Dainichi Co., Ltd.",Consumer Cyclical,183.05,2.47,12.15,,6.69,12.92,-1.55,7.98,6.02,11.14,15.42,0.61,11.06,9.06,136.95,9.03,6.94,5.6,6.82,0.91,1.28,-7.36,4.51,8.2,3.66,2.87,4.06,,30.7,13343951000.0
5952,Amatei Incorporated,Industrials,22.52,2.63,15.29,,11.22,15.89,31.35,-16.53,19.49,15.16,20.51,33.83,-7.36,23.17,18.63,4.39,4.28,3.41,2.94,-3.74,0.89,0.89,4.55,5.66,4.52,3.89,2.25,45.36,18.68,672384000.0
5955,"Wise Holdings Co.,Ltd.",Industrials,110.71,1.19,29.96,,8.6,6.02,-0.03,-3.33,4.86,11.47,10.07,8.64,4.61,10.06,55.2,4.57,3.78,2.63,5.44,7.82,-2.88,2.01,2.79,3.94,2.35,1.28,3.67,88.79,19.49,4011279000.0
5956,"Toso Company, Limited",Consumer Cyclical,51.26,2.23,7.65,,-4.47,-2.29,1.52,2.16,-1.75,13.26,8.92,13.48,11.83,11.89,116.05,4.11,3.28,2.24,3.41,2.04,5.48,1.41,4.04,5.3,2.93,1.77,2.4,84.87,41.26,4422486000.0
5957,"Nittoseiko Co.,Ltd.",Industrials,283.84,3.07,11.33,,4.06,9.69,6.98,-0.21,6.91,10.32,13.06,11.1,3.52,11.49,41.2,6.83,7.07,5.84,6.66,6.73,5.2,1.64,5.88,8.05,6.53,5.31,5.66,95.53,23.98,10493823000.0
5958,"Sanyo Industries, Ltd.",Industrials,123.23,5.02,9.16,,-3.36,6.83,19.25,8.11,7.57,7.81,14.77,21.58,9.49,14.72,69.17,6.32,6.98,8.06,6.21,-1.9,-3.18,7.78,5.87,8.9,6.64,8.01,6.21,96.89,29.12,7353000000.0
5959,"Okabe Co., Ltd.",Industrials,415.16,3.39,12.31,,-1.05,1.73,10.65,-2.07,3.78,5.83,8.98,14.94,4.76,9.92,75.81,6.83,6.19,5.22,6.86,2.88,-13.24,1.69,4.62,5.32,4.43,5.45,4.44,90.51,31.13,9021000000.0
5962,"Asaka Industrial Co., Ltd.",Industrials,20.46,2.34,4.99,,0.41,-4.79,-2.87,-1.85,-2.42,4.72,11.44,1.33,2.09,5.83,183.1,3.72,3.61,3.63,3.23,-1.07,-1.56,0.22,3.84,4.96,3.9,4.32,4.07,82.09,27.54,1247367000.0
5965,Fujimak Corporation,Consumer Cyclical,158.06,3.3,3.85,,-5.42,6.55,8.71,-2.28,3.28,5.97,19.87,18.05,1.84,14.63,103.16,6.41,6.97,5.36,3.47,3.94,18.66,18.78,7.27,9.64,7.28,5.49,3.11,82.75,33.38,7652311000.0
5966,"Kyoto Tool Co., Ltd.",Industrials,65.94,2.79,13.13,,3.48,16.28,7.63,2.94,9.13,3.48,16.28,7.63,2.94,9.13,0.0,9.04,9.37,10.05,9.45,-7.87,7.33,0.38,3.74,4.84,4.34,4.13,4.71,93.54,38.66,3081608000.0
5967,"Tone Co., Ltd.",Industrials,95.12,2.88,8.75,,23.06,2.52,-12.6,1.58,4.33,23.74,6.62,-7.99,4.02,7.46,2.35,17.35,13.2,14.84,17.98,3.53,0.17,11.44,5.82,9.06,5.51,6.17,8.6,77.06,41.59,5869902000.0
5969,"Lobtex Co., Ltd.",Industrials,22.43,2.5,18.25,,6.69,7.32,-8.81,-2.83,1.73,9.15,12.9,6.42,1.24,9.49,102.42,3.19,3.61,5.98,8.15,0.06,-3.66,-0.42,1.57,2.13,0.96,3.13,4.47,68.51,29.84,1975711000.0
5970,G-Tekt Corporation,Consumer Cyclical,986.4,4.29,7.33,,-6.02,-9.71,14.09,20.27,-0.55,35.54,22.85,37.98,37.78,32.12,107.44,4.69,4.83,4.71,4.08,-1.72,-1.56,9.64,4.08,4.91,5.04,5.37,4.34,80.53,10.29,48131000000.0
5971,"Kyowakogyosyo Co.,Ltd.",Industrials,111.52,0.91,13.02,,15.63,11.52,5.48,7.14,10.88,17.35,12.72,14.92,9.77,15.0,27.54,10.05,7.83,9.25,7.53,3.55,-4.69,-16.96,4.34,12.06,3.97,5.19,4.98,,20.44,11028766000.0
5973,Toami Corporation,Basic Materials,34.65,2.92,20.03,,31.51,4.09,24.16,-48.86,19.92,45.51,26.06,38.61,-19.47,36.73,50.82,1.18,-0.62,1.84,-0.69,1.59,2.7,14.36,0.98,1.13,-0.03,1.64,-3.02,76.1,16.78,1997797000.0
5974,"Chugokukogyo Co.,Ltd.",Utilities,27.91,2.71,8.91,,15.84,27.66,1.36,-14.62,14.95,25.08,36.44,10.35,-2.9,23.96,49.27,2.4,3.0,1.55,1.73,-0.66,3.83,-0.43,2.97,3.38,4.35,1.72,2.15,82.96,20.08,877000000.0
5975,Topre Corporation,Consumer Cyclical,1680.85,2.94,9.28,,3.09,11.44,9.65,4.44,8.06,20.92,31.08,23.07,15.01,25.02,68.87,7.4,7.67,6.31,2.52,1.4,5.25,22.21,6.13,8.05,7.03,4.22,1.94,85.35,12.56,68849000000.0
5976,"Neturen Co., Ltd.",Basic Materials,472.68,4.86,37.34,,-4.78,3.02,3.52,5.51,0.59,3.75,8.69,8.87,8.23,7.1,117.65,3.25,2.81,2.85,4.17,1.24,0.63,-0.55,2.05,2.73,1.92,2.09,2.21,85.19,19.23,17492000000.0
5981,"Tokyo Rope Mfg. Co., Ltd.",Industrials,299.0,3.7,8.79,,10.36,1.87,7.06,5.19,6.43,18.01,8.08,11.48,10.45,12.52,52.58,7.57,5.7,6.07,4.92,1.95,-2.12,-4.33,6.51,7.32,5.03,4.49,5.72,65.0,23.94,7074000000.0
5982,"Maruzen Co., Ltd.",Industrials,648.81,3.07,12.39,,5.82,6.93,6.06,5.34,6.27,7.41,8.37,7.19,6.31,7.66,18.09,9.94,9.48,8.02,6.22,3.94,6.03,5.33,8.9,31.79,8.76,7.49,5.65,,28.48,37657397000.0
5983,Iwabuchi Corporation,Industrials,143.74,2.35,15.74,,8.61,1.09,0.96,-0.58,3.55,10.55,5.63,2.33,1.74,6.17,52.66,10.77,6.95,7.25,2.3,7.01,7.42,6.19,4.88,7.02,3.25,3.1,1.13,94.72,33.54,6441683000.0
5984,Kanefusa Corporation,Industrials,109.39,2.93,10.6,,0.18,-0.97,-9.7,-4.26,-3.5,10.01,24.12,13.08,20.33,15.74,125.49,5.21,3.7,5.25,6.82,3.54,0.75,-4.92,2.23,2.9,1.32,2.14,3.3,91.15,29.94,7885619000.0
5985,Suncall Corporation,Consumer Cyclical,740.62,1.45,11.92,,13.54,0.88,0.92,2.28,5.11,13.54,0.88,0.92,2.28,5.11,0.0,13.65,5.39,-6.87,0.58,-18.32,24.16,-3.56,13.54,18.62,-7.68,-9.5,0.38,79.75,24.17,12088000000.0
5986,"Molitec Steel Co., Ltd.",Basic Materials,58.92,2.29,5.65,,15.92,-29.86,31.22,-5.38,5.76,15.92,-29.86,31.22,-5.38,5.76,0.0,0.92,0.79,0.51,-0.21,-4.57,-0.54,39.74,1.58,2.07,1.11,0.95,-0.4,76.0,10.17,4987758000.0
5987,ONEX Corporation,Industrials,27.48,1.2,6.93,,19.53,11.02,-2.42,,9.38,30.06,24.2,15.15,,23.14,68.49,,1.13,1.39,2.13,,-7.41,1.17,,,10.96,1.09,,78.15,27.31,2717562000.0
5988,"PIOLAX, Inc.",Consumer Cyclical,411.09,5.42,12.78,,-16.87,8.18,2.02,4.16,-2.22,7.3,19.76,20.35,14.76,15.8,159.85,2.37,3.76,7.37,6.76,-2.06,-1.86,10.49,-0.01,-0.02,1.43,3.27,2.8,73.15,22.13,26344000000.0
5989,"H-One Co.,Ltd.",Consumer Cyclical,421.62,4.68,3.86,,6.27,11.52,10.97,18.16,9.59,67.83,50.0,46.24,52.09,54.69,81.33,6.99,5.2,-8.09,-4.11,-8.1,-1.97,3.2,8.12,9.6,9.79,-16.89,-7.37,51.92,15.64,22695000000.0
598A,"ChatPlus Co.,Ltd.",Technology,65.8,0.62,16.33,,6.08,2.41,,,4.24,6.23,3.03,,,4.63,11.36,,36.15,21.54,,,36.32,,,,75.83,,,,0.0,689358000.0
5990,Super Tool Co. Ltd.,Industrials,45.89,3.11,23.14,,9.55,-26.96,9.1,-13.9,-2.77,11.4,2.88,23.88,-9.43,12.72,371.36,5.29,7.19,7.32,7.5,3.74,-10.46,-16.17,1.7,1.89,7.08,2.66,3.27,92.06,28.23,1132657000.0
5991,"NHK Spring Co., Ltd.",Consumer Cyclical,6995.61,2.1,25.11,,5.08,1.78,4.69,-1.91,3.85,11.07,7.96,9.54,1.95,9.52,60.87,5.6,6.51,4.52,4.16,1.89,4.53,10.63,5.21,6.66,9.14,5.33,5.49,88.73,13.92,108401000000.0
5992,"Chuo Spring Co.,Ltd.",Consumer Cyclical,938.33,2.44,7.56,,-1.35,1.4,-1.15,-1.49,-0.37,7.34,10.15,6.11,2.5,7.87,107.79,2.57,3.98,1.06,0.38,0.65,9.09,8.85,1.81,2.56,3.28,0.66,0.24,79.27,11.69,32268738000.0
5994,"Fine Sinter Co., Ltd.",Industrials,42.58,2.97,,,49.85,-39.77,-17.34,-45.12,-2.42,111.78,19.13,111.43,42.95,80.78,159.61,2.59,1.6,0.97,-2.62,8.16,0.78,6.85,5.03,6.17,-0.58,2.62,-2.78,45.09,14.17,5851277000.0
5997,Kyoritsu Air Tech Inc.,Industrials,43.08,2.25,9.63,,-2.49,12.65,13.29,-0.5,7.82,6.58,22.99,17.42,9.75,15.66,68.84,5.01,5.84,5.82,4.75,1.63,-1.39,12.27,3.65,5.63,4.29,4.41,3.4,84.59,24.42,4147633000.0
5998,Advanex Inc.,Industrials,116.09,1.74,11.31,,-7.95,-14.56,12.48,-8.01,-3.34,18.97,4.38,17.65,2.41,13.67,201.05,4.46,3.89,1.38,0.25,4.02,7.47,7.8,4.59,5.92,10.99,0.79,0.04,40.31,24.7,5640993000.0
6005,"Miura Co., Ltd.",Industrials,3703.98,1.34,13.21,,10.04,7.37,4.82,4.1,7.41,11.46,9.21,5.62,4.82,8.76,15.57,11.51,10.08,14.44,13.85,6.91,57.39,0.83,8.49,12.35,8.84,8.95,9.09,91.29,37.82,82810000000.0
6013,"Takuma Co., Ltd.",Industrials,2177.07,3.59,16.37,,10.72,-3.05,-8.14,12.07,-0.16,11.32,-1.87,-5.61,14.79,1.28,-34.35,9.31,8.96,6.86,9.69,9.57,1.34,4.57,9.37,14.54,7.95,6.58,9.41,99.79,23.71,40325000000.0
6016,Japan Engine Corporation,Industrials,1011.9,0.83,21.25,,-0.29,2.3,-0.37,1.42,0.55,2.52,6.67,0.39,2.47,3.19,124.63,18.37,17.64,10.44,2.9,2.93,37.64,37.52,18.42,24.47,21.95,13.11,5.29,63.41,32.81,5433692000.0
6018,"The Hanshin Diesel Works, Ltd.",Industrials,197.75,1.52,26.99,,-0.96,4.99,1.07,3.03,1.7,2.09,8.05,5.58,5.95,5.24,88.28,5.87,4.59,5.72,6.07,5.18,38.4,6.31,4.13,5.98,3.22,2.71,2.76,,20.88,4836165000.0
6022,Akasaka Diesels Limited,Industrials,38.94,1.02,20.91,,8.0,-13.68,7.2,11.43,0.51,8.0,-13.68,7.2,11.43,0.51,0.0,-2.26,0.24,-0.16,1.71,6.22,-1.11,20.32,-1.26,-1.37,0.12,-0.1,0.98,66.44,15.94,1037647000.0
6023,"Daihatsu Infinearth Mfg.Co.,Ltd",Industrials,848.14,2.46,14.32,,-2.92,3.33,2.41,1.51,0.94,10.74,11.03,5.5,5.29,9.09,84.37,8.66,8.6,6.35,4.99,-0.81,8.57,13.4,8.29,12.55,9.86,6.48,4.5,68.82,24.23,23330000000.0
6027,"Bengo4.com,Inc.",Industrials,1163.61,0.0,77.13,,0.62,0.59,0.39,-0.0,0.53,1.39,1.18,1.0,0.39,1.19,55.42,13.54,9.87,10.92,12.51,15.75,24.27,30.0,15.22,49.87,10.21,10.36,18.81,59.38,78.74,7669127000.0
6029,Artra Group Corporation,Healthcare,19.99,0.0,20.28,,9.86,6.12,4.71,-14.45,6.9,13.77,10.05,10.89,-6.63,11.57,41.41,3.59,0.13,1.14,0.06,-7.26,-5.85,-3.72,5.49,9.32,0.36,1.26,0.01,69.04,34.3,1128639000.0
6030,"Adventure, Inc.",Consumer Cyclical,123.24,1.68,27.09,,6.24,20.2,24.03,,16.82,6.95,24.67,24.34,,18.65,9.86,6.65,14.48,17.34,,11.8,69.91,,3.81,217.64,12.97,10.3,,47.37,67.31,18254358000.0
6031,Zeta Inc.,Technology,57.76,1.57,35.87,,4.46,6.28,2.74,1.38,4.49,5.08,7.1,3.08,1.64,5.09,11.53,21.31,16.26,28.66,15.62,-21.18,35.55,-28.63,9.58,25.16,10.63,16.4,11.43,30.09,82.01,1652661000.0
6033,"Extreme Co.,Ltd.",Communication Services,93.71,3.94,8.23,,7.97,14.59,7.16,10.51,9.91,8.79,16.35,8.13,10.75,11.09,10.67,12.21,13.39,10.74,11.62,4.06,10.95,15.9,13.85,34.68,16.64,13.21,14.62,89.27,30.36,4535063000.0
6034,MRT Inc.,Healthcare,31.58,0.0,58.22,,10.78,13.64,-9.0,140.31,5.14,13.23,15.93,-6.13,142.86,7.68,-4.62,2.29,-2.88,15.42,34.07,0.62,-22.96,-38.12,0.92,1.7,-2.39,10.4,43.54,91.55,67.89,2232498000.0
6035,"IR Japan Holdings, Ltd.",Industrials,134.11,4.21,14.92,,9.16,3.67,11.34,1.94,8.06,11.55,5.76,13.62,4.61,10.31,24.61,20.91,17.38,18.93,18.56,6.19,2.11,-5.8,14.03,68.29,11.87,13.74,11.17,97.0,79.4,5023575000.0
6036,"KeePer Technical Laboratory Co., Ltd.",Basic Materials,959.28,2.86,9.75,,3.99,3.3,2.61,1.92,3.3,6.1,5.5,3.82,3.36,5.14,35.51,30.74,29.65,32.13,30.13,12.24,20.72,18.7,24.96,31.76,30.5,35.08,36.09,95.08,52.31,4172742000.0
6037,"RAKUMACHI,Inc.",Communication Services,202.35,1.47,14.58,,3.21,4.5,3.0,,3.57,3.28,4.64,3.32,,3.75,4.87,,44.87,53.77,54.04,,12.96,11.58,,,14.76,17.41,,,101.95,1221431000.0
6038,"IID, Inc.",Communication Services,40.99,2.87,13.14,,11.07,18.33,7.17,15.5,12.19,11.98,20.18,8.63,15.78,13.6,11.2,7.56,8.55,9.37,11.45,-0.66,0.87,8.93,5.52,19.2,5.09,7.58,11.22,93.84,45.29,3596433000.0
6039,"Japan Animal Referral Medical Center Co., Ltd.",Consumer Cyclical,129.5,1.28,15.67,,-8.19,3.16,-1.2,0.53,-2.08,10.78,10.6,6.95,6.26,9.44,121.16,18.57,13.66,11.64,14.99,17.33,23.59,10.26,8.36,9.94,6.84,4.45,5.39,49.0,40.49,1592885000.0
603A,i GRID SOLUTIONS Inc.,Utilities,315.78,0.0,16.28,,4.65,-0.84,,,1.91,14.1,14.68,,,14.39,86.36,13.94,13.69,6.63,,12.03,19.12,,8.95,12.22,7.99,5.39,,,27.42,7298788000.0
6040,"Nippon Ski Resort Development Co.,Ltd.",Consumer Cyclical,210.97,1.53,9.98,,-3.67,0.93,2.75,,0.0,9.33,7.53,5.77,,7.54,93.1,,18.83,15.02,4.56,,19.52,23.87,,,19.49,15.7,,64.11,44.52,3141302000.0
6042,"Nikki Co., Ltd.",Consumer Cyclical,71.55,3.08,7.49,,-37.44,-13.19,-37.44,-34.08,-29.36,26.81,-6.17,26.81,11.2,15.82,121.81,11.93,10.59,9.66,13.28,10.87,-10.64,6.28,3.8,4.82,2.98,3.3,4.98,64.18,32.02,4623611000.0
6044,Sanki Service Corporation,Industrials,122.02,1.59,14.29,,1.1,6.67,7.75,-8.85,5.17,1.97,7.09,8.51,-8.75,5.86,19.72,4.82,4.95,3.79,3.9,17.53,6.2,31.88,14.27,23.2,12.7,9.8,8.28,94.29,20.89,2292233000.0
6045,"Rentracks CO.,LTD.",Communication Services,162.23,1.24,6.31,,-2.75,9.68,3.82,-2.36,3.58,-2.72,9.73,3.86,-1.84,3.62,0.08,23.68,29.57,19.83,33.25,14.95,17.22,-0.05,8.12,13.22,9.34,5.54,10.5,50.65,61.5,4347814000.0
6046,Linkbal Inc.,Communication Services,29.28,0.0,,,-5.12,-3.91,-11.78,-9.21,-6.94,-4.15,-3.83,-7.98,-9.2,-5.32,-24.42,-9.82,-12.8,-27.98,-39.76,-6.39,8.64,16.49,-9.49,-1683.4,-11.16,-20.4,-20.9,88.41,75.98,914254000.0
6047,Gunosy Inc.,Technology,78.97,3.36,184.29,,7.61,-0.33,-2.61,-5.48,1.56,8.62,-0.33,-2.61,-5.48,1.89,3.92,2.89,9.45,0.97,-3.34,5.62,-16.97,-8.79,-0.17,-0.34,1.31,1.0,-3.4,99.34,45.78,5436000000.0
6049,ItoKuro Inc.,Communication Services,49.91,0.0,21.12,,15.93,-9.58,21.54,-16.33,9.3,16.02,-9.18,21.89,-14.36,9.58,-0.73,7.1,-4.96,9.83,-4.99,-7.1,0.21,-0.37,1.32,6.47,-2.68,2.39,-2.19,99.16,88.88,7336932000.0
604A,"beABLE CO.,LTD.",Real Estate,148.32,2.74,15.33,,-2.89,10.43,,,3.77,-2.06,12.37,,,5.15,-12.3,7.47,8.65,,,3.5,,,6.52,7.77,8.01,,,,23.78,1197283000.0
6050,E-Guardian Inc.,Technology,210.12,2.1,29.68,,4.59,8.04,5.31,6.71,5.98,4.97,8.29,6.01,7.88,6.42,7.45,13.29,14.97,14.94,19.34,-0.62,-4.34,1.33,7.84,88.56,9.65,17.58,25.73,,29.04,10986379000.0
6054,Livesense Inc.,Communication Services,30.88,0.0,266.67,,-21.2,8.57,-0.19,23.68,-4.27,-21.13,8.57,0.11,23.68,-4.15,92.49,-6.54,1.73,8.58,5.97,-10.77,11.78,18.84,0.36,2.81,1.98,11.72,10.64,,74.65,3639547000.0
6055,"JAPAN MATERIAL Co., Ltd.",Industrials,2373.06,1.51,22.42,,3.74,5.07,0.15,0.81,2.99,4.05,5.98,1.78,2.0,3.94,38.19,25.25,21.24,15.97,23.85,10.06,8.41,4.42,16.55,25.23,14.51,11.48,17.8,99.79,34.08,21618000000.0
6058,Vector Inc.,Communication Services,905.26,1.88,17.7,,10.23,5.13,3.92,1.05,6.43,11.43,6.27,4.92,1.61,7.54,16.33,14.29,13.55,11.72,11.36,7.66,0.07,7.22,22.34,125.41,19.16,16.5,17.38,76.08,66.86,23894000000.0
6059,"UCHIYAMA HOLDINGS Co.,Ltd.",Healthcare,71.41,2.72,24.1,,-4.82,-11.22,15.26,-34.5,-0.26,9.6,3.57,27.82,0.1,13.66,203.31,1.87,0.72,2.04,-2.97,1.62,0.91,7.18,0.84,1.44,2.32,0.59,-10.56,52.86,7.1,11191102000.0
6061,"UNIVERSAL ENGEISHA Co., Ltd.",Consumer Cyclical,292.88,0.41,19.73,,6.37,4.55,3.76,,4.89,7.29,5.39,5.09,,5.92,18.08,,14.08,15.3,16.03,,22.02,19.11,,,13.0,14.79,14.07,93.85,63.37,0.0
6062,Charm Care Corporation,Healthcare,388.75,3.37,11.68,,-2.86,16.76,-4.16,3.44,3.25,9.6,27.1,1.28,10.15,12.66,197.97,8.24,11.26,11.08,7.94,-2.42,26.24,30.33,7.62,10.45,12.29,9.86,6.5,69.04,15.52,9149000000.0
6063,"Emergency Assistance Japan Co., Ltd.",Healthcare,25.39,0.9,18.56,,10.18,-3.51,-1.22,33.62,1.82,11.65,-1.57,-0.22,36.24,3.29,-190.93,2.59,1.79,4.82,11.49,27.71,-19.18,-42.34,2.73,17.02,1.34,4.1,18.02,64.52,23.47,2491423000.0
6069,"Trenders, Inc.",Communication Services,52.69,5.3,24.28,,42.8,-4.0,15.56,-1.12,18.12,43.63,-3.62,17.39,-0.0,19.13,0.65,8.78,15.97,13.9,11.13,33.7,9.13,-37.57,2.74,5.86,9.15,8.67,17.63,41.16,49.14,5490158000.0
6070,"Careerlink Co., Ltd.",Industrials,305.35,4.73,11.79,,7.71,8.55,20.48,-4.6,12.25,8.35,8.88,22.16,-3.96,13.13,6.28,8.73,6.67,7.49,14.48,10.51,-7.75,-16.65,16.18,51.22,11.87,14.36,39.23,96.73,22.23,11316883000.0
6071,"IBJ, Inc.",Consumer Cyclical,337.53,4.16,15.19,,6.18,2.55,3.01,4.04,3.91,7.85,3.88,10.42,6.34,7.38,42.18,17.89,14.54,12.64,13.54,13.72,0.51,19.93,12.64,24.27,13.28,11.9,14.21,49.78,92.51,9216299000.0
6072,"Jibannet Holdings Co., Ltd.",Industrials,241.58,0.0,121.56,,0.05,0.16,-0.19,0.49,0.01,0.2,0.28,-0.02,0.61,0.15,-277.71,1.11,5.83,-2.6,4.7,70.06,0.03,-18.67,2.09,3.22,7.39,-5.16,5.43,88.95,42.48,568192000.0
6073,Asante Incorporated,Consumer Cyclical,146.01,4.15,59.88,,2.58,7.67,3.07,8.25,4.44,2.58,7.67,3.07,8.25,4.44,0.0,5.82,8.74,6.91,9.76,2.36,2.42,-3.17,3.47,7.95,6.15,3.77,7.15,79.59,68.57,6751814000.0
6074,JSS Corporation,Consumer Cyclical,20.81,4.09,8.58,,28.04,1.11,8.08,37.0,12.41,32.96,5.96,11.43,38.58,16.78,41.92,5.08,3.01,4.8,5.27,1.9,3.08,0.72,5.81,7.42,3.5,5.82,5.65,63.06,17.07,1132065000.0
6078,"Value HR Co.,Ltd.",Healthcare,421.7,1.72,57.14,,1.81,3.51,2.3,3.69,2.54,3.74,4.79,3.19,4.42,3.91,35.4,8.77,13.34,19.52,19.36,20.2,17.96,15.11,5.14,8.86,6.4,7.47,6.56,55.36,28.94,4996869000.0
607A,"every,Inc.",Communication Services,58.27,0.0,13.74,,-1.71,-10.31,,,-6.01,-1.41,-10.07,,,-5.74,-11.8,-0.57,-19.13,,,26.53,,,-1.47,-54.54,-34.95,,,,62.53,1741443000.0
6080,"M&A Capital Partners Co.,Ltd.",Financial Services,1352.18,3.39,23.26,,6.99,3.56,2.56,6.23,4.37,7.05,3.63,3.51,6.29,4.73,9.89,31.75,33.9,35.73,46.91,17.12,-8.08,0.7,10.81,3458.92,10.24,10.06,20.73,95.53,63.05,46248673000.0
6081,"Allied Architects, Inc.",Communication Services,25.85,0.0,5.49,,-36.27,-7.73,-10.04,9.4,-18.01,-33.3,-4.13,-4.59,13.11,-14.01,-71.6,-6.3,-13.28,3.61,22.34,-13.65,-14.64,-10.83,-11.51,-36.8,-17.68,295.51,20.97,85.84,67.73,1528242000.0
6082,"RIDE ON EXPRESS HOLDINGS Co., Ltd.",Consumer Cyclical,96.61,1.52,13.86,,3.45,2.03,11.08,3.47,5.52,7.99,6.12,14.01,7.71,9.37,48.21,3.69,3.34,4.45,4.94,1.88,-2.51,-5.36,4.54,13.4,4.25,5.62,7.19,77.8,46.74,7700385000.0
6083,"ERI Holdings Co., Ltd.",Industrials,374.43,2.62,11.96,,13.21,2.1,4.02,3.73,6.44,13.21,2.1,4.02,3.73,6.44,0.0,20.01,10.35,11.05,13.36,24.99,9.67,3.51,29.98,125.74,14.25,15.37,20.71,77.96,37.52,8279023000.0
6085,Architects Studio Japan Inc.,Industrials,131.95,0.0,,,-0.97,-1.9,-2.75,-1.76,-1.87,-0.64,-1.55,-2.42,-1.6,-1.54,-29.49,-12.51,-36.52,-63.02,-35.39,51.38,7.04,-24.87,-8.07,-9.47,-70.44,-86.11,-31.49,,67.6,211375000.0
6086,"Shin Maint Holdings Co.,Ltd.",Industrials,194.11,2.13,15.68,,8.5,6.35,5.97,3.43,6.94,9.54,7.39,6.73,3.95,7.89,12.12,6.2,5.97,5.62,5.43,16.49,15.0,15.18,25.59,651.4,26.16,20.71,20.28,96.09,22.9,4656726000.0
6087,"ABIST Co.,Ltd.",Industrials,140.26,2.87,18.71,,1.52,3.68,5.46,4.73,3.55,3.17,4.08,5.9,5.08,4.38,23.14,8.97,9.03,7.71,8.25,6.25,5.19,2.43,8.99,20.37,8.55,12.66,5.89,,27.62,4143252000.0
6088,SIGMAXYZ Holdings Inc.,Industrials,474.18,4.41,12.36,,5.97,10.43,6.39,4.1,7.6,6.97,11.37,6.58,4.4,8.31,8.48,25.45,21.45,18.89,18.66,-9.37,17.33,29.28,29.23,47.23,29.8,23.86,20.08,71.8,49.45,5440119000.0
6089,"Will Group, Inc.",Industrials,268.31,3.77,11.59,,16.36,5.39,11.28,16.47,11.01,18.47,6.73,14.27,17.95,13.16,17.46,2.23,1.67,3.27,3.7,5.12,1.07,-3.96,8.78,12.79,5.11,12.58,14.43,79.17,22.06,8223000000.0
6090,"Human Metabolome Technologies, Inc.",Healthcare,32.75,5.86,16.48,,3.82,6.86,6.19,5.13,5.62,6.37,11.41,7.23,8.7,8.34,31.4,14.76,17.15,16.36,16.24,-2.27,8.12,3.57,9.7,38.61,11.79,9.48,12.81,94.67,61.08,1444180000.0
6091,Wesco Holdings Inc.,Industrials,129.22,8.06,14.02,,4.24,1.9,0.77,,2.3,5.71,3.66,3.08,,4.15,49.65,,5.99,5.72,5.67,,0.85,-0.5,,,3.73,3.61,,99.67,26.56,9235187000.0
6092,"EnBio Holdings, Inc",Industrials,66.48,2.92,25.0,,1.71,-21.75,8.79,12.4,-3.75,17.55,0.32,25.02,29.92,14.3,2380.27,12.82,7.86,8.51,16.72,18.39,11.41,17.92,2.24,2.81,2.62,3.31,5.58,47.75,29.2,4036000000.0
6093,"MITRA Group, Inc.",Industrials,70.12,3.68,37.1,,2.8,5.61,5.38,3.0,4.6,5.48,9.84,7.13,4.69,7.48,38.82,6.37,10.17,11.02,6.3,7.1,14.57,11.53,5.37,20.12,9.4,8.55,2.51,95.89,42.27,2642156000.0
6094,"FreakOut Holdings, inc.",Communication Services,91.05,0.0,6.21,,-6.99,-35.99,22.1,5.49,-6.96,-0.4,-29.65,27.03,9.63,-1.01,-547.18,0.09,0.0,5.26,4.59,-2.68,68.97,5.66,0.09,0.24,0.01,3.9,6.06,48.64,27.95,17626524000.0
6098,"Recruit Holdings Co., Ltd.",Communication Services,226871.85,0.16,47.05,,2.4,2.05,1.59,1.65,2.01,2.69,2.36,1.93,1.94,2.33,13.76,17.05,13.79,11.78,10.04,3.93,4.13,-0.38,29.84,58.77,23.47,16.72,15.3,90.91,59.18,801275000000.0
6099,Elan Corporation,Healthcare,441.53,2.19,14.07,,7.13,8.16,3.59,2.8,6.29,9.75,10.19,4.03,3.58,7.99,19.25,7.71,7.52,8.85,9.35,16.7,14.7,14.23,18.92,34.29,18.89,23.19,25.88,95.57,21.41,6845410000.0
6101,Tsugami Corporation,Industrials,2435.0,1.9,35.22,,2.77,3.86,2.91,1.34,3.18,3.64,4.88,3.41,2.59,3.98,19.73,9.64,-0.29,15.6,17.65,-6.08,-67.57,-11.62,2.49,4.73,-0.09,10.58,16.08,92.91,29.95,42242000000.0
6103,Okuma Corporation,Industrials,2716.0,2.63,22.43,,-2.42,1.55,-2.81,2.5,-1.23,8.77,6.55,1.93,5.91,5.75,149.78,6.57,7.08,11.12,10.9,14.05,-9.29,0.16,4.25,5.29,4.0,7.93,8.84,91.35,29.38,53014000000.0
6104,"Shibaura Machine Co.,Ltd.",Industrials,1107.86,3.02,107.53,,-10.23,4.87,5.5,-1.55,0.05,-7.82,7.52,8.4,0.84,2.7,12.97,3.29,8.38,8.48,4.68,-21.03,4.69,30.4,0.98,1.47,7.79,7.85,5.56,91.98,31.14,42890000000.0
6113,"Amada Co., Ltd.",Industrials,7655.03,2.57,25.37,,6.33,4.57,4.12,0.0,5.01,7.59,6.03,6.22,3.26,6.61,24.83,10.24,12.37,14.0,13.64,10.26,-1.69,10.34,4.89,6.67,6.15,7.39,6.79,87.04,40.59,164308000000.0
6118,"Aida Engineering, Ltd.",Industrials,655.83,3.27,15.37,,9.81,8.56,2.31,-5.34,6.89,12.5,9.93,4.83,-1.72,9.09,29.21,7.24,7.28,4.97,2.24,3.47,4.49,5.74,4.29,7.45,5.16,2.81,1.27,95.3,22.31,38523000000.0
6125,"Okamoto Machine Tool Works, Ltd.",Industrials,317.6,3.33,25.71,,-2.84,-18.84,-6.59,-1.53,-9.42,11.48,-6.65,2.93,8.45,2.59,88.93,3.57,6.9,12.22,12.3,-2.79,-12.88,10.27,2.15,2.97,4.21,10.98,13.47,84.94,26.9,14827000000.0
6134,Fuji Corporation,Industrials,6553.04,2.57,40.46,,-0.37,1.36,2.37,0.34,1.12,1.4,3.57,4.61,1.98,3.19,79.01,16.21,10.82,10.56,17.68,41.81,0.26,-17.13,8.06,10.55,4.23,4.09,8.4,,36.69,54922000000.0
6135,"Makino Milling Machine Co., Ltd.",Industrials,3668.1,0.47,17.53,,4.07,-0.37,0.91,-0.95,1.54,9.06,3.7,3.52,0.8,5.43,79.79,9.59,7.91,7.26,7.67,11.51,3.93,-1.15,6.03,7.97,4.79,4.87,5.78,83.38,31.52,75176000000.0
6136,OSG Corporation,Industrials,2928.61,4.29,16.03,,3.97,4.22,4.16,3.86,4.12,9.01,9.75,7.97,6.89,8.91,53.5,12.66,12.13,13.41,15.37,3.28,5.29,3.63,6.24,8.13,6.18,6.72,8.46,82.21,40.98,52351000000.0
6137,"Koike Sanso Kogyo Co.,Ltd.",Industrials,324.68,3.26,9.38,,5.69,7.01,8.9,13.88,7.2,12.58,11.29,13.14,17.38,12.34,41.66,8.72,9.88,8.41,6.89,0.66,7.43,7.34,6.53,9.58,7.96,6.7,5.48,87.24,31.66,16785000000.0
6138,"Dijet Industrial Co., Ltd.",Industrials,58.63,7.05,7.41,,6.7,14.2,7.65,4.6,9.52,18.72,23.96,12.25,11.81,18.31,47.52,6.98,2.49,1.34,3.28,5.67,5.38,-5.21,4.32,4.83,1.75,-0.79,2.16,64.67,37.9,1457364000.0
6140,"Asahi Diamond Industrial Co., Ltd.",Industrials,541.01,3.01,27.45,,4.54,1.42,-3.39,5.69,0.86,10.0,10.66,5.25,9.2,8.64,102.0,5.73,5.64,3.95,6.37,2.38,6.09,-1.7,2.21,2.91,2.54,1.71,3.05,93.55,28.15,16156000000.0
6141,"DMG Mori Co., Ltd.",Industrials,4579.2,3.63,59.94,,-0.77,0.17,2.0,6.25,0.47,5.67,9.74,11.27,15.23,8.89,98.05,3.6,7.88,10.09,8.53,-5.01,1.18,13.48,2.6,2.88,6.45,10.46,8.64,74.18,63.11,46117000000.0
6143,"Sodick Co., Ltd.",Industrials,850.32,1.72,13.24,,5.71,8.05,-6.28,-0.78,2.49,8.41,11.72,-0.02,4.17,6.7,-12657.44,5.24,3.03,-4.19,7.22,9.37,9.67,-16.55,2.59,4.21,1.5,-4.72,3.86,74.11,35.01,49064000000.0
6144,"Seibu Electric & Machinery Co., Ltd.",Industrials,423.99,3.17,12.1,,5.93,-5.1,3.59,-4.56,1.47,8.14,1.28,8.75,3.15,6.06,195.36,10.68,9.57,8.71,8.47,17.73,4.4,12.17,8.77,12.46,7.29,6.32,6.08,98.84,29.84,10100000000.0
6145,"Nittoku Co.,Ltd.",Industrials,451.9,3.08,13.15,,7.36,-1.89,-0.52,2.2,1.65,9.08,0.11,1.16,2.76,3.45,656.62,12.82,3.37,13.52,10.51,27.49,8.0,4.56,7.77,13.18,1.91,6.45,6.38,83.46,30.45,20132000000.0
6146,Disco Corporation,Technology,58811.2,1.03,43.46,,1.67,0.91,1.38,1.15,1.32,2.27,2.05,1.66,1.39,1.99,32.88,42.34,42.42,39.5,38.86,11.08,27.88,8.24,23.22,45.01,25.0,21.97,23.34,,70.15,284575000000.0
6147,"Yamazaki Co., Ltd.",Industrials,7.81,5.56,,,43.89,-10.33,-21.39,1.67,4.06,59.72,5.38,2.15,18.78,22.42,471.1,-11.17,2.51,-3.91,-8.6,-24.76,23.95,-5.99,-10.62,-15.51,1.72,-4.47,-8.1,32.85,10.91,795917000.0
6149,"Odawara Engineering Co., Ltd.",Industrials,129.61,3.17,6.4,,-10.46,18.93,27.62,11.52,12.03,0.84,25.37,29.4,15.37,18.54,459.78,16.73,8.83,13.68,6.87,38.42,-10.39,4.38,11.98,22.64,4.72,9.22,4.04,,32.36,8725222000.0
6150,"Takeda Machinery Co., Ltd.",Industrials,25.69,2.86,8.62,,16.21,-25.64,47.02,-5.17,12.53,21.41,-22.85,49.31,-3.21,15.96,5.59,8.52,8.82,11.65,8.18,3.85,-10.5,16.54,4.22,5.49,4.16,6.67,4.52,82.0,29.25,1491971000.0
6151,"Nitto Kohki Co., Ltd.",Industrials,330.51,1.82,15.38,,-9.32,-10.15,-10.93,3.76,-10.13,12.56,8.2,6.98,6.96,9.25,218.22,4.34,8.6,9.91,13.06,0.12,0.68,-3.63,1.25,1.69,2.26,3.18,4.23,97.64,41.98,16219000000.0
6155,"Takamatsu Machinery Co., Ltd.",Industrials,58.49,1.84,,,7.56,20.5,-10.94,-36.54,5.71,9.47,24.74,-3.98,1.64,10.08,-45.77,-0.51,-1.15,-2.73,3.1,-8.43,-2.05,-14.94,-1.08,-1.58,-5.92,-1.95,2.19,93.44,25.91,5556000000.0
6156,A-One Seimitsu Inc.,Industrials,93.11,10.89,46.39,,1.12,3.79,4.52,,3.14,3.68,4.54,6.51,,4.91,38.86,,10.28,15.7,23.18,,-8.76,-6.04,,,1.33,2.16,,,35.08,5917303000.0
6157,"NS Tool Co., Ltd.",Industrials,192.55,3.67,14.04,,8.58,9.87,6.6,4.82,8.35,11.11,10.45,9.53,8.38,10.36,19.66,20.64,18.74,20.66,21.84,0.67,4.32,-6.38,7.86,16.94,6.82,7.3,8.57,,55.42,9567559000.0
6158,"Waida Mfg. Co.,Ltd.",Industrials,66.79,3.52,24.51,,7.52,7.72,12.01,-15.52,9.08,11.12,13.74,17.0,-4.23,13.95,35.18,3.83,9.39,12.86,15.25,-11.85,0.2,-0.56,1.71,3.08,4.01,6.55,8.34,96.11,37.56,4880238000.0
6159,"Micron Machinery Co., Ltd.",Industrials,87.55,0.62,13.66,,17.69,-2.39,7.91,2.86,7.74,19.9,0.54,10.61,4.42,10.35,193.8,10.89,8.28,8.72,7.6,23.05,-9.3,-0.4,3.16,7.32,1.92,2.33,2.03,97.4,36.16,7915714000.0
6161,Estic Corporation,Industrials,105.36,2.96,9.06,,-3.52,18.77,-3.09,3.42,4.05,5.62,19.54,3.58,5.89,9.58,117.7,19.6,20.78,20.91,22.1,1.93,10.57,6.09,9.92,13.07,11.15,11.86,12.9,,44.66,2733056000.0
6165,"Punch Industry Co., Ltd.",Industrials,152.0,3.65,17.82,,4.9,7.47,2.39,8.38,4.92,12.27,14.94,8.39,16.84,11.87,60.54,4.83,4.13,3.23,5.69,3.13,6.46,-10.41,3.94,5.28,3.94,31.73,7.54,90.43,26.88,6641000000.0
6166,"Nakamura Choukou Co., Ltd.",Industrials,70.75,0.0,25.6,,5.35,1.1,-15.98,-7.94,-3.18,5.57,1.74,9.09,-1.16,5.47,105.47,-5.91,0.29,-22.06,1.0,4.81,9.44,-27.36,-15.31,-342.0,0.25,-3.71,1.53,95.55,23.24,1083629000.0
6167,"Fuji Die Co.,Ltd.",Industrials,197.74,3.97,34.79,,1.24,5.5,1.05,-2.83,2.6,5.86,9.1,10.37,3.92,8.44,69.46,4.71,2.94,4.85,6.7,5.13,-0.5,-2.92,2.6,3.99,1.66,2.78,3.96,99.87,26.47,7130000000.0
6171,C.E.Management Integrated Laboratory Co.Ltd,Industrials,53.18,3.21,10.77,,4.84,8.65,16.92,5.37,10.14,9.22,12.91,17.91,6.2,13.35,28.68,8.71,7.91,6.47,7.6,4.76,0.27,4.68,7.94,13.2,6.46,4.5,6.05,90.43,38.97,2223659000.0
6176,Brangista Inc.,Communication Services,149.91,2.86,6.95,,3.63,1.5,3.83,-1.27,2.99,4.02,1.85,4.12,-1.0,3.33,11.8,22.16,19.73,13.25,7.62,7.76,5.78,35.66,11.46,15.55,15.8,19.89,8.47,91.71,72.41,1767883000.0
6177,AppBank Inc.,Communication Services,21.7,0.0,,,-8.32,-11.05,-14.13,-10.07,-11.17,-8.27,-10.49,-13.84,-9.97,-10.87,-2.67,-13.76,-23.64,-60.17,-71.27,24.92,110.69,21.43,-17.22,-65.27,-334.17,-206.78,-168.95,99.86,9.7,735756000.0
6178,"Japan Post Holdings Co., Ltd.",Financial Services,70519.99,2.41,19.96,,-150.3,35.29,-37.99,-120.21,-51.0,-146.6,39.63,-33.45,-115.63,-46.81,-1.71,,,,,-0.24,-4.29,7.57,,,,,,,0.0,57012194000000.0
6180,GMO Media Inc.,Communication Services,67.31,5.66,15.03,,12.13,6.07,7.48,3.7,8.56,12.76,7.44,8.8,5.87,9.67,12.79,12.67,11.54,8.52,5.55,7.7,5.43,12.14,20.68,47.21,20.21,15.25,10.07,99.42,47.28,1782944000.0
6181,Tameny Inc.,Consumer Cyclical,40.47,0.0,4.92,,-2.13,3.8,11.16,-0.89,4.28,3.02,6.65,13.79,1.72,7.82,77.45,1.35,-0.95,1.38,-0.98,2.15,5.55,40.36,1.55,5.42,-2.15,-0.71,-0.9,3.56,67.25,3115059000.0
6182,MetaReal Corporation,Technology,58.47,0.0,118.28,,2.83,-4.84,14.69,6.19,4.23,5.69,1.05,15.92,8.68,7.55,206.21,4.77,2.87,17.86,12.01,9.85,-2.23,-2.66,2.04,11.72,2.26,15.99,2.6,59.16,61.05,2904477000.0
6183,"BELLSYSTEM24 Holdings, Inc.",Industrials,1014.81,4.39,12.4,,15.28,15.48,11.22,16.16,13.99,16.29,17.14,13.39,17.91,15.61,10.67,8.68,8.07,7.72,9.56,1.55,-3.44,-4.7,7.02,7.49,6.86,6.54,8.48,60.86,18.87,7712000000.0
6184,"Kamakura Shinsho, Ltd.",Consumer Cyclical,250.47,3.3,26.4,,3.3,0.34,0.05,3.21,1.23,5.21,2.39,1.46,3.56,3.02,73.2,13.94,12.9,13.93,13.72,18.04,20.5,17.1,12.42,38.8,16.95,16.56,13.7,99.01,54.95,4304415000.0
6185,SMN Corporation,Communication Services,53.68,0.0,12.33,,13.73,16.56,1.06,1.42,10.45,22.34,24.63,9.72,13.11,18.9,53.49,4.54,2.05,1.09,0.15,6.08,24.68,-18.4,10.09,35.13,5.37,2.06,1.77,98.63,20.06,3187997000.0
6186,"Ichikura Co., Ltd.",Consumer Cyclical,20.62,3.98,2.43,,62.64,26.62,33.9,51.57,41.05,62.64,26.62,33.9,51.57,41.05,0.0,-0.67,0.62,1.3,2.8,-2.44,-2.43,3.45,-1.94,-7.22,-5.8,5.73,6.27,33.7,63.17,5288259000.0
6189,Global Kids Company Corp.,Industrials,96.16,3.95,27.44,,16.47,11.05,8.34,8.01,11.95,17.02,15.47,12.0,15.63,14.83,20.77,3.18,2.99,1.36,2.91,2.08,5.22,3.22,3.3,4.04,4.42,1.03,3.82,57.44,9.95,2641000000.0
6190,"PhoenixBio Co., Ltd.",Healthcare,12.41,0.0,9.92,,4.37,-8.48,-9.51,21.36,-4.54,5.55,-5.88,-6.39,22.35,-2.24,-23.96,5.29,-9.22,0.65,23.94,1.57,-10.14,-19.24,4.19,10.74,-8.35,0.21,20.56,83.03,76.69,1148194000.0
6191,AirTrip Corp.,Consumer Cyclical,306.46,20.71,12.18,,4.08,10.47,6.91,10.0,7.15,7.41,13.43,9.16,11.84,10.0,30.5,11.05,10.87,8.09,13.97,5.77,13.62,72.1,10.9,646.14,18.19,6.36,10.01,73.94,57.36,18072000000.0
6193,"Virtualex Holdings, Inc.",Technology,33.89,1.25,,,7.29,-0.03,6.82,8.1,4.69,12.11,6.78,11.8,13.1,10.23,60.82,5.73,4.3,5.54,8.48,6.03,-3.04,-1.57,-24.74,-53.11,5.67,8.68,18.43,66.1,25.09,1369905000.0
6194,"Atrae, Inc.",Industrials,,7.87,18.02,,,,,,,,,,,,,24.28,21.72,12.28,16.1,-0.1,-1.49,17.75,21.99,81.52,17.51,9.2,11.28,85.66,96.68,4160593000.0
6195,"Hope, Inc.",Communication Services,27.85,2.22,11.42,,6.08,6.95,4.58,3.11,5.87,8.24,8.25,5.17,3.34,7.22,17.85,9.49,9.29,8.93,8.4,15.63,22.99,18.38,16.78,56.05,19.7,21.76,11.83,68.58,65.78,1147150000.0
6196,"Strike Group Co., Ltd.",Financial Services,820.34,4.57,16.99,,4.39,6.85,7.83,1.95,6.36,4.69,7.66,8.3,2.07,6.88,7.53,31.17,37.34,37.63,39.38,11.99,31.19,28.89,21.85,354.13,26.99,26.69,26.32,,58.67,20149284000.0
6198,"CAREER CO., LTD.",Industrials,16.77,0.0,2.39,,-18.66,-6.6,45.91,41.84,6.88,-0.91,-5.44,47.02,55.93,13.56,-656.95,-0.06,2.57,3.42,2.18,-10.61,-6.09,8.9,-1.03,-3.19,9.7,13.22,8.0,75.39,21.65,1860624000.0
6199,"SERAKU Co., Ltd.",Technology,177.21,1.24,12.18,,8.47,6.53,11.13,3.6,8.71,11.59,7.66,11.44,3.98,10.23,14.76,10.29,10.23,9.32,4.96,11.5,6.53,16.8,18.77,143.96,19.7,18.66,9.6,99.97,26.06,7765946000.0
6200,"Insource Co., Ltd.",Consumer Defensive,549.0,4.06,13.53,,7.86,6.78,2.42,3.37,5.69,8.01,7.35,5.29,4.63,6.88,21.25,41.2,39.58,36.55,35.75,16.32,15.68,14.5,33.58,97.6,34.83,33.96,37.03,,76.9,8191258000.0
6203,"Howa Machinery, Ltd.",Industrials,285.39,0.81,37.76,,15.83,-8.23,-7.83,-4.0,-0.08,16.86,0.19,-3.75,-1.77,4.43,1422.19,4.93,5.05,1.96,2.3,-3.07,25.48,0.24,2.38,3.21,2.93,1.67,1.83,77.35,17.57,7192000000.0
6208,"Ishikawa Seisakusho, Ltd.",Industrials,112.27,1.12,17.98,,-30.62,-19.29,-16.89,11.45,-22.27,-30.62,-19.29,-16.89,11.45,-22.27,0.0,7.07,4.27,1.87,1.65,14.0,19.16,7.98,4.24,4.4,3.24,2.3,1.86,33.65,17.51,694756000.0
6209,NPR-Riken Corporation,Consumer Cyclical,1078.89,5.32,7.7,,6.9,9.04,11.5,,9.15,15.15,16.2,17.14,,16.16,43.85,7.88,6.93,6.33,,-4.24,22.91,,5.94,7.12,5.04,4.83,,87.12,25.87,29105000000.0
6217,Tsudakoma Corp.,Industrials,51.55,0.0,3.68,,11.62,11.39,-29.6,-47.57,-2.2,19.15,15.54,-24.93,-36.38,3.25,15.76,-0.23,1.09,-3.1,-8.01,-2.74,-7.21,25.94,-0.97,-1.26,1.89,-8.93,-16.06,18.82,16.33,3467000000.0
6218,ENSHU Limited,Industrials,40.72,1.83,17.24,,21.73,1.77,-6.68,-49.95,5.61,34.67,37.15,9.8,-32.22,27.21,100.24,1.98,-3.22,2.24,0.32,-12.19,-9.15,-2.91,1.51,1.97,-3.08,1.29,-0.34,55.24,15.81,5177000000.0
6222,"Shima Seiki Mfg.,Ltd.",Industrials,314.43,2.16,36.73,,-2.82,-18.66,-15.38,-26.02,-12.29,1.3,-14.19,-13.1,-22.83,-8.66,89.6,-5.13,-36.64,1.2,-5.77,3.04,-9.44,-5.22,-1.35,-1.72,-14.18,0.36,-2.72,81.97,35.51,21295000000.0
6223,"Seibu Giken Co.,Ltd.",Industrials,377.21,3.55,8.47,,0.3,12.81,-1.12,7.34,4.0,9.18,17.41,5.3,8.88,10.63,81.42,13.2,12.57,14.96,18.5,7.03,11.64,15.41,9.4,16.48,10.19,11.84,16.69,78.51,34.01,15505000000.0
6224,"JRC Co.,Ltd.",Industrials,156.59,2.5,11.57,,1.35,8.73,2.62,5.9,4.23,5.27,10.71,3.68,6.58,6.55,40.53,14.29,12.43,13.42,13.98,24.24,16.8,5.71,13.98,18.71,11.04,11.01,11.42,57.12,35.49,2585441000.0
6226,"Moriya Transportation Engineering and Manufacturing Co.,Ltd.",Industrials,786.41,1.76,19.03,,-0.67,2.27,2.77,-0.91,1.46,3.51,2.54,3.28,0.06,3.11,48.29,25.74,21.06,14.8,5.04,21.37,10.88,13.69,27.52,38.97,24.05,18.52,8.35,,35.64,4380925000.0
6227,"AIMECHATEC, Ltd.",Technology,1245.33,0.33,32.62,,0.37,-1.62,-0.83,0.29,-0.69,1.23,-0.91,-0.56,0.56,-0.08,-19.73,9.98,1.69,3.76,5.01,36.21,-0.26,5.29,10.42,12.86,1.05,3.61,4.57,78.87,25.79,3647468000.0
6228,"J.E.T. Co., Ltd.",Technology,70.88,0.0,,,37.78,-23.11,-17.14,-52.29,-0.82,43.46,-19.61,-16.66,-50.75,2.4,-2.56,-10.18,5.63,10.46,8.99,-24.09,-22.69,8.09,-15.2,-18.67,3.45,9.25,8.48,61.03,8.76,2704000000.0
6229,Okumura Engineering corp.,Industrials,64.59,3.36,8.16,,28.1,14.87,6.23,-21.44,16.4,31.01,17.36,9.74,-20.04,19.37,19.91,11.65,7.51,7.04,8.98,6.48,10.05,3.5,8.23,11.59,5.26,4.3,6.1,95.74,36.69,3286312000.0
6230,Sanei Ltd.,Industrials,99.8,3.48,8.17,,-10.76,4.14,-7.74,1.65,-4.79,0.49,16.83,3.32,9.92,6.88,901.97,6.3,6.62,7.17,3.41,2.03,3.39,3.64,6.72,7.44,6.92,8.34,4.87,80.95,30.79,1845603000.0
6231,"KIMURA KOHKI Co.,Ltd.",Industrials,418.08,1.65,12.93,,3.35,0.75,1.21,-3.94,1.77,9.26,5.36,4.79,1.31,6.47,74.82,25.61,22.91,19.34,13.44,11.72,15.81,18.37,17.47,19.81,15.73,14.61,9.41,73.53,49.0,2257843000.0
6232,ACSL Ltd.,Technology,262.66,0.0,-25.04,,-4.77,-7.56,-10.15,-8.98,-7.49,-4.75,-7.24,-9.79,-8.18,-7.26,-2.84,-70.82,-86.35,-231.07,-134.77,-2.14,196.26,-45.18,-39.96,-70.98,-60.87,-47.57,-56.22,52.88,19.29,2018722000.0
6233,KLASS Corporation,Industrials,21.09,2.46,14.61,,15.35,27.13,-31.38,-38.87,3.7,18.82,33.45,-7.69,12.47,14.86,-90.19,2.8,1.18,3.18,2.14,-2.17,-1.07,2.36,2.67,3.3,1.06,2.54,2.3,45.05,32.07,1308567000.0
6235,"Optorun Co.,Ltd.",Industrials,1020.87,2.2,55.92,,7.38,1.89,0.01,4.07,3.09,8.35,4.95,3.12,8.39,5.47,57.67,9.85,20.28,26.49,21.71,4.49,-11.96,7.3,3.58,7.18,8.03,13.4,10.39,99.99,33.79,31442433000.0
6237,"Iwaki Co., Ltd.",Industrials,911.71,2.3,18.83,,2.75,2.96,1.62,0.68,2.44,5.76,3.8,2.81,2.1,4.12,38.91,12.42,12.77,12.27,5.98,4.22,2.75,18.05,9.62,12.37,10.29,11.45,6.23,91.91,39.99,9976318000.0
6238,FURYU Corporation,Consumer Cyclical,379.56,2.76,18.43,,7.8,3.03,4.68,-3.62,5.17,13.67,10.16,10.39,2.38,11.41,56.02,7.41,5.05,8.82,5.86,1.04,3.59,17.5,8.97,21.08,7.09,11.49,7.01,,39.34,13752896000.0
6239,Nagaoka International Corporation,Energy,101.26,4.89,30.99,,3.92,22.18,3.28,0.69,9.79,5.09,22.68,3.61,1.5,10.46,11.38,17.04,17.7,16.09,12.44,-6.19,16.66,28.76,12.67,18.8,14.55,13.4,8.19,96.34,41.19,2519603000.0
6240,Yamashin-Filter Corp.,Industrials,366.66,3.82,21.4,,4.59,6.18,6.15,3.73,5.64,6.67,7.54,7.18,6.57,7.13,21.15,12.38,13.08,7.83,6.64,4.16,11.54,-3.12,7.25,10.0,7.83,4.38,4.0,85.9,43.88,6721148000.0
6245,"HIRANO TECSEED Co.,Ltd.",Industrials,276.87,4.59,21.05,,14.11,-4.54,17.62,-40.89,9.06,16.99,-2.62,19.98,-37.02,11.45,-14.98,4.95,3.48,6.89,7.29,-33.23,3.0,10.66,2.79,3.89,2.44,4.92,4.58,97.24,17.47,12431482000.0
6246,Techno Smart Corp.,Industrials,212.1,5.01,11.84,,21.67,-11.52,5.83,-2.39,5.33,23.92,-7.23,7.17,-2.16,7.95,-10.43,14.33,16.28,13.45,11.35,-3.9,12.14,-2.21,7.67,14.05,10.92,9.01,8.49,91.3,24.39,10410971000.0
6247,"Hisaka Works, Ltd.",Industrials,451.73,3.26,13.2,,3.78,10.45,-1.02,3.29,4.4,3.78,10.45,-1.02,3.29,4.4,0.0,7.36,7.64,7.19,5.61,17.04,12.21,0.31,3.52,4.27,3.41,2.87,2.46,93.35,23.12,12009000000.0
6248,"Yokota Manufacturing Co., Ltd.",Industrials,33.93,3.27,10.02,,9.19,11.23,6.86,1.51,9.09,11.55,13.61,8.56,4.42,11.24,19.26,20.38,20.03,17.81,14.19,1.39,11.07,15.34,10.73,30.11,10.78,9.98,6.57,,47.76,2009662000.0
6249,"Gamecard Holdings, Inc.",Industrials,398.5,3.47,12.21,,6.7,16.54,14.73,3.93,12.66,8.81,17.07,15.55,4.28,13.81,10.78,17.86,23.76,29.0,20.58,-33.1,4.57,67.3,5.11,13.92,10.72,13.65,8.93,,42.66,38457000000.0
6250,Yamabiko Corporation,Industrials,1845.87,2.48,9.97,,2.41,5.51,8.26,-4.86,5.39,4.84,7.6,10.43,-2.79,7.62,32.83,11.33,11.91,9.4,5.56,5.57,8.88,-3.05,10.64,12.17,12.41,9.36,5.85,86.75,33.52,16887000000.0
6254,"Nomura Micro Science Co., Ltd.",Industrials,1312.96,2.52,34.7,,2.26,-17.04,-14.49,2.78,-9.76,3.32,-15.39,-14.21,3.57,-8.76,6.41,11.85,15.95,14.58,13.21,-41.63,31.96,47.23,4.87,5.49,13.05,15.29,20.54,40.71,22.59,10425046000.0
6255,NPC Incorporated,Industrials,140.78,1.48,18.27,,10.04,3.32,12.97,0.11,8.78,10.5,3.96,13.08,0.59,9.18,7.15,20.71,22.56,10.48,14.17,-14.13,15.85,112.84,12.22,30.0,17.38,12.47,6.18,,33.45,6421790000.0
6257,"Fujishoji Co.,Ltd.",Consumer Cyclical,213.01,4.9,9.5,,-29.47,15.34,7.22,20.66,-2.3,-22.98,21.65,17.52,25.85,5.4,19.91,-16.58,9.23,13.2,11.12,-31.95,-6.45,6.06,-9.69,-15.56,5.19,8.5,12.66,,51.28,16214000000.0
6258,Hirata Corporation,Industrials,1162.24,1.98,19.12,,10.98,6.13,-6.75,-7.0,3.45,14.24,8.11,-3.95,-4.89,6.13,-7.84,8.76,7.8,7.3,7.55,7.26,6.81,5.6,6.07,6.98,4.6,3.68,4.8,78.58,21.92,13003135000.0
6262,"Pegasus Co., Ltd.",Industrials,127.13,5.62,40.11,,16.87,10.83,-14.59,1.68,4.37,20.69,19.21,6.02,14.62,15.31,134.77,4.37,7.14,0.22,10.51,-1.74,25.64,-30.63,1.37,1.88,2.9,0.01,6.52,86.85,32.69,10516787000.0
6264,"Marumae Co., Ltd.",Industrials,550.33,2.37,32.19,,2.79,-0.13,1.39,0.88,1.35,5.56,0.78,4.09,4.05,3.48,77.55,18.45,3.3,12.51,27.51,140.12,-30.86,-19.99,6.8,8.47,0.67,5.55,16.76,53.28,31.12,4252863000.0
6265,CONVUM Ltd.,Industrials,51.12,2.48,15.39,,6.94,6.22,5.91,9.01,6.36,8.41,9.42,9.01,13.24,8.95,28.6,14.87,16.41,16.62,25.8,7.11,-3.81,-19.18,3.67,7.36,3.57,3.77,7.95,,51.08,3006181000.0
6266,"Tazmo Co., Ltd.",Technology,542.76,0.91,28.04,,14.61,11.59,-2.99,-4.5,7.74,17.37,13.83,-0.65,-2.79,10.18,-110.6,13.46,16.5,12.98,11.52,-1.22,27.36,15.62,9.91,18.79,13.23,7.94,7.98,76.12,30.37,16274465000.0
6267,"General Packer Co., Ltd.",Industrials,69.0,3.9,8.33,,15.95,-5.75,1.01,,3.74,16.58,-4.51,8.0,,6.69,21.22,,,10.15,10.28,,,8.83,,,,11.67,,99.84,32.22,3057548000.0
6268,Nabtesco Corporation,Industrials,5570.77,1.72,28.28,,3.02,-0.31,-2.59,-0.66,0.04,5.89,4.78,2.01,1.39,4.23,128.07,6.73,4.61,5.21,5.86,9.79,-15.94,8.08,4.75,6.2,3.18,3.95,4.86,83.73,30.46,74055000000.0
6269,"MODEC, Inc.",Energy,6185.16,2.19,8.93,,0.04,0.09,0.08,-0.03,0.07,0.04,0.09,0.08,-0.03,0.07,2.25,6.63,4.03,1.8,-1.88,9.43,17.11,30.48,13.11,50.53,8.52,2.41,-3.21,79.95,12.19,1387144000.0
6272,"Rheon Automatic Machinery Co., Ltd.",Industrials,411.38,3.95,10.57,,-9.61,9.17,7.61,4.8,2.39,10.98,13.99,11.16,7.52,12.04,84.58,12.31,13.51,12.95,8.53,7.14,4.01,6.9,8.06,10.72,9.67,9.6,7.7,96.87,43.44,11117444000.0
6273,SMC Corporation,Industrials,43497.03,1.46,26.39,,0.79,2.04,-0.14,0.63,0.9,4.34,4.52,2.26,2.34,3.71,80.92,22.62,24.02,25.26,31.31,6.37,1.96,-5.81,6.35,9.55,7.29,7.31,10.99,99.77,45.27,711702000000.0
6276,"SiriusVision Co., Ltd.",Industrials,16.79,0.0,7.38,,-12.78,-6.75,-12.67,-50.42,-10.73,2.17,14.33,-6.33,-32.46,3.39,245.09,-6.81,-4.86,2.48,-30.06,-10.8,1.2,32.29,-7.19,-15.98,-5.63,1.65,-21.22,87.83,48.79,1086943000.0
6277,Hosokawa Micron Corporation,Industrials,979.62,2.12,32.24,,6.09,3.56,2.64,6.57,4.1,9.7,7.46,6.07,8.3,7.74,48.68,9.04,9.69,10.01,8.24,-8.71,7.42,18.85,6.8,12.75,9.17,9.4,6.92,98.28,35.07,31942000000.0
6278,Union Tool Co.,Industrials,2790.0,1.05,27.76,,0.03,1.14,0.08,1.5,0.42,2.69,2.61,1.68,2.4,2.33,83.48,21.73,21.09,14.91,21.28,23.18,28.68,-12.9,8.02,10.37,7.2,4.29,6.61,,40.05,18108000000.0
6279,Zuiko Corporation,Industrials,245.72,1.69,12.57,,2.79,1.68,-2.75,-1.36,0.57,4.61,4.45,-1.31,1.58,2.58,-2.69,0.77,-1.5,4.73,6.8,6.11,-8.22,-17.99,0.36,0.53,1.19,1.78,3.42,93.58,15.14,13403212000.0
6282,Oiles Corporation,Industrials,859.7,3.19,17.4,,5.5,5.28,5.96,6.19,5.58,12.39,10.2,8.37,9.29,10.32,44.21,10.11,10.28,10.62,8.05,2.01,-1.69,9.36,6.04,9.29,6.99,6.6,4.94,98.28,35.01,28557000000.0
6284,"Nissei ASB Machine Co., Ltd.",Industrials,1281.74,2.81,15.06,,5.75,6.88,5.63,0.21,6.09,6.55,7.5,6.15,2.69,6.73,9.63,24.38,21.5,20.6,18.35,18.7,5.69,14.93,11.63,23.23,9.45,8.82,6.73,92.86,47.15,32469000000.0
6286,Seiko Corporation,Industrials,97.2,1.87,7.89,,3.62,8.18,9.51,-5.17,7.1,28.65,32.06,17.25,8.13,25.99,68.92,3.98,3.56,2.45,1.59,11.96,11.07,4.54,6.1,9.63,5.0,3.37,1.53,88.69,21.29,7344364000.0
6287,Sato Corporation,Industrials,890.91,2.95,17.47,,5.83,3.87,5.43,-2.32,5.04,14.9,14.0,14.1,5.83,14.33,64.89,6.76,7.97,7.24,6.19,5.57,7.92,0.44,7.11,10.03,9.13,9.24,8.13,79.5,39.97,28312000000.0
6289,Giken Ltd.,Industrials,494.13,2.79,29.13,,-0.86,3.84,0.52,8.19,1.17,2.79,6.35,4.13,11.99,4.42,85.9,9.74,11.28,10.19,15.19,-10.66,0.71,-3.64,4.92,6.21,7.18,4.05,7.37,98.6,38.46,8585000000.0
6291,"Airtech Japan, Ltd.",Industrials,134.22,4.11,12.91,,4.79,-12.56,-0.89,-3.05,-2.89,12.11,-4.97,3.38,1.7,3.51,11.4,8.22,8.12,5.19,8.39,4.73,-0.81,3.47,5.05,6.54,5.48,3.47,5.51,92.13,25.43,3707142000.0
6292,"Kawata Mfg. Co., Ltd.",Industrials,60.01,4.49,163.62,,25.47,9.85,-15.01,-6.52,6.77,33.2,18.71,-2.33,9.25,16.53,-157.78,2.31,4.74,5.1,3.39,-6.74,-15.22,30.11,0.24,0.4,2.85,4.26,1.94,71.67,29.22,7438399000.0
6294,Okada Aiyon Corporation,Industrials,158.48,3.87,10.61,,-22.64,-8.05,7.7,-11.16,-7.66,-1.2,-0.05,12.67,-4.15,3.81,-5995.95,8.38,8.57,10.04,8.33,1.54,-1.89,14.93,4.2,4.98,5.17,7.18,5.76,50.88,29.61,5517451000.0
6298,"Y.A.C. Holdings Co., Ltd.",Technology,223.23,3.62,17.56,,11.36,10.69,1.42,-10.8,7.82,13.42,11.96,3.95,-7.33,9.78,30.02,5.01,5.89,7.5,6.22,14.84,-14.05,11.18,2.71,3.59,2.0,3.53,3.0,44.56,26.49,8746000000.0
6301,Komatsu Ltd.,Industrials,67807.22,2.64,18.46,,3.49,4.59,3.42,0.34,3.83,6.62,7.63,6.41,3.05,6.89,44.59,13.82,16.06,15.87,14.0,0.69,6.19,9.08,8.58,9.44,11.57,10.27,9.88,68.18,30.48,439701000000.0
6302,"Sumitomo Heavy Industries, Ltd.",Industrials,7064.56,2.45,17.59,,1.6,-4.94,3.67,2.27,0.11,9.01,1.81,9.25,8.73,6.69,172.07,4.83,5.14,6.88,6.96,-0.4,-0.96,14.57,3.83,4.34,2.44,6.05,7.19,72.24,24.45,111072000000.0
6305,"Hitachi Construction Machinery Co., Ltd.",Industrials,11971.87,3.37,16.74,,9.62,8.26,1.46,-7.12,6.45,13.72,12.02,6.1,-2.18,10.61,45.77,9.26,11.28,11.57,10.73,2.49,-2.46,11.15,6.2,7.05,7.74,8.8,7.83,63.12,29.7,168874000000.0
6306,"Nikko Co., Ltd.",Industrials,393.06,4.16,15.49,,1.5,0.19,5.12,-9.71,2.27,6.59,7.62,11.02,-4.18,8.41,76.12,6.28,5.63,4.47,2.59,0.43,11.49,11.17,5.29,7.08,3.88,2.51,1.53,82.49,30.78,11484000000.0
6307,"Sansei Co.,Ltd.",Industrials,36.45,3.23,4.74,,-1.71,-16.96,1.05,19.87,-5.87,14.58,-12.78,3.32,21.17,1.71,49.15,14.84,7.87,7.46,8.46,21.94,2.56,5.37,13.47,16.26,6.23,6.71,7.35,90.4,29.06,991275000.0
6309,"Tomoe Engineering Co., Ltd.",Industrials,583.13,3.87,14.39,,-0.23,4.83,5.63,-3.46,3.41,4.08,5.77,6.02,-2.98,5.29,42.84,9.02,9.02,8.16,7.24,13.9,5.02,8.86,8.8,12.81,9.26,7.47,6.57,,25.25,13367527000.0
6310,"Iseki & Co., Ltd.",Industrials,443.6,2.29,16.99,,38.07,7.03,-18.53,-18.43,8.86,52.88,19.89,-5.54,-7.61,22.41,-47.18,2.28,1.14,1.33,2.12,10.3,-0.88,1.97,2.15,2.39,2.38,0.32,2.19,57.23,29.97,12891000000.0
6315,TOWA Corporation,Technology,1645.44,1.1,35.88,,0.03,3.24,4.86,0.06,2.71,2.5,6.3,5.87,1.72,4.89,54.88,12.72,16.61,17.16,18.65,1.66,5.96,-6.23,5.14,7.58,9.08,8.52,11.59,78.58,33.79,28431711000.0
6316,"Maruyama Mfg. Co., Inc.",Industrials,114.98,2.67,10.1,,-0.06,-11.75,-18.85,13.12,-10.22,16.27,1.86,-2.47,21.03,5.22,56.22,2.62,2.92,4.18,3.84,3.15,-3.43,4.51,2.61,3.04,2.57,5.05,5.47,64.39,25.74,3928000000.0
6317,Kitagawa Corporation,Industrials,240.84,4.67,7.54,,-5.86,12.22,8.03,-0.71,4.8,8.51,25.54,20.26,11.66,18.1,93.8,4.6,3.27,2.73,0.32,1.98,-6.96,3.13,3.22,3.99,1.8,1.52,-1.02,74.57,16.94,11965000000.0
6322,Tacmina Corporation,Industrials,111.3,3.37,9.03,,6.78,4.72,6.31,5.66,5.94,9.98,8.98,10.2,8.08,9.72,39.22,14.62,14.42,14.37,14.97,0.32,0.94,13.04,10.17,14.85,11.09,11.32,11.41,96.07,46.25,3702734000.0
6323,Rorze Corporation,Technology,6566.13,0.54,34.63,,4.07,5.27,2.17,-0.99,3.84,4.75,5.6,2.37,-0.29,4.24,9.56,24.19,25.74,25.89,27.95,3.53,33.42,-1.34,14.15,27.35,15.22,14.13,19.54,86.85,40.88,74341000000.0
6324,Harmonic Drive Systems Inc.,Industrials,5964.01,0.31,367.35,,0.08,0.37,1.24,0.3,0.56,1.08,1.26,2.13,1.82,1.49,68.41,4.31,0.01,0.22,14.29,7.03,-0.27,-21.99,1.92,2.5,0.01,0.11,6.0,82.81,30.45,21682439000.0
6325,"Takakita Co., Ltd.",Industrials,47.21,2.39,23.31,,-0.61,4.15,10.52,-2.53,4.69,14.73,7.3,12.21,-0.32,11.41,53.68,4.98,4.92,11.47,7.88,-6.55,-17.39,9.73,2.32,2.89,2.9,8.48,6.01,99.17,31.03,1666676000.0
6326,Kubota Corporation,Industrials,31336.24,1.89,11.79,,4.53,2.17,-6.06,-5.66,0.21,10.46,9.0,-0.55,-0.25,6.3,-288.67,8.79,10.46,10.89,8.01,0.09,-0.15,12.84,4.14,4.55,5.04,5.95,4.6,57.4,29.29,436557000000.0
6327,"Kitagawa Seiki Co.,Ltd.",Industrials,262.19,0.79,52.91,,1.62,0.21,4.16,,2.0,1.92,0.71,5.34,,2.66,36.01,,13.75,11.38,10.19,,-8.18,28.41,,,11.97,14.41,,84.03,26.43,3435554000.0
6328,"Ebara Jitsugyo Co.,Ltd.",Industrials,560.33,3.14,12.36,,1.82,3.14,8.1,2.45,4.35,2.52,3.51,8.41,2.88,4.81,13.94,14.85,11.34,11.09,9.12,9.89,3.37,20.02,14.78,30.47,12.09,13.1,10.02,95.77,33.8,15170000000.0
6330,Toyo Engineering Corporation,Industrials,1533.49,0.95,23.12,,5.08,-18.7,1.67,8.11,-3.98,6.07,-15.06,3.91,10.17,-1.69,16.48,-10.39,0.93,2.57,2.47,-34.22,6.62,35.21,-23.99,,0.94,5.66,2.43,46.82,3.52,105245000000.0
6331,"Mitsubishi Kakoki Kaisha, Ltd.",Industrials,757.47,3.58,10.04,,2.38,-4.37,1.8,1.31,-0.06,2.38,-4.37,1.8,1.31,-0.06,0.0,10.91,9.63,9.25,5.67,42.29,23.92,7.14,13.22,16.1,9.83,8.21,5.24,91.83,21.68,9025000000.0
6332,"Tsukishima Holdings Co., Ltd.",Industrials,1066.86,3.26,6.53,,3.53,16.34,-7.85,5.45,4.01,4.84,17.31,-5.28,7.72,5.62,-5.34,6.61,6.41,5.45,5.12,6.98,12.1,27.03,6.11,9.39,5.56,3.02,3.84,87.61,20.89,40146000000.0
6333,Teikoku Corporation,Industrials,552.55,3.7,13.57,,3.45,5.26,2.81,8.11,3.84,4.88,7.14,4.33,8.78,5.45,30.28,17.13,19.82,16.71,17.66,-4.76,4.55,2.7,11.39,18.06,12.62,10.28,11.66,,42.65,11721391000.0
6334,"Meiji Machine Co., Ltd.",Industrials,50.61,1.28,200.0,,-12.5,-14.98,8.95,-31.35,-6.18,-3.09,-8.28,19.05,-27.03,2.56,-110.82,-2.9,4.02,5.05,2.98,-15.41,32.99,-22.36,-1.65,-2.12,4.08,6.86,3.73,60.47,24.72,1084875000.0
6335,"Tokyo Kikai Seisakusho, Ltd.",Industrials,46.09,0.0,4.41,,14.98,-21.26,48.88,118.43,14.2,23.4,-18.88,49.54,118.74,18.02,8.24,8.53,8.67,6.6,7.72,14.25,-20.54,6.22,7.51,63.44,4.88,-2.83,7.28,,24.04,8276502000.0
6336,"Ishii Hyoki Co., Ltd.",Industrials,117.1,5.53,13.38,,6.8,15.83,0.7,7.69,7.78,11.1,19.57,4.79,14.92,11.82,47.75,7.3,6.15,9.47,11.06,5.6,-11.41,-8.19,7.59,12.1,5.64,9.6,15.64,94.79,23.19,4368000000.0
6337,TESEC Corporation,Technology,184.81,2.81,41.12,,7.43,7.69,3.12,7.03,6.08,7.92,9.56,4.71,7.82,7.4,19.89,5.48,7.45,20.15,24.44,-5.52,-31.64,-1.42,1.32,2.07,1.91,8.5,15.2,98.28,38.93,5233000000.0
6338,Takatori Corporation,Technology,90.13,2.4,35.81,,-10.44,1.83,15.59,1.83,2.33,-10.17,2.37,16.64,2.81,2.95,8.92,11.19,17.33,15.06,13.22,-54.42,-1.75,60.1,4.06,6.3,14.4,17.84,11.59,70.6,32.32,5120396000.0
6339,"Sintokogio,Ltd.",Industrials,638.6,3.95,,,0.09,-5.4,3.78,2.92,-0.51,13.85,3.68,9.3,8.6,8.94,135.11,2.18,2.0,4.68,2.11,17.28,30.07,8.57,2.64,3.57,1.23,2.87,1.31,71.88,28.86,41623000000.0
6340,Shibuya Corporation,Industrials,1538.24,2.37,15.05,,1.36,4.46,-0.77,5.74,1.68,5.9,6.78,3.16,8.32,5.28,78.51,10.66,11.59,8.22,13.93,11.77,17.98,1.68,8.76,14.8,8.99,6.09,10.57,97.71,19.54,45579000000.0
6342,"Taihei Machinery Works, Limited",Basic Materials,37.48,3.39,8.53,,-49.27,-7.09,41.52,37.78,-4.95,-23.52,1.62,45.19,38.38,7.76,145.07,8.99,11.56,16.19,11.54,-19.05,-11.17,37.37,5.46,8.58,7.12,13.92,9.49,91.36,24.86,2905712000.0
6343,Freesia Macross Corporation,Industrials,66.15,0.41,3.84,,4.47,-4.84,-16.31,-6.17,-5.56,10.53,2.66,2.88,-3.98,5.36,334.93,18.69,19.35,15.36,13.87,-1.41,3.73,-4.46,3.97,4.24,4.41,3.57,3.84,70.39,53.65,1795425000.0
6345,Aichi Corporation,Industrials,960.0,4.43,14.71,,-4.29,7.16,6.29,3.87,3.05,0.84,10.28,7.41,4.7,6.18,219.25,12.6,12.55,11.94,12.12,0.52,11.63,-12.44,7.11,10.99,6.23,5.44,6.71,,22.11,26708915000.0
6346,"Kikukawa Enterprise, Inc.",Industrials,67.7,3.58,20.83,,12.48,0.44,5.74,7.79,6.22,13.45,1.15,6.42,10.42,7.01,26.52,9.79,18.51,14.08,10.59,-30.26,0.85,32.77,2.03,6.07,5.99,4.72,2.9,,41.13,8589401000.0
6347,"Placo Co., Ltd.",Industrials,23.96,2.41,28.56,,1.34,4.25,0.76,-25.59,2.12,1.48,4.25,0.93,-24.2,2.22,9.39,5.17,-6.24,-7.55,6.41,20.3,-34.69,13.58,3.38,5.31,-5.46,-7.65,3.93,63.88,31.23,958300000.0
6349,Komori Corporation,Industrials,1079.3,5.01,14.63,,-0.28,13.66,-8.9,2.56,1.49,3.27,15.77,-7.46,4.15,3.86,34.23,7.93,6.41,4.7,5.84,6.81,6.49,6.5,4.85,8.26,4.48,3.14,4.27,92.36,36.8,54428000000.0
6351,"Tsurumi Manufacturing Co.,Ltd.",Industrials,1267.46,1.1,24.68,,4.45,0.75,3.67,0.93,2.96,7.46,5.54,7.52,2.34,6.84,59.38,13.88,15.07,14.28,12.93,13.47,8.67,11.4,5.41,7.88,6.87,6.38,6.25,88.09,37.7,36846000000.0
6356,"Nippon Gear Co., Ltd.",Consumer Cyclical,194.9,0.73,11.13,,9.17,3.59,2.16,5.02,4.97,12.43,6.74,3.84,6.54,7.67,38.89,24.86,22.04,22.12,12.83,3.43,-0.69,27.95,11.49,19.84,11.29,13.11,6.61,76.3,48.62,6125746000.0
6357,"Sansei Technologies, Inc.",Industrials,492.54,3.43,10.04,,11.65,0.07,17.34,3.51,9.69,19.19,6.64,19.36,5.17,15.06,49.54,8.99,7.75,6.03,4.93,18.12,18.27,28.57,6.2,10.72,4.28,3.15,2.29,76.25,30.27,28243012000.0
6358,"Sakai Heavy Industries, Ltd.",Industrials,186.25,5.98,10.54,,1.39,-0.06,11.42,8.04,4.25,4.71,2.14,13.33,10.17,6.73,62.59,5.77,5.69,10.05,7.97,-1.12,-15.65,4.96,3.06,3.74,3.5,7.21,6.09,87.73,27.9,6552672000.0
6360,"Tokyo Automatic Machinery Works, Ltd.",Industrials,68.07,2.06,8.42,,30.55,14.11,-20.58,-2.41,8.03,33.5,14.89,-20.06,-1.34,9.44,3.81,6.9,12.14,10.31,7.41,-24.8,-4.23,1.15,4.45,8.87,10.76,11.25,8.85,54.65,28.08,5490800000.0
6361,Ebara Corporation,Industrials,20219.54,1.46,25.84,,-2.55,2.48,1.76,0.63,0.56,2.02,4.99,3.46,1.83,3.49,108.64,11.88,11.3,11.33,10.37,10.57,14.14,11.52,11.13,13.92,11.72,11.67,11.17,70.43,32.55,147066000000.0
6363,"Torishima Pump Mfg. Co., Ltd.",Industrials,777.39,2.3,12.99,,2.81,-6.82,-0.84,0.37,-1.62,5.83,-0.86,3.68,1.6,2.88,-172.96,5.39,6.3,8.41,9.17,7.43,6.66,25.43,4.52,5.81,4.86,7.57,7.74,65.19,26.16,18329000000.0
6364,Airman Corporation,Industrials,689.01,4.09,12.61,,-5.42,4.16,2.58,2.56,0.44,-3.45,5.73,5.76,4.16,2.68,8.49,12.92,11.88,11.92,9.88,2.3,4.73,5.92,9.61,12.49,9.27,11.24,9.61,86.19,27.38,12117386000.0
6365,DMW Corporation,Industrials,236.16,3.39,9.02,,-0.46,6.28,-0.12,2.75,1.9,2.23,8.93,3.09,6.66,4.75,84.67,12.4,11.52,9.48,10.66,0.4,16.52,0.93,8.17,10.16,8.27,6.06,7.39,,27.29,6037000000.0
6366,Chiyoda Corporation,Industrials,1744.3,0.0,8.3,,13.64,27.03,33.74,23.72,24.8,14.98,29.34,35.97,25.31,26.76,7.68,16.62,5.34,-2.97,4.21,8.09,-9.69,17.63,55.47,,44.04,-125.83,25.79,96.51,20.35,145203000000.0
6367,"Daikin Industries,Ltd.",Industrials,58060.92,1.74,22.22,,4.42,4.62,2.7,-0.28,3.91,8.02,8.86,6.88,2.74,7.92,51.14,8.27,8.45,8.92,9.47,5.53,8.12,10.39,7.12,9.19,8.13,7.95,8.94,71.7,34.55,933484000000.0
6368,Organo Corporation,Industrials,5835.16,1.04,20.56,,1.75,3.16,0.36,-3.43,1.76,2.24,3.62,0.64,-3.18,2.17,26.3,21.19,19.06,14.99,11.49,8.81,8.59,13.54,15.74,30.19,16.21,11.95,9.36,79.16,36.64,84911000000.0
6369,Toyo Kanetsu K.K.,Industrials,365.29,4.54,14.84,,17.98,14.51,-2.02,3.03,10.16,17.98,14.51,-2.02,3.03,10.16,0.0,6.01,6.83,5.74,5.27,-1.42,12.43,13.59,4.59,5.3,5.6,4.16,3.52,68.85,22.97,7137000000.0
6370,Kurita Water Industries Ltd.,Industrials,8317.42,1.75,21.37,,3.12,4.1,2.26,-0.76,3.16,6.68,10.55,6.12,5.85,7.78,59.16,14.47,12.84,10.71,8.43,3.62,1.04,11.67,9.58,11.4,8.9,7.15,5.36,74.6,38.01,67188000000.0
6371,Tsubakimoto Chain Co.,Industrials,2750.38,2.97,9.21,,11.6,7.74,14.03,7.76,11.12,11.6,7.74,14.03,7.76,11.12,0.0,7.29,8.19,7.97,7.55,5.98,4.64,6.06,5.1,6.72,5.89,5.32,5.57,84.33,29.5,82923000000.0
6376,"Nikkiso Co., Ltd.",Industrials,2385.39,1.72,14.15,,4.4,-5.48,2.02,0.28,0.31,7.39,-2.75,5.97,3.51,3.54,2.52,7.11,3.0,3.06,19.32,1.06,10.77,8.76,5.1,6.26,2.24,2.44,7.7,60.58,30.15,44869000000.0
6378,"Kimura Chemical Plants Co., Ltd.",Industrials,228.87,3.42,10.38,,6.61,9.08,3.38,12.28,6.36,11.07,11.26,4.43,14.89,8.92,27.78,10.83,11.42,8.5,8.08,5.83,7.14,14.46,9.62,16.38,10.6,7.61,7.07,91.71,22.96,9291000000.0
6379,RAIZNEXT Corporation,Industrials,1640.36,2.52,15.69,,5.61,-2.17,0.62,4.97,1.35,8.77,-0.07,2.17,6.14,3.62,-1039.85,8.43,6.9,7.1,7.81,10.9,12.11,0.22,11.53,12.31,8.91,8.35,9.05,94.21,14.03,5797000000.0
6380,"Oriental Chain Mfg. Co., Ltd.",Industrials,63.07,0.55,44.8,,-0.08,-9.01,0.37,-2.9,-2.91,5.37,-0.12,5.1,1.28,3.45,-2480.37,0.39,3.52,4.95,2.97,1.35,-0.66,4.55,0.42,0.48,2.49,4.26,2.6,70.83,18.07,481446000.0
6381,ANEST IWATA Corporation,Industrials,750.28,4.58,14.29,,6.25,9.01,6.14,2.87,7.13,10.86,12.99,9.02,5.77,10.96,35.03,9.96,10.86,11.57,12.05,2.75,1.85,10.12,8.01,13.8,9.11,10.13,10.54,98.11,46.76,21758000000.0
6382,Trinity Industrial Corporation,Consumer Cyclical,200.1,4.95,7.43,,11.03,-35.3,13.28,14.68,-3.66,25.46,-14.03,18.08,21.69,9.84,-22.78,8.19,8.07,7.56,3.32,-3.12,8.72,27.35,6.9,9.78,7.09,6.51,2.63,,22.03,10236223000.0
6383,"Daifuku Co., Ltd.",Industrials,20633.36,1.63,25.57,,5.63,1.8,0.97,2.75,2.8,5.63,1.8,0.97,2.75,2.8,0.0,15.35,10.15,9.78,9.81,8.05,1.59,17.5,14.1,28.73,10.4,12.84,11.33,91.7,24.47,261252000000.0
6384,"Showa Shinku Co., Ltd.",Industrials,107.06,4.05,12.34,,17.09,-0.69,9.23,0.39,8.54,19.17,1.67,10.09,1.97,10.31,53.5,32.75,31.58,2.62,10.05,9.96,13.62,-26.3,17.76,36.03,14.82,1.11,6.05,95.37,32.76,6450300000.0
6387,SAMCO Inc.,Technology,642.58,1.88,28.8,,2.16,-0.32,1.47,,1.1,2.56,-0.29,1.84,,1.37,8.48,,24.59,23.74,21.42,,4.76,22.32,,,11.86,12.04,,93.81,51.25,6592297000.0
6390,"Kato Works Co.,Ltd.",Industrials,149.02,5.28,3.34,,-7.99,-97.97,-10.38,42.1,-38.78,-1.74,-89.37,-4.67,43.42,-31.93,-163.32,-4.12,1.71,2.88,2.19,6.43,-7.94,-0.06,-2.69,-3.1,1.12,2.53,1.57,51.7,10.34,11068000000.0
6391,Kaji Technology Corporation,Industrials,80.14,1.46,11.08,,9.32,3.66,8.54,-4.15,7.17,12.81,6.77,10.52,4.75,10.03,30.66,11.87,8.85,10.56,3.97,11.36,-3.54,21.51,6.75,9.17,5.09,6.18,2.17,87.06,30.92,2571073000.0
6392,Yamada Corporation,Industrials,190.05,2.8,10.97,,5.45,4.13,2.43,7.13,4.0,13.57,8.41,5.18,9.1,9.05,54.59,16.44,13.42,16.71,13.65,10.92,-0.84,7.55,9.6,12.78,8.35,11.13,8.85,84.53,45.49,4683978000.0
6393,"Yuken Kogyo Co., Ltd.",Industrials,109.9,4.88,10.86,,-5.07,3.84,12.16,-13.14,3.64,18.54,18.97,29.42,1.48,22.31,88.57,5.26,5.73,4.67,3.94,-1.89,13.5,2.88,3.75,4.88,4.69,3.18,3.25,72.97,25.89,7948794000.0
6395,Tadano Ltd.,Industrials,1745.66,2.48,6.94,,-7.28,-4.41,4.01,8.44,-2.56,-1.38,0.01,5.8,9.93,1.48,9764.92,5.31,8.16,6.55,2.56,19.89,4.01,36.28,4.29,5.62,3.25,3.04,1.68,61.47,26.67,81842000000.0
6396,"Unozawa-gumi Iron Works, Limited",Industrials,50.42,1.1,11.63,,-3.22,9.51,6.49,-0.53,4.26,8.73,15.11,8.83,9.07,10.89,66.8,11.44,12.0,11.53,8.71,-0.75,-10.2,8.07,6.14,11.24,6.76,7.65,6.62,66.79,23.96,2711293000.0
6400,"Fuji Seiki Co.,Ltd.",Industrials,25.09,6.56,9.73,,12.05,6.73,23.17,4.81,13.98,36.98,34.1,43.73,23.64,38.27,64.89,5.44,4.91,5.14,6.16,5.67,-0.15,5.5,4.04,5.42,2.6,3.89,5.49,54.04,20.66,1871042000.0
6402,"Kanematsu Engineering Co., Ltd.",Industrials,80.11,0.73,7.69,,8.1,8.09,-3.27,24.29,4.31,10.01,9.15,-1.4,28.52,5.92,-34.54,9.52,7.18,6.52,6.26,5.99,7.23,9.42,10.51,13.51,7.79,7.05,5.8,96.66,26.86,2133261000.0
6405,Suzumo Machinery Company Limited,Industrials,141.14,2.82,24.76,,-10.64,-0.09,9.87,-22.98,-0.29,3.07,9.67,16.21,-0.08,9.65,195.44,6.36,12.14,10.16,8.95,1.9,7.26,7.87,3.73,4.6,8.75,7.43,5.79,83.83,47.85,2973241000.0
6407,CKD Corporation,Industrials,3502.15,1.56,25.77,,3.4,3.76,-3.71,-0.2,1.15,4.24,5.47,2.17,3.15,3.96,107.27,12.44,12.22,9.76,13.28,1.45,15.78,-15.7,6.96,9.02,7.66,5.12,10.66,82.84,29.67,42839000000.0
6408,"Ogura Clutch Co.,Ltd.",Industrials,65.82,2.33,4.38,,6.7,9.16,10.98,-12.03,8.95,24.52,42.45,44.55,17.69,37.17,75.48,3.32,1.06,-0.74,1.13,-5.11,0.96,-1.61,3.13,4.03,1.44,-10.65,0.65,53.83,17.55,8560000000.0
6412,Heiwa Corporation,Consumer Cyclical,2185.57,3.64,18.71,,4.44,2.76,1.16,8.16,2.79,18.86,11.4,6.37,11.71,12.21,78.03,16.82,18.98,17.18,18.91,76.95,6.96,-4.15,1.81,1.95,1.94,4.98,6.19,29.6,33.12,61327000000.0
6413,Riso Kagaku Corporation,Technology,663.85,4.73,15.48,,7.62,0.91,8.36,7.14,5.63,11.32,5.04,9.76,8.5,8.71,43.02,6.47,7.85,7.05,7.98,0.34,5.52,-0.07,4.71,5.95,6.23,5.67,6.74,88.83,59.79,15609000000.0
6417,"Sankyo Co., Ltd.",Consumer Cyclical,4187.29,4.72,9.43,,8.34,12.85,10.66,7.74,10.62,12.38,13.86,11.37,8.38,12.54,15.38,34.87,38.37,36.41,37.21,-6.57,-3.66,26.58,18.27,79.18,18.59,20.59,13.35,,58.41,192439000000.0
6418,"Japan Cash Machine Co., Ltd.",Industrials,351.0,3.63,7.48,,14.04,20.45,-16.66,-3.93,5.94,16.74,21.76,-14.03,-2.28,8.16,1.14,7.91,12.99,8.98,2.47,-16.55,19.63,25.15,3.83,7.85,9.14,6.5,2.2,81.01,40.79,23034196000.0
6419,Mars Group Holdings Corporation,Consumer Cyclical,548.72,4.74,8.77,,10.16,17.87,9.31,-1.53,12.45,14.24,19.41,11.75,1.72,15.13,19.13,27.25,29.19,31.97,20.28,-23.6,15.52,79.76,6.86,12.59,10.83,11.12,4.79,99.28,53.28,39313658000.0
6420,Galilei Holdings Co.Ltd.,Industrials,1407.1,2.54,11.53,,-1.48,2.04,7.25,2.49,2.6,8.59,7.37,8.94,3.92,8.3,69.5,12.32,12.69,13.21,10.94,6.11,12.8,10.3,10.43,18.11,11.25,12.53,10.16,,27.87,48047000000.0
6424,"Takamisawa Cybernetics Company, Ltd.",Technology,37.34,2.57,7.92,,3.4,14.01,4.12,6.23,7.18,15.63,25.06,9.32,8.76,16.67,59.36,4.79,8.93,7.54,6.07,-16.2,17.94,21.81,3.94,5.23,10.17,7.35,5.49,60.28,29.37,2738644000.0
6425,Universal Entertainment Corporation,Consumer Cyclical,552.51,0.0,4.36,,3.25,-13.59,29.47,29.74,6.38,20.01,2.75,50.71,44.27,24.49,240.14,-2.63,2.39,17.03,8.57,-2.77,-29.42,26.95,-1.17,-1.38,1.39,4.51,3.54,39.49,58.6,40121000000.0
6428,OIZUMI Corporation,Communication Services,73.33,3.65,12.29,,-25.48,-21.38,-5.37,4.55,-17.41,29.22,4.84,1.23,7.28,11.76,422.0,3.25,0.47,4.75,5.86,7.99,-5.98,18.01,1.13,1.45,0.09,1.62,2.57,53.25,34.56,8004695000.0
6430,"Daikoku Denki Co., Ltd.",Technology,363.98,4.04,6.29,,9.76,5.71,17.31,5.33,10.93,16.34,21.14,23.16,8.2,20.21,46.17,17.8,21.29,22.28,12.63,-5.49,6.74,69.25,12.45,20.56,18.25,20.93,8.03,99.94,45.51,19589756000.0
6432,"Takeuchi Mfg. Co., Ltd.",Industrials,3372.08,3.01,11.93,,5.82,1.47,4.98,-0.14,4.09,6.79,2.46,7.31,2.53,5.52,28.84,16.73,17.42,16.6,11.86,5.65,0.28,18.81,14.55,20.95,16.31,17.64,13.03,,24.94,57170000000.0
6433,"HEPHAIST Co., Ltd.",Industrials,82.78,0.15,,,-2.07,-2.5,-1.57,-5.46,-2.05,-1.97,-2.22,2.01,-0.48,-0.73,53.41,-16.02,-5.41,-6.87,-0.23,-27.09,-2.83,-4.29,-8.16,-9.32,-3.38,-5.49,0.08,56.18,12.08,402946000.0
6436,Amano Corporation,Technology,2707.4,6.45,13.65,,5.74,6.36,6.62,5.38,6.24,9.21,9.11,8.78,7.0,9.03,30.84,12.78,13.13,12.8,11.89,0.6,14.76,15.1,11.94,20.47,11.16,10.02,8.31,90.43,45.5,61686000000.0
6440,Juki Corporation,Industrials,232.93,1.9,12.92,,41.58,28.46,-1.4,-72.39,22.88,50.28,40.23,9.68,-62.86,33.4,53.66,3.0,-1.01,-2.85,2.43,-6.75,0.46,-19.33,1.83,2.11,-1.4,-3.62,0.04,36.87,29.49,13136000000.0
6444,Sanden Corporation,Consumer Cyclical,219.74,0.0,4.44,,-31.43,-65.9,-11.58,-73.33,-36.3,12.14,-20.32,42.65,-46.08,11.49,87.23,-0.79,-3.51,-6.15,-3.26,3.82,2.55,2.05,-0.88,-1.07,7.85,-12.68,-21.99,28.43,14.77,18130000000.0
6445,JANOME Corporation,Consumer Cyclical,227.36,4.42,41.31,,5.79,6.26,6.76,11.87,6.27,7.83,11.55,9.1,14.78,9.49,32.5,4.91,6.14,4.71,5.51,7.23,-0.37,-5.43,2.41,3.13,5.15,3.23,-8.79,94.16,38.78,8613000000.0
6448,"Brother Industries, Ltd.",Industrials,11680.17,2.14,19.13,,5.73,3.67,8.01,-2.4,5.8,9.5,7.71,12.07,1.24,9.76,41.89,8.72,7.97,6.05,6.79,5.25,3.15,0.94,7.78,10.66,7.2,4.49,5.99,99.9,42.53,206467000000.0
6454,"Max Co., Ltd.",Industrials,3323.99,2.13,24.59,,3.43,3.49,2.76,1.4,3.23,4.45,4.39,3.65,2.48,4.16,22.66,17.64,15.75,14.54,11.77,8.46,6.0,2.75,11.33,18.08,10.01,9.51,8.1,98.92,49.29,43362000000.0
6455,Morita Holdings Corporation,Industrials,1043.3,3.18,11.31,,3.14,8.74,7.53,-0.49,6.47,4.59,10.92,10.71,2.05,8.74,27.05,13.26,12.29,9.93,6.25,4.34,17.37,17.04,9.76,13.19,9.68,6.67,4.01,98.21,29.13,26544000000.0
6457,Glory Ltd.,Industrials,2327.63,3.41,16.52,,16.38,14.44,-10.06,0.89,6.92,19.66,17.98,-7.08,4.43,10.19,-1.88,8.92,11.42,13.72,0.2,-7.88,-1.03,45.58,3.39,3.53,5.55,10.37,0.25,68.22,45.66,22231000000.0
6458,Sinko Industries Ltd.,Industrials,833.94,4.03,12.48,,1.43,2.9,7.23,2.67,3.85,9.61,6.88,10.69,4.9,9.06,58.45,15.92,17.52,16.61,13.39,4.09,9.75,15.93,9.15,12.1,11.14,9.58,7.04,88.79,38.12,17425000000.0
6459,Daiwa Ltd.,Industrials,829.95,3.55,16.77,,3.51,1.08,9.29,4.45,4.63,5.18,4.16,10.71,5.17,6.68,39.83,15.94,16.85,17.7,15.9,-2.13,4.28,4.61,7.19,45.55,8.09,8.77,7.51,,56.12,59410621000.0
6460,Sega Sammy Holdings Inc.,Communication Services,6628.09,1.69,13.21,,1.91,1.36,8.41,5.11,3.89,3.91,3.15,10.09,6.74,5.72,41.56,9.67,11.22,12.34,12.01,13.66,-8.53,20.35,14.42,20.89,7.45,8.91,11.91,71.45,44.18,153875000000.0
6463,"TPR Co., Ltd.",Consumer Cyclical,1014.31,3.82,11.15,,10.45,12.81,14.03,11.47,12.43,22.4,21.44,24.04,20.79,22.63,45.07,5.39,5.83,6.46,3.84,-1.01,-0.69,8.52,3.82,5.51,4.06,4.84,2.49,89.24,21.88,61616000000.0
6464,"Tsubaki Nakashima Co., Ltd.",Industrials,131.61,0.0,3.1,,65.2,7.92,-25.63,-74.42,15.83,79.92,37.03,10.68,-31.43,42.54,145.7,-31.87,1.07,6.51,-11.47,-8.01,-1.51,-2.47,-19.19,-26.17,0.33,2.33,-6.18,29.34,4.65,34633000000.0
6465,Hoshizaki Corporation,Industrials,7470.12,2.15,19.48,,2.61,4.91,4.1,-0.06,3.87,4.09,6.34,5.05,0.69,5.16,25.82,10.69,11.46,11.65,8.52,9.07,19.26,16.25,8.96,16.11,9.44,9.19,6.82,98.42,37.34,177089000000.0
6466,"TVE Co., Ltd.",Industrials,98.29,1.71,9.58,,-34.46,15.51,4.77,-8.36,-4.73,0.28,18.72,11.31,-3.89,10.1,4177.36,5.85,9.16,5.07,-1.02,-9.24,19.41,10.36,3.24,4.04,5.9,3.32,3.14,99.61,24.94,2392771000.0
6467,Nichidai Corporation,Industrials,31.52,1.72,3.67,,-8.72,-5.06,1.86,-8.13,-3.97,19.38,24.18,23.5,6.61,22.35,119.33,-3.72,1.32,-0.38,-1.86,-5.26,2.46,4.39,-3.51,-4.31,0.54,-0.06,-2.57,94.59,16.4,2245815000.0
6469,"Hoden Seimitsu Kako Kenkyusho Co., Ltd.",Industrials,314.55,0.69,38.22,,4.63,-0.97,0.5,-3.18,1.39,7.18,1.32,3.23,-0.41,3.91,97.9,7.85,5.34,1.89,-2.67,10.97,6.07,4.12,8.19,10.52,5.48,2.02,-11.93,62.04,25.34,2738751000.0
6470,"Taiho Kogyo Co., Ltd.",Consumer Cyclical,327.04,2.02,25.54,,11.96,-11.69,14.14,0.61,4.8,25.89,19.1,32.84,17.95,25.94,90.66,2.18,0.55,2.23,0.67,5.84,0.66,6.55,3.7,5.02,5.43,1.55,0.41,75.93,14.8,23260000000.0
6471,NSK Ltd.,Consumer Cyclical,5382.53,3.1,23.62,,5.91,7.64,2.31,-3.51,5.29,15.27,18.54,11.92,4.22,15.24,66.91,3.9,2.96,2.92,5.23,14.43,0.99,1.56,3.38,4.81,1.88,1.9,4.27,66.93,20.98,199698000000.0
6472,NTN Corporation,Industrials,2326.3,3.36,16.72,,10.74,8.24,16.35,4.51,11.78,24.58,19.61,27.99,14.71,24.06,51.93,3.76,2.78,3.37,2.22,0.09,-1.28,8.05,4.63,5.91,10.37,3.3,3.18,51.02,18.37,132630000000.0
6473,JTEKT Corporation,Consumer Cyclical,6766.14,3.34,56.66,,2.81,-1.19,10.79,2.9,4.14,16.03,11.86,22.83,11.57,16.91,81.75,1.29,2.04,3.29,2.94,2.15,-0.38,12.71,1.3,1.53,2.09,3.64,3.57,79.24,15.43,150544000000.0
6474,Nachi-Fujikoshi Corp.,Industrials,1200.97,2.01,17.99,,7.39,15.52,-4.71,-8.16,6.07,14.94,26.19,10.02,9.34,17.05,79.42,4.14,2.77,4.47,6.6,-1.66,-9.63,2.85,2.46,2.82,1.54,2.58,4.81,65.87,22.45,32204000000.0
6479,MINEBEA MITSUMI Inc.,Technology,14437.36,1.66,14.58,,0.5,3.13,1.53,-6.42,1.72,6.57,9.26,7.05,3.05,7.63,78.94,6.25,6.2,5.24,7.55,9.3,8.6,8.51,5.58,6.75,5.67,5.04,7.89,65.73,17.6,238487000000.0
6480,"Nippon Thompson Co., Ltd.",Industrials,1290.72,1.74,32.05,,4.64,2.18,-5.81,3.15,0.34,7.34,5.0,-1.93,4.96,3.47,-36.06,6.51,2.16,5.75,13.86,15.9,-1.21,-19.36,3.13,4.03,0.31,1.57,7.31,77.44,32.05,25002000000.0
6481,"THK Co., Ltd.",Industrials,7205.23,3.18,29.46,,-0.16,1.71,1.13,-0.5,0.89,3.94,5.46,5.21,2.17,4.87,83.7,6.66,7.12,6.73,8.61,7.95,-36.71,-10.6,2.79,3.94,2.07,3.76,4.38,66.38,29.32,112009000000.0
6482,Yushin Company,Industrials,225.12,2.76,84.19,,4.48,-4.53,-1.0,19.11,-0.35,6.0,-1.68,0.53,20.46,1.62,48.13,3.58,9.9,10.32,11.8,-11.58,10.63,5.55,1.42,2.17,5.11,4.92,5.84,,39.18,11865318000.0
6484,KVK Corporation,Consumer Cyclical,181.1,4.01,8.26,,-5.8,13.5,-15.09,2.55,-2.46,1.72,19.69,3.4,12.75,8.27,337.19,8.78,8.97,8.49,8.24,4.22,-0.51,0.19,6.25,7.01,6.42,6.59,6.66,,25.13,3348211000.0
6485,"Maezawa Kyuso Industries Co.,Ltd.",Industrials,336.49,3.64,12.82,,3.01,3.86,3.88,-6.83,3.58,7.28,7.32,6.12,-3.78,6.91,47.52,8.61,10.04,7.71,7.04,0.12,-1.14,3.22,4.86,6.38,5.76,4.09,3.8,99.99,29.76,9737000000.0
6486,"Eagle Industry Co.,Ltd.",Industrials,1396.13,4.64,14.09,,9.54,1.65,4.23,2.25,5.14,15.78,9.81,12.71,8.83,12.77,63.15,7.59,5.05,4.85,5.89,5.54,0.68,6.14,5.76,7.17,3.86,3.68,4.73,78.37,25.75,33681000000.0
6488,Yoshitake Inc.,Industrials,133.03,3.44,9.0,,7.27,8.72,7.95,1.17,7.98,9.7,10.67,10.91,7.23,10.43,23.49,12.77,10.86,9.77,11.84,5.08,9.95,19.1,4.77,6.49,4.23,3.9,4.46,98.39,40.35,4878616000.0
6490,PILLAR Corporation,Industrials,2366.14,1.6,26.65,,3.45,3.02,-2.46,1.51,1.34,6.39,5.99,2.38,2.56,4.92,99.64,20.36,19.55,24.24,28.42,2.57,-1.05,20.33,9.4,13.07,9.17,12.42,16.3,87.97,41.0,25531000000.0
6492,Okano Valve Mfg.Co.Ltd.,Industrials,243.58,0.53,22.16,,7.86,1.22,3.36,3.11,4.15,9.3,1.93,4.09,3.53,5.11,23.45,14.52,10.96,7.13,6.29,10.29,7.55,17.73,8.46,13.34,5.58,3.87,2.82,91.45,32.23,4403000000.0
6493,NITTAN Corporation,Consumer Cyclical,141.15,4.12,6.33,,25.15,8.76,25.54,15.96,19.82,55.15,30.5,49.32,33.99,44.99,57.97,7.74,2.93,4.09,3.44,0.45,3.98,18.15,7.13,9.85,2.06,3.07,2.34,79.52,17.69,11565178000.0
6494,"NFK Holdings Co., Ltd.",Industrials,48.74,0.0,54.35,,4.79,-0.14,5.93,-0.4,3.53,5.55,0.09,9.92,-0.07,5.19,102.51,7.4,6.58,5.98,7.07,76.9,-2.13,-1.38,2.27,5.62,1.81,3.07,3.14,88.71,31.48,3848655000.0
6495,"Miyairi Valve Mfg. Co., Ltd.",Industrials,52.97,1.8,86.61,,2.2,-9.3,3.21,12.32,-1.3,5.94,1.97,8.21,15.58,5.37,232.32,1.58,1.21,3.42,4.19,3.81,10.2,-2.74,1.14,1.21,2.03,2.97,4.18,65.23,15.13,353826000.0
6496,"Nakakita Seisakusho Co., Ltd.",Industrials,200.37,2.01,11.36,,-12.84,-16.89,2.5,-9.86,-9.08,-1.45,-12.57,4.05,8.15,-3.32,-260.16,5.34,4.87,6.46,5.18,23.08,27.72,17.95,3.59,4.21,2.9,3.15,2.34,84.87,16.51,4880788000.0
6497,Hamai Industries Ltd.,Industrials,97.52,3.16,9.4,,2.19,1.38,-1.68,7.21,0.63,6.68,5.49,3.32,10.98,5.16,97.64,9.62,9.24,9.17,9.8,5.14,8.63,-0.56,5.07,6.76,3.65,4.55,5.85,99.03,19.61,4297323000.0
6498,KITZ Corporation,Industrials,1743.63,3.31,14.47,,1.35,4.88,4.08,0.65,3.44,7.82,10.64,9.18,4.9,9.21,64.16,8.75,8.27,8.2,6.91,2.7,3.06,4.39,7.25,8.9,7.22,7.09,6.33,70.6,26.58,28239000000.0
6501,"Hitachi, Ltd.",Industrials,247213.6,1.02,31.37,,4.73,3.16,2.31,1.68,3.4,6.75,4.74,3.87,3.35,5.12,34.5,11.33,9.93,7.77,6.88,8.21,0.56,-10.59,10.58,13.6,9.4,8.33,8.97,86.48,30.03,1678784000000.0
6503,Mitsubishi Electric Corporation,Industrials,107212.78,1.14,26.42,,3.11,2.14,1.93,-0.08,2.39,5.37,4.25,3.88,1.55,4.5,47.33,7.35,7.1,6.25,5.24,6.76,5.02,5.08,7.37,8.8,7.21,6.45,5.55,93.32,32.05,788897000000.0
6504,"Fuji Electric Co., Ltd.",Industrials,19876.7,1.6,20.45,,1.99,2.93,0.54,2.77,1.82,6.22,7.29,4.27,5.84,5.93,71.77,11.13,10.47,9.61,8.81,9.27,1.83,9.29,11.41,12.42,11.16,10.69,10.15,92.56,28.02,70931000000.0
6505,Toyo Denki Seizo K.K.,Industrials,236.47,4.73,7.47,,-7.02,0.11,6.14,2.0,-0.26,-3.49,2.54,7.81,3.45,2.29,5.44,7.69,5.88,2.89,1.67,-0.15,26.13,3.59,5.75,6.47,5.12,1.7,1.03,75.15,29.09,4529000000.0
6506,YASKAWA Electric Corporation,Industrials,11619.68,1.6,33.02,,0.51,1.65,2.03,-2.08,1.4,4.49,4.86,4.7,-0.19,4.68,70.48,8.73,9.33,11.5,12.29,0.83,-6.6,3.54,5.88,6.6,7.0,10.31,11.7,80.34,35.28,64385000000.0
6507,"Sinfonia Technology Co.,Ltd.",Industrials,3583.39,1.27,24.79,,1.53,2.26,0.73,0.55,1.51,3.6,3.17,2.75,1.68,3.17,53.37,14.4,13.21,9.75,10.68,7.59,16.07,-5.65,12.39,13.83,11.93,7.59,10.3,85.67,28.83,11619000000.0
6508,Meidensha Corporation,Industrials,5198.71,1.5,22.0,,0.43,4.79,-0.07,0.26,1.72,3.37,6.82,1.73,2.64,3.97,73.68,8.32,7.15,4.42,3.13,8.33,4.59,5.61,9.64,11.27,9.29,5.06,3.77,82.32,28.37,31826000000.0
6513,"Origin Company, Limited",Technology,67.68,3.06,,,-25.51,-35.71,-11.66,14.34,-24.29,-10.71,-5.96,0.17,26.19,-5.5,2131.94,-3.51,-0.86,-2.07,1.79,-6.68,2.12,-11.96,-9.25,-12.28,-0.09,-2.8,1.05,86.26,20.6,6685761000.0
6516,"Sanyo Denki Co., Ltd.",Industrials,1928.47,3.32,22.26,,4.13,6.22,7.62,2.19,5.99,5.62,8.19,11.12,4.28,8.31,27.32,10.14,8.11,10.46,11.11,9.71,-13.34,-6.54,6.09,8.22,4.73,7.6,9.63,96.18,27.9,34141000000.0
6517,"Denyo Co., Ltd.",Industrials,823.53,4.19,14.86,,2.51,1.53,2.86,-2.58,2.3,5.43,8.88,5.07,2.47,6.46,60.03,10.74,10.45,9.69,7.58,2.11,-3.26,13.73,6.35,8.6,6.51,6.54,5.01,96.55,24.84,22129000000.0
6518,"Sanso Electric Co.,Ltd.",Industrials,79.19,1.44,13.91,,9.25,-21.55,17.26,7.1,1.65,21.62,3.81,25.77,14.67,17.07,251.73,4.34,0.43,3.84,4.84,14.12,-9.27,-5.11,3.8,4.99,0.26,3.33,5.04,87.29,18.36,3350037000.0
6521,OXIDE Corporation,Technology,378.04,0.0,70.41,,5.74,-2.18,-7.2,-4.27,-1.21,7.53,2.34,-2.52,-0.32,2.45,10.51,5.41,1.5,-14.88,9.34,19.6,27.06,14.85,2.28,2.8,0.76,-5.12,4.85,40.07,33.56,2287394000.0
6522,Asterisk Inc.,Technology,106.67,0.0,,,1.5,-0.96,-9.96,-0.98,-3.14,1.73,-0.7,-6.44,2.81,-1.8,-26.4,-7.54,-14.24,-10.91,16.62,5.57,-10.31,-26.9,-5.68,-9.17,-13.58,-7.68,13.12,72.88,37.3,932258000.0
6523,PHC Holdings Corporation,Healthcare,1809.17,3.01,365.73,,18.44,16.77,14.74,5.45,16.65,23.47,23.18,22.83,11.82,23.16,28.17,6.2,6.35,0.49,5.76,0.78,2.17,-0.71,0.2,0.22,3.18,0.4,-81.15,42.36,45.35,44745000000.0
6524,"Kohoku Kogyo CO.,LTD.",Technology,1386.11,0.75,30.81,,1.74,1.52,1.42,1.36,1.56,2.41,2.77,2.58,1.99,2.59,39.3,26.49,24.74,20.88,24.79,9.61,18.2,-14.04,12.38,19.03,11.17,8.9,13.32,92.29,43.61,8917000000.0
6525,Kokusai Electric Corporation,Technology,21704.7,0.73,72.57,,1.46,0.5,-0.42,1.02,0.51,2.25,1.77,0.14,1.38,1.39,171.28,17.8,21.48,17.0,22.82,-1.61,32.13,-26.41,11.62,14.75,14.3,8.29,15.65,81.7,41.18,56543000000.0
6526,Socionext Inc.,Industrials,3933.49,2.17,45.38,,-3.87,3.89,7.58,-0.45,2.53,1.96,8.1,13.44,4.58,7.83,131.14,6.15,13.26,16.05,11.26,6.52,-14.78,14.77,6.9,10.37,13.96,18.79,16.49,,44.7,44541000000.0
6532,"Baycurrent, Inc.",Industrials,11278.08,1.69,30.78,,2.82,1.84,1.88,1.41,2.18,2.89,2.16,1.92,1.42,2.32,6.45,34.34,36.72,36.44,39.32,27.81,23.58,23.42,32.22,90.05,32.19,33.24,36.12,95.0,56.62,75328000000.0
6533,Orchestra Holdings Inc.,Communication Services,114.71,4.12,171.51,,9.53,8.48,-4.65,9.65,4.45,9.78,8.75,-4.22,9.7,4.77,-1.49,5.84,5.01,6.08,13.02,11.85,-90.49,16.69,1.99,2.07,1.39,4.4,11.6,51.3,5.84,223260000.0
6535,"i-mobile Co.,Ltd.",Communication Services,274.88,4.03,9.66,,12.13,14.72,11.3,,12.72,13.8,15.96,11.73,,13.83,7.87,,18.94,21.47,27.22,,14.06,17.89,,,17.71,18.55,,,99.01,18602000000.0
6537,"Washhouse Co.,Ltd.",Consumer Cyclical,20.29,0.0,9.13,,-6.55,4.53,-0.64,-4.34,-0.89,0.3,11.53,4.68,-0.49,5.5,830.34,0.79,1.1,0.73,-2.86,21.41,8.83,-0.36,0.28,0.47,0.68,0.79,-0.87,58.73,31.59,1085000000.0
6538,Disruptors Inc.,Industrials,51.12,1.99,7.55,,17.33,10.45,4.71,5.89,10.83,19.52,10.54,5.95,6.42,12.0,10.96,14.2,8.2,1.75,15.97,19.1,13.99,12.68,17.61,33.04,6.93,1.84,5.06,83.01,65.02,1538000000.0
6539,"Matching Service Japan Co., Ltd.",Industrials,246.54,5.62,23.83,,6.26,5.52,4.07,5.35,5.28,6.58,6.07,4.5,5.89,5.72,7.77,21.89,21.47,35.49,41.68,2.32,63.38,6.55,11.05,22.32,10.39,10.71,11.78,,77.49,4914840000.0
6540,Semba Corporation,Industrials,161.85,5.14,13.36,,-13.54,20.94,-4.8,6.99,0.87,-13.23,21.8,-4.05,7.91,1.51,-5.7,7.02,6.62,5.17,3.4,13.38,16.36,9.1,9.95,29.94,10.03,7.21,3.74,,18.55,9740011000.0
6543,Nissen Inc.,Communication Services,46.7,2.8,6.98,,8.54,11.46,-2.14,4.67,5.95,9.32,11.9,6.12,5.13,9.11,49.03,7.49,7.12,5.75,6.33,17.12,5.91,3.28,7.23,18.78,6.84,5.72,6.28,95.68,26.24,2590516000.0
6544,"Japan Elevator Service Holdings Co.,Ltd.",Industrials,2691.29,1.37,36.75,,2.53,1.51,0.99,0.28,1.68,3.27,2.1,1.96,1.58,2.44,33.49,19.12,17.47,16.16,14.35,16.66,16.96,20.94,27.6,32.52,23.46,19.5,14.74,79.61,38.71,4171000000.0
6545,internet infinity Inc.,Healthcare,41.64,3.23,17.77,,13.55,5.86,7.76,6.15,9.06,16.51,11.22,9.11,7.27,12.28,26.83,9.11,7.77,4.64,2.15,14.16,4.08,11.08,9.47,25.09,8.04,5.31,1.48,57.53,41.41,1956560000.0
6546,Fulltech Co.Ltd.,Industrials,62.85,2.88,91.6,,-16.06,10.07,5.65,2.39,-0.11,-13.89,11.98,10.33,5.99,2.81,15.21,3.36,4.44,3.51,0.59,-1.79,8.05,7.1,3.31,4.31,5.56,3.7,0.68,94.1,34.86,1802453000.0
6547,"Greens Co.,Ltd.",Consumer Cyclical,288.84,2.67,5.87,,21.33,18.53,13.26,-11.61,17.71,24.45,20.82,16.03,-3.56,20.43,13.67,,12.7,12.25,10.15,,21.18,12.43,,,28.01,28.03,22.8,47.31,33.24,10013000000.0
6548,Tabikobo Co. Ltd.,Consumer Cyclical,25.11,0.0,16.28,,-64.66,5.12,-3.49,-57.87,-21.01,-64.66,5.12,-3.49,-57.87,-21.01,0.0,-3.54,-3.0,-8.89,-70.38,28.04,34.21,119.78,-12.91,-61.59,-10.35,-9.23,-73.36,61.12,21.22,981291000.0
6549,"DM Solutions Co.,Ltd",Communication Services,61.73,1.9,10.02,,10.66,-0.02,-20.8,8.47,-3.39,15.06,12.09,7.16,9.87,11.44,173.32,3.67,3.21,3.12,2.59,20.82,16.19,1.94,10.51,14.27,8.68,7.84,9.37,65.46,15.54,1631160000.0
6551,"Tsunagu Group Holdings, Inc.",Industrials,50.52,3.28,9.66,,21.3,10.89,10.82,6.23,14.34,22.4,12.57,12.93,9.48,15.97,11.53,4.8,3.84,2.95,1.69,11.47,9.06,18.12,24.18,51.43,22.56,10.65,5.41,85.48,43.63,1148474000.0
6552,GameWith Inc.,Communication Services,29.86,0.0,119.58,,6.27,-11.03,4.42,6.12,-0.11,10.14,-8.99,4.73,6.33,1.96,7.33,2.51,-5.7,1.92,9.61,17.24,-1.31,-0.41,0.93,6.48,-7.96,2.88,4.74,,38.45,2320604000.0
6554,"SUS Co.,Ltd.",Industrials,105.12,4.34,10.41,,8.81,6.42,0.93,5.71,5.39,10.1,7.09,4.23,6.04,7.14,33.4,8.08,6.27,5.29,6.99,13.59,14.94,9.9,20.56,105.16,17.31,13.66,11.12,,26.07,3407000000.0
6555,"MS&Consulting Co., Ltd.",Technology,19.12,0.0,10.57,,14.43,-7.45,-3.42,24.29,1.19,21.27,0.69,0.34,27.02,7.43,778.54,9.75,-9.32,7.51,14.71,1.29,6.73,8.05,5.56,8.31,-9.92,3.8,7.2,95.17,33.52,1030298000.0
6557,AIAI Group Corporation,Healthcare,45.37,0.0,7.33,,12.89,22.9,26.27,-0.33,20.69,19.95,30.72,38.95,19.26,29.87,31.14,7.55,5.61,4.5,0.75,11.95,10.6,9.2,3.46,4.23,5.51,3.93,1.87,16.71,19.05,4105074000.0
6558,"Cookbiz Co.,Ltd.",Industrials,18.4,0.0,,,-27.08,-9.23,-10.07,13.81,-15.46,-21.15,13.86,1.53,16.07,-1.92,298.38,-13.08,2.85,10.9,11.53,-12.7,22.95,77.42,-13.0,-32.15,0.11,9.07,6.98,33.33,62.01,1863306000.0
6560,"LTS, Inc.",Industrials,78.83,2.21,8.19,,-6.79,6.85,7.21,-0.42,2.42,-4.14,10.35,8.21,3.24,4.81,-6.03,6.94,6.68,5.82,5.2,3.07,35.53,27.03,10.67,19.04,8.73,4.83,8.76,67.85,35.63,3376000000.0
6561,"Hanatour Japan Co., Ltd.",Consumer Cyclical,103.08,5.15,7.97,,16.9,14.56,10.91,-6.8,14.12,19.13,17.71,12.49,-6.56,16.44,14.02,27.83,26.0,15.91,-69.22,7.77,29.26,156.09,37.58,100.52,38.23,37.28,-45.22,53.48,79.63,2947183000.0
6562,"Geniee, Inc.",Communication Services,122.88,0.0,14.18,,7.97,7.35,2.28,5.13,5.87,20.07,18.16,9.27,11.31,15.83,65.09,11.48,22.26,19.21,38.06,18.15,41.3,24.13,5.63,6.7,13.55,8.25,17.04,50.65,73.08,3191755000.0
6563,Mirai Works Inc.,Industrials,24.4,0.0,21.42,,4.82,29.55,11.06,4.68,15.14,5.06,30.67,12.74,8.65,16.16,7.16,2.55,5.41,3.49,1.77,5.06,26.91,31.57,9.79,,12.08,15.59,5.49,,25.49,1447732000.0
6564,"Midac Holdings Co., Ltd.",Industrials,556.12,0.98,18.89,,-8.59,1.25,1.4,1.53,-1.98,5.06,7.51,4.77,5.12,5.78,141.27,39.88,41.58,37.06,35.45,8.61,14.23,22.84,9.43,11.92,11.77,8.59,9.07,56.99,62.48,6495083000.0
6566,"Kaname Kogyo Co.,Ltd.",Industrials,201.41,2.29,12.75,,5.39,5.02,6.09,7.68,5.5,10.18,10.59,8.97,9.6,9.91,43.92,14.14,14.54,13.05,13.35,3.05,7.43,3.64,6.72,9.8,7.34,6.25,6.61,93.39,23.09,6798038000.0
6568,"KNC Laboratories Co., Ltd.",Basic Materials,95.76,2.73,12.49,,-3.8,-18.98,8.88,9.02,-4.63,23.63,15.53,33.46,20.82,24.21,137.24,11.27,9.44,22.74,25.08,11.18,-10.66,6.1,4.33,4.94,3.69,9.86,11.57,,26.26,2173261000.0
6570,Kyowa Corporation,Consumer Cyclical,228.77,1.05,20.35,,1.84,-0.51,1.12,2.14,0.82,17.64,10.97,11.08,11.16,13.23,94.72,8.48,7.75,7.42,5.76,24.09,14.58,17.16,9.08,15.87,9.4,6.59,4.95,46.7,51.78,5363805000.0
6571,"QB Net Holdings Co.,Ltd.",Consumer Cyclical,173.69,6.27,21.58,,17.93,23.99,24.5,24.33,22.14,24.75,29.12,27.03,27.09,26.97,18.17,6.6,8.54,9.4,6.8,3.17,8.84,10.61,4.96,6.4,6.26,6.96,4.45,48.82,22.39,5289000000.0
6572,"OPEN Group, Inc.",Technology,149.33,2.41,24.63,,4.26,-0.46,3.94,2.4,2.58,6.01,2.28,6.86,5.09,5.05,63.88,12.33,9.05,8.44,5.13,12.78,17.17,3.49,5.49,17.45,7.17,2.04,0.39,71.99,69.49,10312431000.0
6573,CRAVIA Inc.,Communication Services,18.0,0.0,,,-15.97,-15.13,-32.49,-29.6,-21.2,-15.62,-14.79,-32.05,-28.65,-20.82,-1.98,-51.66,-66.29,-147.7,-49.88,19.91,57.43,-35.3,-51.25,-61.05,-63.07,-152.74,-82.03,80.23,10.27,89161000.0
6574,Convano Inc.,Consumer Cyclical,613.32,0.81,,,0.25,0.45,0.15,0.45,0.28,0.27,0.55,0.21,0.6,0.34,17.59,,4.16,-2.26,-1.54,,25.18,11.1,,,4.01,-9.36,-1.71,83.6,44.71,806173000.0
6577,"Bestone.Com Co.,Ltd",Consumer Cyclical,20.84,3.75,8.97,,13.87,5.73,-6.94,,4.22,13.87,5.73,-6.94,,4.22,0.0,,,8.41,1.47,,,135.6,,,,13.22,,43.89,28.7,1602898000.0
6578,"CORREC Co., Ltd.",Industrials,35.27,1.88,88.72,,2.25,4.56,4.02,-1.19,3.61,2.52,4.95,4.96,-1.17,4.14,12.59,0.94,3.41,3.04,6.54,3.36,64.22,-4.36,5.62,29.27,2.51,5.2,16.98,56.74,80.01,1460042000.0
6579,"logly,Inc.",Communication Services,13.04,0.0,,,-8.62,-11.2,-9.49,15.72,-9.77,-8.52,-10.08,-8.63,15.93,-9.08,-7.41,-3.16,-10.1,-0.11,4.86,-11.3,-21.87,-23.64,-10.7,-93.53,-22.18,-0.41,9.22,76.65,24.32,459079000.0
6580,"Writeup Co.,Ltd.",Industrials,42.65,2.17,17.03,,0.82,8.36,6.5,-1.53,5.23,2.35,9.74,8.21,-0.03,6.77,33.27,13.31,18.0,11.52,6.45,-11.85,44.22,24.78,8.91,41.17,15.45,8.71,4.45,99.97,84.44,2581754000.0
6584,"Sanoh Industrial Co., Ltd.",Consumer Cyclical,283.6,3.53,18.61,,-30.36,-3.35,8.99,-2.03,-8.24,5.21,29.91,35.75,20.03,23.62,289.53,2.56,3.05,5.14,0.96,-0.09,1.74,13.89,4.18,5.49,3.0,7.58,-0.26,47.29,14.36,24519000000.0
6586,Makita Corporation,Industrials,13903.11,3.91,18.0,,7.36,9.34,17.05,3.2,11.25,7.36,9.34,17.05,3.2,11.25,0.0,13.47,14.21,8.92,3.69,3.25,1.58,-3.05,7.7,10.87,8.35,5.08,1.43,98.33,36.52,291071000000.0
6588,Toshiba Tec Corporation,Technology,1558.9,1.38,11.86,,-6.19,5.09,2.27,2.63,0.39,2.76,15.96,12.45,9.69,10.39,158.14,2.52,3.51,2.89,3.15,-1.34,5.27,7.32,-14.3,-21.51,11.36,-7.36,-45.06,82.6,38.19,39513000000.0
6590,Shibaura Mechatronics Corporation,Technology,2484.43,1.67,22.24,,-1.05,1.64,1.57,1.36,0.72,1.86,2.81,2.41,1.84,2.36,77.67,17.34,17.47,17.3,17.88,8.8,19.77,10.75,17.82,26.69,18.67,18.68,22.85,86.09,39.5,21345000000.0
6592,"Mabuchi Motor Co., Ltd.",Consumer Cyclical,4067.95,4.07,13.97,,8.69,9.87,7.8,2.51,8.79,8.69,9.87,7.8,2.51,8.79,0.0,12.71,11.03,8.7,6.91,2.14,9.82,14.01,5.7,9.96,3.66,3.62,2.65,95.04,29.83,143405000000.0
6594,Nidec Corporation,Industrials,32555.2,1.92,27.05,,4.17,5.91,-0.31,-0.62,3.26,8.74,9.85,4.41,2.92,7.67,66.51,9.13,6.9,4.46,8.88,11.11,4.65,16.92,6.97,7.79,4.51,1.84,7.22,71.38,20.57,247525000000.0
6597,HPC SYSTEMS Inc.,Technology,161.08,0.86,34.92,,,25.01,-18.14,-7.54,3.44,,25.3,-17.34,-7.22,3.98,-1.73,,6.13,2.92,10.85,,-21.56,47.03,,,4.39,4.34,,23.69,29.12,1834204000.0
6599,"Ebrains, Inc.",Technology,66.7,1.34,18.29,,8.48,5.69,7.45,3.39,7.21,8.56,5.73,7.58,3.71,7.29,1.1,13.28,11.54,12.19,15.41,-0.8,0.96,-6.36,6.88,12.28,6.4,7.31,10.19,,23.08,2245601000.0
6612,BALMUDA Inc.,Consumer Cyclical,49.63,0.0,,,-19.45,23.13,-3.87,4.65,-0.06,-11.63,27.16,4.96,16.93,6.83,41.88,-8.56,0.1,-10.57,0.43,-18.83,-4.22,-26.05,-24.27,-29.89,0.17,-27.03,0.21,80.72,32.69,673000000.0
6613,"QD Laser, Inc.",Technology,938.89,0.0,723.87,,-1.29,-0.72,-0.63,-0.57,-0.88,-0.51,-0.54,-0.47,-0.55,-0.51,-72.8,-23.76,-34.05,-48.42,-48.02,4.88,4.92,7.59,-6.24,-13.12,-8.58,-10.71,-12.58,87.36,42.13,2741356000.0
6614,"Shikino High-Tech CO.,LTD.",Technology,38.19,1.74,5.96,,-26.65,-0.14,4.96,-4.13,-7.28,-25.16,5.17,12.97,1.58,-2.34,52.84,-2.62,0.86,8.52,10.15,-0.47,-8.12,9.5,-3.27,-3.48,0.3,15.54,19.02,66.81,14.82,218367000.0
6615,"UMC Electronics Co., Ltd.",Technology,67.25,4.18,28.18,,-17.9,108.44,67.03,-41.87,52.52,38.45,153.92,128.77,5.37,107.05,74.68,1.07,1.63,1.56,1.37,-14.56,0.49,-18.81,0.63,0.8,-7.73,3.69,2.31,34.64,5.79,10599000000.0
6616,Torex Semiconductor Ltd.,Technology,206.33,2.84,16.87,,4.51,-2.7,-12.9,-16.09,-3.7,15.16,16.28,9.34,6.28,13.59,141.65,4.33,-2.64,-6.91,12.44,4.66,-6.97,-19.42,3.13,4.5,-2.58,-5.77,8.97,61.86,25.41,9629015000.0
6617,"Takaoka Toko Co., Ltd.",Industrials,1083.55,1.94,16.9,,4.38,0.95,3.3,0.14,2.88,9.95,4.65,5.48,2.07,6.69,58.45,8.71,5.72,7.68,4.96,5.13,-0.7,9.85,9.81,12.84,6.53,9.51,6.69,97.59,25.54,16564000000.0
6619,W-SCOPE Corporation,Industrials,89.88,0.0,2.5,,-4.34,-268.67,-240.33,-49.04,-171.11,8.29,44.59,73.39,25.19,42.09,427.44,-135.51,-3.25,17.36,6.33,-88.31,-31.16,50.5,-10.03,-10.08,-1.75,10.49,3.99,84.71,-109.5,271000000.0
6620,"Miyakoshi Holdings, Inc.",Financial Services,269.29,0.0,,,-4.75,0.48,2.61,1.56,-0.55,-3.36,1.76,2.76,2.34,0.39,12.3,-85.17,27.57,37.03,35.41,-62.04,-9.41,-13.8,-1.57,-2.93,0.79,1.26,1.38,,49.36,11359000000.0
6622,DAIHEN Corporation,Industrials,3052.36,0.98,21.66,,-2.69,5.0,-5.4,-4.07,-1.03,1.62,7.87,-2.95,-2.37,2.18,73.18,7.9,7.15,8.03,8.94,5.02,20.05,1.77,5.66,6.61,5.67,6.03,8.48,67.73,28.82,34160000000.0
6625,JALCO Holdings Inc.,Technology,399.15,4.95,22.13,,-21.67,-13.57,-8.13,-12.31,-14.46,21.52,1.71,21.56,8.91,14.93,409.86,28.69,36.87,49.95,65.06,147.79,-46.16,156.63,4.09,4.47,0.51,7.09,4.58,19.39,35.89,7052808000.0
6626,SEMITEC Corporation,Technology,229.06,2.33,8.52,,12.69,22.66,16.29,20.97,17.21,12.69,22.66,16.29,20.97,17.21,0.0,13.89,15.46,15.75,15.83,0.49,11.73,-2.4,10.31,16.9,11.57,10.01,12.82,92.08,37.62,9619214000.0
6627,"Tera Probe, Inc.",Technology,1071.63,0.91,22.36,,-9.09,2.48,3.98,3.67,-0.88,18.79,16.3,17.11,15.89,17.4,103.29,21.3,18.73,20.3,20.59,12.5,4.82,6.6,9.05,11.41,10.58,11.62,10.17,61.47,28.21,14371741000.0
6629,"Techno Horizon Co.,Ltd.",Technology,141.51,3.17,5.75,,25.71,3.61,5.3,-14.0,11.54,28.35,6.01,9.67,-8.98,14.68,31.5,4.54,0.74,2.13,-1.21,1.49,4.12,11.1,7.1,8.68,4.48,3.05,-4.33,46.46,22.96,4594391000.0
6630,Ya-Man Ltd.,Consumer Defensive,429.72,1.17,29.2,,4.33,4.33,1.47,9.82,3.38,5.15,5.15,2.29,10.82,4.2,22.69,2.53,2.53,14.27,16.81,0.0,-41.76,5.01,1.55,3.81,1.44,15.93,17.91,99.59,56.77,14498000000.0
6632,JVCKENWOOD Corporation,Consumer Cyclical,1438.93,1.99,9.12,,7.78,4.67,8.45,7.5,6.97,23.46,21.86,23.05,18.49,22.79,69.61,5.83,5.86,5.09,6.59,-3.63,3.02,6.69,7.67,11.29,11.06,8.1,10.96,69.44,30.93,68220000000.0
6633,Cgs Holdings Inc.,Technology,29.74,3.19,28.66,,5.93,6.34,0.47,12.1,4.25,8.53,7.04,3.01,13.85,6.19,41.59,6.88,4.04,2.37,10.3,26.85,2.65,-13.47,8.31,48.02,2.81,1.52,10.52,,61.67,2780424000.0
6634,JN Group Inc.,Technology,31.9,0.0,,,-1.53,-11.42,-6.16,-9.68,-6.37,1.87,-11.06,-4.67,-9.17,-4.62,48.77,-6.28,-11.58,-24.41,15.49,67.22,145.79,-68.58,-2.37,-2.98,-5.94,-7.42,12.47,46.9,41.63,1470853000.0
6635,"Di-Nikko Engineering Co., Ltd.",Technology,45.03,2.38,12.12,,36.47,25.25,11.79,-17.66,24.5,56.91,38.74,21.68,-12.14,39.11,38.77,1.73,1.65,1.49,1.91,-5.15,-0.62,15.51,1.8,2.53,2.79,2.49,3.13,47.15,10.49,5379688000.0
6637,"Terasaki Electric Co.,Ltd.",Industrials,539.03,1.28,13.44,,-2.8,10.17,2.64,-3.87,3.34,2.17,15.45,7.09,-1.23,8.24,108.6,9.86,9.96,9.45,6.48,11.44,8.33,17.65,6.61,8.61,7.52,6.91,4.47,90.57,27.68,13929208000.0
6638,"Mimaki Engineering Co., Ltd.",Technology,649.34,2.56,9.62,,1.89,8.58,11.5,-3.17,7.32,7.12,12.11,14.73,0.76,11.32,41.52,11.26,10.85,7.25,6.01,-0.28,11.02,7.12,11.64,15.87,12.85,7.81,6.35,62.07,49.21,16365684000.0
6643,"Togami Electric Mfg. Co., Ltd.",Industrials,263.35,2.47,10.08,,5.82,3.62,2.44,2.73,3.96,9.21,10.68,8.16,5.68,9.35,57.65,12.19,12.19,10.08,7.1,11.2,3.43,7.76,10.81,15.29,10.76,8.91,6.35,97.72,25.38,7244780000.0
6644,"Osaki Electric Co., Ltd.",Technology,656.49,2.7,11.9,,5.23,6.16,4.02,-2.12,5.14,13.5,10.49,6.38,0.4,10.12,46.51,6.47,5.87,6.17,2.5,3.91,2.05,6.6,6.87,9.4,6.47,6.91,2.64,98.4,24.0,15920000000.0
6645,OMRON Corporation,Technology,12436.81,1.64,36.35,,0.63,0.55,-0.04,0.68,0.38,4.9,4.49,3.61,4.3,4.33,92.04,7.19,7.96,4.27,11.23,7.26,-12.63,-6.54,3.97,4.74,3.35,2.7,10.08,76.0,45.74,166541000000.0
6647,"Morio Denki Co., Ltd.",Industrials,50.95,1.58,7.9,,-3.6,-3.95,7.51,2.86,-0.01,0.89,-1.8,11.86,4.79,3.65,140.4,9.91,7.98,4.6,3.48,-6.23,23.69,-5.72,8.29,9.39,9.02,3.73,2.85,82.35,23.25,900986000.0
6648,Kawaden Corporation,Industrials,270.34,3.97,9.22,,15.06,3.94,-0.43,5.12,6.19,18.72,5.69,0.62,6.32,8.34,73.47,15.54,10.69,5.32,2.59,9.38,13.52,8.49,13.75,27.97,10.17,4.28,2.08,89.69,38.2,10837928000.0
6651,Nitto Kogyo Corporation,Industrials,1676.82,3.47,14.6,,10.94,11.11,7.35,2.24,9.8,10.94,11.11,7.35,2.24,9.8,0.0,7.89,7.27,7.45,5.57,6.01,14.92,9.55,7.75,10.19,7.16,6.73,5.06,84.12,27.36,35375000000.0
6652,IDEC Corporation,Industrials,1131.86,3.39,29.16,,1.82,0.72,2.59,3.61,1.71,6.58,9.94,4.86,6.19,7.13,70.56,8.39,5.42,8.63,16.77,8.29,-7.33,-13.3,3.86,4.77,2.16,4.62,12.0,75.25,44.33,18172000000.0
6653,"Seiko Electric Co., Ltd.",Technology,286.07,2.8,11.35,,7.39,-0.21,7.82,-2.19,5.0,13.31,1.19,11.15,-0.28,8.55,64.02,8.34,6.93,6.0,5.77,7.84,7.49,8.25,8.94,10.78,7.07,6.54,5.76,95.2,18.97,3260000000.0
6654,"Fuji Electric Industry Co., Ltd.",Industrials,56.11,2.97,26.55,,5.54,5.91,5.77,3.93,5.74,7.54,7.96,7.07,6.7,7.52,23.58,,7.69,10.73,9.47,,5.48,0.44,,,2.0,2.61,2.39,98.88,30.9,0.0
6656,inspec Inc.,Technology,31.62,0.0,41.21,,-18.7,15.09,0.11,-22.85,-1.17,-16.43,17.2,3.33,-18.63,1.37,31.69,4.37,4.86,-13.99,4.65,10.78,34.13,-27.16,3.14,3.72,4.54,-7.28,2.81,39.3,34.58,508538000.0
6658,"Shirai Electronics Industrial Co., Ltd.",Technology,67.33,4.46,5.13,,20.08,30.54,42.95,39.91,31.19,29.18,38.78,47.01,46.66,38.32,20.36,6.97,8.78,8.0,8.62,-0.75,1.75,-12.27,11.95,12.77,16.66,12.7,17.92,79.13,18.6,826000000.0
6659,"Media Links Co.,Ltd.",Technology,36.19,0.0,,,-13.11,-23.63,-14.94,-22.52,-17.23,-11.85,-21.13,-11.55,-21.96,-14.84,-17.25,-37.5,-18.74,-5.31,-6.72,-16.22,-10.34,23.35,-34.02,-48.57,-17.18,-5.14,-6.89,97.24,45.07,771875000.0
6662,"Ubiteq, Inc.",Technology,33.72,0.0,67.86,,-17.3,-5.97,-9.36,,-10.88,-10.63,-2.67,-6.55,,-6.62,-76.26,,,-24.21,-23.03,,,3.15,,,,-9.52,,,40.41,1434391000.0
6663,"Taiyo Technolex Co.,Ltd.",Technology,18.41,0.98,7.55,,-5.91,11.53,-11.04,7.92,-1.81,-3.35,13.51,-1.49,12.66,2.89,-233.95,3.8,-1.54,-4.16,-0.77,6.6,3.16,-5.9,3.46,5.65,-2.74,-4.49,-0.63,77.23,29.96,1257565000.0
6664,"Optoelectronics Co., Ltd.",Technology,39.0,0.0,,,-2.73,-10.9,-43.7,-5.38,-19.11,1.3,-6.44,-38.23,-3.16,-14.46,75.79,-3.76,-8.39,-6.72,4.38,6.78,-7.79,-4.62,-2.85,-4.44,-4.96,-5.73,-0.67,66.12,36.66,3734650000.0
6666,River Eletec Corporation,Technology,66.83,1.22,,,-1.86,-12.42,4.63,4.29,-3.22,4.72,2.78,14.57,18.76,7.36,251.26,-1.22,-1.33,0.16,16.41,1.51,4.48,-20.44,0.28,0.4,-1.08,0.31,9.87,49.99,21.45,2814990000.0
6668,"Adtec Plasma Technology Co., Ltd.",Industrials,365.38,0.84,22.32,,8.42,5.71,-9.38,-8.98,1.58,9.21,8.3,-4.11,-4.33,4.47,-29.5,38.03,37.2,17.98,22.18,12.23,-9.6,1.31,14.67,21.74,12.5,6.46,10.62,56.58,38.03,8284000000.0
6674,GS Yuasa Corporation,Consumer Cyclical,5415.24,1.79,12.93,,-0.3,-4.98,4.47,-0.59,-0.27,9.15,7.26,11.67,5.23,9.36,111.16,9.88,8.62,7.39,6.08,4.94,3.1,8.72,9.47,10.25,7.98,9.12,6.43,76.38,25.46,36747000000.0
6675,"SAXA, Inc.",Technology,384.81,2.1,27.86,,0.56,5.76,6.78,2.9,4.37,6.22,8.49,9.71,4.5,8.14,51.09,4.74,7.57,8.17,6.47,0.08,7.61,9.72,3.85,5.24,9.05,8.61,6.32,97.02,29.83,10394000000.0
6676,Buffalo Inc.,Technology,838.87,1.73,11.05,,3.93,15.67,3.69,-4.19,7.76,4.41,17.55,7.9,0.47,9.95,25.03,7.87,6.18,1.78,3.17,-18.03,-1.83,2.24,16.12,41.43,12.73,2.66,5.4,96.78,25.9,27215000000.0
6677,"SK-Electronics CO.,LTD.",Technology,341.02,4.68,11.72,,0.57,-0.76,8.3,16.9,2.7,15.05,11.41,15.67,18.39,14.04,83.29,13.21,11.89,17.0,15.34,13.45,-8.49,13.01,7.92,10.99,6.97,9.7,9.51,,23.7,9684641000.0
6678,"Techno Medica Co., Ltd.",Healthcare,136.33,4.58,13.16,,7.77,6.94,7.63,5.49,7.45,8.07,7.17,8.38,6.51,7.87,5.3,14.85,13.13,17.89,17.61,13.43,-3.68,9.78,8.13,21.56,6.88,9.65,6.95,,46.66,8976227000.0
6694,Zoom Corporation,Technology,35.16,3.92,,,4.5,9.84,16.72,-24.28,10.35,17.12,16.62,23.24,-16.68,18.99,47.51,-0.33,2.94,3.2,5.02,-3.51,0.95,35.25,-0.57,-0.75,1.14,2.11,3.8,48.71,37.11,3091856000.0
6696,TRaaS On Product Inc.,Technology,15.16,0.0,,,-4.37,-1.13,-8.46,-0.09,-4.65,-1.97,1.85,-4.79,1.2,-1.64,-12.4,-7.44,1.28,-22.39,-1.3,18.09,32.33,-37.37,-7.93,-17.84,0.39,-15.08,-1.35,68.14,45.71,279254000.0
6699,"Diamond Electric Holdings Co., Ltd.",Consumer Cyclical,58.89,5.07,25.08,,-47.09,37.42,-32.7,-110.49,-14.12,-23.42,60.92,36.03,-59.28,24.51,42.75,2.51,2.48,0.25,-1.3,5.5,-1.72,2.45,1.1,1.26,1.47,1.23,-2.78,27.2,16.06,6472000000.0
6701,NEC Corporation,Technology,63863.47,0.83,23.7,,5.43,3.03,2.68,1.17,3.71,6.87,5.39,4.25,2.38,5.5,33.8,10.05,7.49,5.41,5.14,4.65,-1.55,4.96,9.79,13.46,8.09,7.28,6.44,79.69,32.97,687495000000.0
6702,Fujitsu Limited,Technology,69662.83,1.38,23.03,,3.29,2.05,1.63,0.75,2.32,4.85,4.36,4.44,3.16,4.55,49.5,9.94,7.47,4.29,9.04,-1.33,2.1,-6.38,12.17,15.37,10.22,11.65,12.29,93.89,35.59,450366000000.0
6703,"Oki Electric Industry Co., Ltd.",Technology,2407.2,2.35,11.19,,2.53,9.31,3.21,-8.18,5.02,8.58,16.31,10.27,-1.31,11.72,60.68,4.47,4.12,4.43,0.65,-6.81,7.25,14.29,5.5,6.33,6.28,10.48,9.39,66.19,24.94,35897000000.0
6706,"DKK Co., Ltd.",Technology,291.23,3.12,15.32,,-13.96,-12.79,-6.76,-5.62,-11.17,-8.48,-6.26,-2.59,-2.99,-5.78,-110.03,3.44,2.87,-6.19,-4.75,8.79,12.88,-9.28,1.8,2.48,1.06,-3.54,-3.58,86.86,20.29,11644000000.0
6707,"Sanken Electric Co., Ltd.",Technology,1378.95,0.0,2.13,,-10.02,-20.27,-10.77,-2.82,-13.69,-6.45,-7.04,11.26,13.92,-0.74,-15.85,-5.9,-3.11,8.31,11.61,-34.08,-48.3,4.36,-2.61,-3.16,-1.75,1.91,11.6,59.51,9.36,34840000000.0
6718,"Aiphone Co.,Ltd.",Technology,466.45,4.58,18.91,,-2.67,9.94,17.74,-17.0,8.34,4.65,12.26,19.41,-10.25,12.11,61.67,4.45,6.03,8.59,7.12,-0.53,3.23,16.14,2.9,4.4,4.56,6.06,4.38,99.34,42.09,23896000000.0
6721,Wintest Corp.,Technology,43.55,0.0,,,-17.95,-15.25,-12.83,-14.09,-15.34,-17.25,-15.21,-12.82,-14.09,-15.09,-1.48,-284.04,-259.85,-137.06,-329.74,2.87,2.37,93.73,-222.66,-262.35,-115.94,-30.58,-40.68,78.89,-114.44,82957000.0
6723,Renesas Electronics Corporation,Technology,63560.08,0.8,18.7,,5.02,2.68,5.78,6.15,4.49,7.12,5.36,7.81,7.54,6.76,35.14,15.23,16.54,26.59,28.26,-2.02,-8.23,-2.09,9.41,10.35,4.88,11.77,13.13,71.12,57.05,334498000000.0
6724,Seiko Epson Corporation,Technology,10484.4,2.49,57.61,,4.91,6.47,10.39,0.21,7.26,10.72,13.17,15.79,5.85,13.23,46.41,3.51,5.51,4.38,7.29,3.69,3.72,-1.23,1.66,2.28,5.14,4.25,7.31,76.22,35.43,295061000000.0
6727,"Wacom Co., Ltd.",Technology,1168.29,2.82,12.4,,7.19,6.25,12.97,-2.22,8.8,8.85,7.13,14.96,-0.9,10.31,14.82,12.17,8.83,5.94,1.79,-4.91,-2.62,5.38,25.21,43.22,18.12,10.9,3.33,88.75,37.58,16499000000.0
6728,"ULVAC, Inc.",Industrials,3742.13,2.05,21.88,,6.27,-0.73,-4.09,7.1,0.48,9.3,4.59,0.27,9.07,4.72,587.26,10.56,11.4,8.77,12.46,-3.8,14.76,-5.69,6.73,11.2,8.13,5.64,9.63,83.66,31.79,105951000000.0
6730,AXELL Corporation,Technology,131.93,3.33,10.73,,1.04,-12.79,3.96,13.61,-2.6,1.69,-11.94,4.95,14.29,-1.77,17.12,11.36,9.59,13.81,11.16,-3.86,-13.24,21.39,8.6,14.74,7.96,13.84,11.04,,32.13,5670000000.0
6731,Pixela Corporation,Technology,16.25,0.0,,,-63.38,-43.17,-65.37,-82.06,-57.31,-61.41,-40.33,-62.65,-76.35,-54.8,-4.86,-79.51,-72.79,-85.38,-61.75,-13.93,-19.85,-27.73,-93.97,-289.42,-424.17,-193.23,-95.26,36.33,27.66,575476000.0
6736,Sun Corporation,Technology,2114.07,0.51,22.25,,0.65,-0.95,1.05,-6.89,0.25,0.72,-0.79,1.19,-6.39,0.37,0.26,-0.15,0.01,3.11,-4.57,-8.58,7.88,-73.18,-0.03,-0.03,0.0,0.74,-4.67,94.6,27.89,2242194000.0
6737,EIZO Corporation,Technology,1233.91,3.72,17.34,,0.76,6.48,4.04,-7.74,3.76,4.51,9.35,6.41,-6.15,6.76,50.31,2.91,4.6,4.86,6.19,1.01,0.03,-0.47,1.15,1.34,2.09,2.0,2.95,97.01,31.86,20352000000.0
6740,Japan Display Inc.,Technology,2175.48,0.0,-10.69,,-10.7,-11.7,-8.08,-30.18,-10.16,-10.7,-11.7,-8.08,-30.18,-10.16,0.0,-14.13,-19.72,-14.28,-16.39,-29.62,-21.38,-11.67,-34.71,-67.0,-56.67,-28.99,-42.07,6.64,1.94,27755000000.0
6741,"Nippon Signal Co., Ltd.",Industrials,1156.36,3.06,9.97,,1.37,0.78,2.47,-0.78,1.54,6.81,5.0,5.86,1.48,5.89,74.03,10.26,9.27,6.93,5.98,6.75,8.45,15.31,6.34,6.93,5.92,3.92,3.23,99.96,25.39,10963000000.0
6742,"Kyosan Electric Manufacturing Co., Ltd.",Technology,691.29,2.43,13.77,,3.49,3.97,-9.88,-6.81,-0.81,4.91,5.41,-8.54,-4.21,0.59,13.32,4.84,7.16,3.54,3.05,9.08,21.05,-2.49,3.9,4.24,5.04,1.97,2.22,68.41,19.11,6938000000.0
6743,"Daido Signal Co., Ltd.",Industrials,147.77,3.41,9.4,,2.87,-11.86,5.31,-19.95,-1.23,6.21,-3.38,11.56,-17.46,4.8,-47.51,8.51,5.26,6.24,4.75,17.26,5.51,6.52,4.59,5.21,2.72,3.0,2.12,87.2,28.79,3968290000.0
6744,Nohmi Bosai Ltd.,Industrials,2372.17,2.84,17.37,,6.13,4.87,1.38,2.19,4.13,6.13,4.87,1.38,2.19,4.13,0.0,13.14,11.73,9.85,8.42,4.46,12.82,12.29,9.22,12.9,8.07,6.47,5.31,99.99,37.46,39542000000.0
6745,Hochiki Corporation,Industrials,1448.09,2.04,15.43,,5.97,6.83,-0.72,-1.3,4.03,7.34,8.2,0.54,0.29,5.36,90.03,11.4,9.47,7.89,6.54,4.91,7.93,9.39,13.14,21.96,11.98,10.17,8.94,,39.36,27966000000.0
6748,"Seiwa Electric Mfg. Co., Ltd.",Industrials,101.01,2.61,9.19,,16.74,4.01,1.74,39.79,7.5,20.86,9.71,5.25,44.54,11.94,48.42,6.49,7.03,4.38,6.59,0.68,6.12,1.41,5.14,6.06,5.3,3.42,5.29,87.8,23.94,3439056000.0
6750,"Elecom Co., Ltd.",Technology,1650.24,2.87,7.91,,3.11,8.32,3.98,1.46,5.14,5.99,10.52,5.86,5.55,7.46,33.69,11.75,11.47,11.24,10.9,11.97,7.11,6.21,11.66,33.52,11.67,10.52,9.83,99.55,39.63,70884000000.0
6752,Panasonic Holdings Corporation,Technology,107126.36,1.2,56.54,,-0.63,2.05,1.41,-0.42,0.94,7.43,8.09,4.86,2.36,6.79,84.71,2.61,4.81,4.2,3.43,-4.84,-0.45,1.4,2.54,2.98,5.38,6.63,5.27,78.2,31.39,967278000000.0
6753,Sharp Corporation,Technology,4300.36,0.0,9.07,,-7.84,-9.44,16.72,-9.83,-0.19,-0.04,-0.37,28.95,3.43,9.51,-6654.87,2.57,1.27,-0.88,-1.01,-12.38,-6.97,-8.88,5.18,7.77,2.71,-3.1,-3.08,39.68,22.23,238451000000.0
6754,Anritsu Corporation,Technology,4351.72,1.5,37.23,,2.9,3.98,2.94,0.21,3.27,4.11,4.84,3.81,1.4,4.25,23.35,12.63,10.73,8.17,10.59,3.97,2.75,-0.87,7.87,12.33,6.9,5.35,7.2,97.39,51.14,49324000000.0
6757,"OSG Corporation Co., Ltd.",Industrials,47.34,4.4,120.16,,-7.51,-3.55,6.12,3.29,-1.65,2.0,-0.02,9.45,6.46,3.81,-6839.31,2.54,1.69,3.93,4.89,3.22,0.43,-2.84,1.28,2.63,-2.98,-2.71,4.28,54.7,58.82,2245335000.0
6758,Sony Group Corporation,Technology,216861.85,0.96,19.9,,6.86,7.84,3.54,-1.38,6.08,8.97,10.71,6.33,1.45,8.67,31.46,12.45,10.64,8.99,11.6,3.7,6.88,2.6,12.58,16.65,8.79,6.78,9.65,82.43,30.81,2237046000000.0
6762,TDK Corporation,Technology,56527.03,1.35,28.88,,3.7,3.9,4.04,-0.23,3.88,8.98,7.89,7.91,4.65,8.26,52.75,10.88,10.17,8.22,7.74,13.61,4.8,-3.53,7.18,11.34,6.88,5.24,5.35,75.19,31.28,1002362000000.0
6763,"Teikoku Tsushin Kogyo Co., Ltd.",Industrials,258.67,4.58,20.65,,-5.11,3.6,9.04,2.97,2.51,7.48,7.02,11.3,6.32,8.6,79.0,6.71,9.9,6.22,9.71,2.78,10.29,-7.7,2.5,4.11,5.32,2.8,4.63,99.85,29.31,11227703000.0
6768,Tamura Corporation,Technology,693.12,1.84,21.19,,-3.93,8.18,9.27,-0.68,4.51,4.11,13.1,13.71,3.15,10.31,88.55,4.28,4.56,4.63,4.47,8.34,6.97,-1.27,-5.84,-7.29,4.06,3.16,4.25,63.66,24.94,18953000000.0
6769,"THine Electronics, Inc.",Technology,135.43,1.18,388.18,,-5.23,-0.54,2.97,-1.41,-0.93,-5.23,-0.54,2.97,-1.41,-0.93,0.0,-7.39,0.61,-0.81,11.02,0.55,-8.06,-8.03,-5.16,-19.2,0.27,0.26,5.19,,49.26,6454287000.0
6770,"Alps Alpine Co., Ltd.",Technology,4258.76,2.9,16.35,,8.45,3.57,7.78,-8.67,6.6,22.52,15.45,20.94,3.62,19.64,67.42,4.12,,,,2.93,2.73,3.32,4.84,6.76,,,,81.73,17.84,153614000000.0
6771,"Ikegami Tsushinki Co., Ltd.",Technology,43.7,2.3,11.1,,8.63,-89.84,60.57,-34.87,-6.88,34.85,-80.67,67.62,-27.16,7.27,24.76,1.91,1.23,3.68,-4.51,2.87,-4.02,-2.45,1.93,2.4,0.9,2.79,-5.08,63.19,30.55,4669000000.0
6772,"Tokyo Cosmos Electric Co., Ltd.",Technology,69.03,4.87,242.52,,3.65,14.15,21.19,21.13,13.0,7.89,17.38,23.62,24.79,16.3,27.54,4.76,9.9,12.09,12.6,-8.62,0.69,-2.6,1.03,1.56,8.03,9.51,10.73,90.17,23.81,2950665000.0
6775,TB Group Inc.,Technology,19.43,0.0,,,-0.64,-13.21,-15.59,-16.93,-9.81,0.41,-12.35,-13.97,-15.4,-8.64,79.46,-3.37,-8.43,-9.67,-11.16,5.62,1.09,-1.81,-9.57,-13.44,-18.22,-20.09,-21.4,52.72,56.29,262725000.0
6776,"Tensho Electric Industries Co., Ltd.",Consumer Cyclical,50.19,1.71,9.94,,15.36,-12.99,-2.29,-29.85,0.03,37.9,49.65,53.5,53.14,47.02,96.63,3.31,3.28,3.95,2.53,-21.55,3.64,12.58,3.4,4.38,5.25,4.62,2.95,71.27,18.45,3241000000.0
6777,santec Holdings Corporation,Technology,2572.0,1.07,33.54,,2.54,1.66,1.12,0.99,1.77,3.15,2.33,1.28,1.21,2.25,20.33,32.77,30.92,29.49,26.12,31.13,27.34,23.75,24.06,51.46,20.89,18.34,18.22,91.57,57.68,16318695000.0
6778,"Artiza Networks, Inc.",Technology,54.82,7.87,18.8,,3.79,2.38,12.57,,6.25,4.14,4.25,15.09,,7.83,23.05,,1.15,9.68,32.19,,-31.45,-9.46,,,-0.91,1.91,,89.79,59.02,6455131000.0
6779,"Nihon Dempa Kogyo Co., Ltd.",Technology,747.51,0.91,36.29,,-3.39,1.96,6.39,4.4,1.65,5.62,8.17,11.41,8.78,8.4,93.48,6.14,8.71,8.64,15.86,2.95,5.48,-4.19,4.68,5.85,5.03,6.37,14.1,53.89,28.76,11605000000.0
6785,"Suzuki Co.,Ltd.",Technology,464.52,3.51,12.39,,5.66,6.14,1.71,0.15,4.5,11.84,11.72,8.35,8.87,10.64,59.81,,12.88,12.15,11.95,,20.19,5.13,,,11.37,9.1,8.75,95.64,21.16,6807020000.0
6786,RVH Inc.,Technology,11.9,0.0,40.17,,6.39,-18.83,-0.33,6.29,-4.26,8.8,-17.96,-0.18,9.91,-3.11,-18.42,-3.96,-3.45,-16.97,-14.39,-14.82,15.09,-1.84,-3.48,-10.59,-6.1,-20.03,-10.72,78.31,34.2,643177000.0
6787,"Meiko Electronics Co., Ltd.",Technology,6126.64,0.67,31.47,,-3.67,-0.48,0.27,-0.55,-1.29,4.49,3.53,3.81,2.56,3.94,129.31,10.21,9.23,6.5,5.72,16.33,15.24,7.28,6.94,7.77,7.97,5.42,5.16,48.23,20.96,27505000000.0
6788,"Nihon Trim Co., Ltd.",Industrials,381.49,2.55,18.8,,5.77,4.6,6.66,4.24,5.68,7.47,7.01,7.79,5.08,7.42,23.88,12.17,14.63,15.09,13.25,7.55,10.04,13.72,8.56,20.03,9.61,9.78,7.96,96.18,67.85,14209247000.0
6794,"Foster Electric Company, Limited",Technology,738.07,3.69,14.86,,0.18,14.93,14.39,-2.99,9.83,9.4,20.09,20.9,0.48,16.8,51.66,5.69,4.94,3.6,2.02,-1.96,12.38,0.91,7.91,10.91,7.56,4.16,2.12,86.54,17.53,20661000000.0
6797,"Nagoya Electric Works Co., Ltd.",Industrials,140.82,3.76,9.27,,24.94,-0.17,8.51,-22.43,11.09,27.5,3.08,10.01,4.38,13.53,43.3,10.11,15.94,13.34,13.86,0.26,-1.82,-2.37,5.25,7.66,9.39,8.07,9.49,,28.84,7539499000.0
6798,SMK Corporation,Technology,213.27,2.97,384.7,,-1.16,1.09,6.01,7.63,1.98,9.49,11.44,17.44,16.84,12.79,89.41,0.89,-0.46,-2.67,2.06,0.32,3.29,-15.17,0.06,0.08,-0.99,-25.45,1.81,69.18,19.52,9673000000.0
6800,"Yokowo Co., Ltd.",Technology,1040.81,1.43,26.81,,0.75,3.06,0.04,1.99,1.28,4.15,6.96,4.63,7.03,5.25,79.08,5.57,5.1,2.1,6.08,8.69,7.79,-1.37,5.56,7.46,4.59,1.18,5.86,84.42,19.78,18174000000.0
6803,Teac Corporation,Technology,28.51,1.0,35.11,,37.21,0.35,6.31,-10.59,14.62,41.31,4.07,10.31,-5.37,18.56,46.7,2.16,4.24,2.84,3.59,-1.72,1.73,-0.17,6.61,9.55,9.23,-65.86,8.07,50.63,43.38,2173000000.0
6804,Hosiden Corporation,Industrials,1241.65,3.0,8.39,,21.45,-19.93,19.34,14.35,6.95,27.82,-14.68,21.69,16.72,11.61,-0.67,4.29,5.48,5.9,5.68,81.06,13.09,-21.04,8.49,16.6,6.32,5.99,7.73,93.81,6.51,78382000000.0
6806,"Hirose Electric Co.,Ltd.",Technology,8116.69,2.09,25.24,,3.19,3.57,1.11,3.34,2.62,5.65,6.86,5.06,5.62,5.86,56.56,20.35,22.53,20.55,25.52,11.53,14.45,-9.67,7.95,12.77,8.13,6.28,9.38,98.25,42.13,144929000000.0
6807,"Japan Aviation Electronics Industry, Limited",Technology,1742.35,1.95,24.64,,-3.88,10.5,8.32,5.67,4.98,9.75,20.86,20.01,18.62,16.87,82.63,3.92,7.05,6.39,7.45,2.81,-1.83,-4.27,3.34,4.52,6.98,5.63,7.43,78.27,15.99,48499000000.0
6809,TOA Corporation,Industrials,616.89,5.09,16.8,,8.33,7.7,6.74,-1.33,7.59,9.53,9.11,8.23,0.95,8.96,15.41,8.41,7.09,6.2,3.8,9.4,3.71,8.18,5.67,10.55,4.98,3.92,2.57,98.41,44.63,27393000000.0
6810,"Maxell, Ltd.",Technology,970.19,2.19,13.03,,0.05,1.68,7.88,-1.57,3.2,8.63,10.14,14.68,4.12,11.15,76.4,6.1,7.18,6.26,4.25,-0.29,0.52,-2.74,5.27,7.11,5.76,6.04,3.76,70.35,24.59,32063000000.0
6814,"Furuno Electric Co., Ltd.",Technology,2437.04,2.11,14.55,,6.78,2.45,-0.26,-3.72,2.99,8.77,4.44,1.11,-2.66,4.77,63.66,11.55,10.38,5.68,1.67,10.76,10.54,25.76,14.66,19.29,11.85,6.34,1.24,86.76,41.49,24283000000.0
6817,Sumida Corporation,Technology,405.81,4.28,18.49,,22.45,14.6,18.31,3.43,18.45,40.55,36.79,45.2,26.04,40.85,54.82,5.05,3.14,5.8,5.91,2.23,-2.5,6.55,4.66,4.92,1.36,7.01,6.45,49.18,14.22,6129000000.0
6819,"Izu Shaboten Resort Co.,Ltd",Consumer Cyclical,88.45,4.19,10.53,,11.16,7.87,6.15,7.38,8.39,14.82,16.44,11.12,11.12,14.13,40.5,20.87,21.7,19.37,19.0,1.86,18.09,37.11,11.97,20.11,14.07,8.16,12.27,95.0,79.72,2696799000.0
6820,Icom Incorporated,Technology,538.21,2.34,20.31,,2.53,1.01,0.4,5.0,1.31,5.01,4.67,4.1,6.35,4.59,72.7,7.9,9.95,9.22,8.36,-1.36,0.95,8.61,3.16,5.08,4.17,4.08,3.73,,43.82,27678000000.0
6822,"Oi Electric Co., Ltd.",Technology,59.04,1.6,4.89,,10.72,38.69,21.24,-32.69,23.55,28.4,47.05,27.8,-25.73,34.42,34.53,5.42,5.11,3.27,-2.04,12.61,3.3,22.64,11.54,16.68,10.52,7.91,-6.25,66.74,19.8,4377711000.0
6823,"Rion Co., Ltd.",Healthcare,413.68,2.71,14.46,,8.26,4.5,0.4,-0.67,4.39,10.07,8.31,6.91,4.31,8.43,52.65,15.3,14.47,13.51,11.92,2.24,8.36,7.79,10.62,13.13,8.5,8.97,8.07,,49.32,6014015000.0
6824,"New Cosmos Electric Co.,Ltd.",Technology,488.59,2.34,9.45,,9.05,1.03,1.08,2.22,3.72,12.2,10.0,5.22,5.36,9.14,64.94,14.68,12.23,10.6,15.3,18.83,9.36,3.6,9.31,15.2,6.8,5.79,9.81,93.72,45.6,22270176000.0
6832,"AOI Electronics Co., Ltd.",Technology,276.84,2.15,379.14,,-38.64,-8.94,-1.56,-0.8,-16.38,3.17,5.24,9.77,12.96,6.06,567.83,0.8,1.25,-4.56,0.42,9.57,3.04,-8.84,0.15,0.22,0.45,-4.25,0.02,84.81,15.9,17346710000.0
6834,"SEIKOH GIKEN Co., Ltd.",Technology,2722.01,0.5,43.84,,1.66,0.93,0.48,0.5,1.02,2.01,1.13,0.66,0.84,1.27,20.96,25.7,14.1,6.67,8.54,50.57,26.59,-3.05,17.39,37.2,7.48,2.51,3.78,,46.7,18021554000.0
6835,Allied Telesis Holdings K.K.,Technology,278.13,3.68,8.47,,22.37,18.28,-3.43,25.6,12.41,24.26,20.65,-0.27,30.23,14.88,-388.13,8.47,7.07,4.97,4.54,3.08,9.18,6.96,13.65,45.41,9.75,5.46,7.64,89.89,58.61,17029080000.0
6836,"Plat'Home Co., Ltd.",Technology,38.2,0.0,168.41,,-3.73,3.92,-1.77,-4.84,-0.53,-3.68,3.97,-1.64,-4.69,-0.45,-2.63,0.97,-3.94,-10.19,-9.88,11.27,16.86,0.42,2.42,4.62,-10.03,-28.87,-21.59,85.84,43.28,212706000.0
6837,"Kyosha Co., Ltd.",Technology,229.55,2.23,74.12,,2.41,4.07,7.02,0.81,4.5,6.43,7.26,10.36,6.54,8.02,46.22,3.34,4.87,4.4,2.75,-5.84,6.71,0.48,0.48,0.7,4.68,4.39,8.01,55.32,16.13,5687000000.0
6838,"Tamagawa Holdings Co., Ltd.",Industrials,133.53,1.39,5.3,,-4.77,-9.03,-15.79,-0.93,-9.86,-0.19,-8.48,-14.11,-0.13,-7.59,-797.87,4.99,-5.18,-13.27,6.08,34.52,26.09,-47.17,2.26,2.65,-3.68,-6.4,2.81,68.8,30.29,1342652000.0
6840,"AKIBA Holdings Co.,Ltd.",Technology,83.12,0.0,8.58,,-1.11,-6.53,-2.56,-0.71,-3.4,-0.37,-4.5,-0.49,-0.25,-1.79,-221.78,4.82,3.92,5.29,7.09,46.58,15.29,5.61,7.58,14.58,3.52,5.66,10.58,37.37,17.54,5961062000.0
6841,Yokogawa Electric Corporation,Industrials,11801.74,1.96,20.83,,4.94,6.11,3.36,1.66,4.8,7.28,8.39,5.41,3.43,7.03,32.4,13.65,14.85,14.59,9.73,7.54,4.12,18.33,11.71,19.51,11.93,12.86,8.71,95.53,45.7,217549000000.0
6844,"Shindengen Electric Manufacturing Co.,Ltd.",Technology,317.64,3.23,5.54,,2.2,-21.85,-7.06,-6.87,-8.9,19.89,-6.86,6.94,8.61,6.66,24.03,3.38,0.12,1.25,3.58,7.56,3.49,1.24,2.79,3.63,0.17,-0.56,1.48,59.66,15.52,26922000000.0
6845,Azbil Corporation,Industrials,7375.26,2.59,19.54,,4.05,4.57,2.53,0.39,3.72,5.16,5.96,3.73,1.78,4.95,25.65,15.82,13.81,12.66,11.22,-0.48,3.24,4.5,13.85,22.39,13.39,11.79,10.54,91.93,46.69,100256000000.0
6848,Dkk-Toa Corporation,Technology,169.09,2.54,18.05,,9.57,2.1,-13.68,-1.37,-0.67,14.09,10.86,0.98,1.82,8.64,538.39,2.73,7.43,10.15,9.99,-1.38,3.52,5.47,1.51,2.02,3.99,5.49,5.77,95.93,31.7,6060000000.0
6849,Nihon Kohden Corporation,Healthcare,2599.55,2.05,18.21,,5.08,2.53,4.16,-4.14,3.92,8.1,5.88,6.0,-0.97,6.66,41.65,7.97,9.19,8.83,10.22,4.29,1.55,7.45,6.69,8.67,6.58,6.25,8.7,87.92,51.78,46695000000.0
6850,Chino Corporation,Technology,290.93,2.83,14.89,,4.44,5.88,-4.62,3.6,1.9,9.98,8.74,0.35,5.56,6.36,506.66,10.2,9.83,7.94,8.5,7.91,6.94,15.26,8.18,12.56,8.43,6.69,6.93,86.65,31.46,9621000000.0
6853,"Kyowa Electronic Instruments Co., Ltd.",Technology,192.8,2.71,19.79,,-0.51,6.39,-3.74,1.5,0.71,2.92,8.39,-1.33,3.02,3.33,-12.99,8.52,8.84,7.43,4.68,6.01,3.01,7.8,5.04,6.58,5.14,4.09,2.54,97.91,38.24,4358269000.0
6855,Japan Electronic Materials Corporation,Technology,1111.74,1.34,17.81,,2.01,-1.5,0.36,2.18,0.29,5.18,1.62,2.08,3.01,2.96,112.11,24.7,19.25,5.0,15.44,23.24,36.47,-15.98,10.36,21.49,10.14,1.78,8.51,86.49,43.87,27151000000.0
6856,"HORIBA, Ltd.",Technology,10024.24,1.53,23.41,,2.82,2.08,0.75,2.18,1.88,5.43,4.02,1.66,3.39,3.7,50.45,15.92,15.23,16.28,16.97,4.95,9.23,7.56,9.28,15.38,8.77,10.32,10.73,85.31,43.94,164567000000.0
6857,Advantest Corporation,Technology,245464.01,0.18,65.92,,1.22,1.09,0.05,0.19,0.79,1.37,1.17,0.13,0.29,0.89,26.81,44.22,29.26,16.78,29.93,44.75,60.27,-13.15,45.56,79.55,28.14,12.85,31.76,90.6,64.34,339966000000.0
6858,"Ono Sokki Co., Ltd.",Technology,88.43,3.44,10.3,,0.18,-5.71,-1.54,-7.85,-2.36,6.72,3.73,3.84,-2.6,4.76,163.45,4.32,1.22,1.2,0.51,15.46,2.3,5.59,2.23,2.84,0.62,1.17,0.32,94.5,45.02,3774000000.0
6859,Espec Corp.,Technology,851.68,3.52,14.99,,4.28,2.66,0.58,1.11,2.51,5.93,5.22,3.21,2.25,4.79,52.91,10.12,11.19,10.61,8.26,4.08,8.31,17.46,8.32,10.9,9.79,8.19,6.61,99.23,34.69,14696000000.0
6861,Keyence Corporation,Technology,193050.01,0.71,43.28,,2.08,2.05,1.94,1.36,2.02,2.23,2.12,2.01,1.57,2.12,4.44,50.95,51.91,51.18,54.09,10.4,9.5,4.86,12.02,21.1,12.57,12.56,14.17,,83.02,1493889000000.0
6862,MINATO HOLDINGS INC.,Technology,423.96,0.32,18.61,,-14.9,-1.91,-4.76,3.6,-7.19,-14.46,0.22,0.34,4.17,-4.63,822.16,11.57,3.13,6.5,3.59,49.03,29.04,-15.84,10.37,12.35,3.14,6.07,4.88,34.77,23.49,3996368000.0
6863,Nireco Corporation,Technology,245.86,3.57,17.72,,7.57,5.3,3.63,0.55,5.5,7.57,5.3,3.63,0.55,5.5,0.0,15.43,17.73,14.06,12.91,2.47,9.08,7.71,7.07,9.95,8.59,5.99,5.52,97.25,40.16,5106925000.0
6864,NF Holdings Corporation,Technology,115.25,2.19,17.22,,8.49,1.33,0.43,-2.93,3.42,12.92,2.96,4.6,2.42,6.83,59.99,10.35,6.03,4.46,4.85,0.6,-3.36,-2.52,4.06,6.55,1.56,1.85,2.11,97.68,38.32,5070245000.0
6866,Hioki E.E. Corporation,Technology,1399.53,2.29,19.69,,2.35,3.82,3.88,-0.04,3.35,5.37,6.34,6.03,0.89,5.91,43.86,16.76,19.16,20.32,20.57,3.21,0.3,13.92,11.81,20.42,14.56,16.48,15.79,,50.36,18532887000.0
6867,Leader Electronics Corporation,Technology,17.57,3.66,20.92,,8.14,-38.14,-0.68,-31.48,-10.23,12.02,-34.51,8.21,-24.69,-4.76,43.34,0.63,-4.36,4.76,-7.75,3.17,-9.4,11.84,0.31,0.49,-4.55,3.73,-7.82,99.97,63.48,1310685000.0
6869,Sysmex Corporation,Healthcare,11444.81,2.16,33.4,,2.0,3.35,1.2,2.3,2.18,6.45,7.71,5.58,6.01,6.58,68.06,12.68,17.85,17.46,18.53,-1.7,10.21,12.43,8.37,9.91,12.15,11.46,12.82,79.74,51.14,84892000000.0
6870,"Fenwal Controls of Japan, Ltd.",Industrials,117.76,3.73,13.24,,-4.19,2.49,7.43,0.47,1.91,2.91,8.06,9.46,3.41,6.81,111.53,8.19,9.44,8.21,10.56,3.15,-0.68,1.61,5.12,7.5,6.09,4.77,7.07,95.22,32.24,4830860000.0
6871,"Micronics Japan Co., Ltd.",Technology,5362.03,5.17,28.55,,-1.21,1.5,-0.29,0.85,0.0,2.41,2.82,0.9,1.57,2.04,109.46,23.57,22.59,13.87,20.82,26.11,45.31,-13.6,16.46,22.42,18.18,9.37,16.81,93.41,48.17,19305000000.0
6874,Kyoritsu Electric Corporation,Technology,190.76,3.89,9.91,,7.17,10.92,0.79,2.67,6.29,12.96,13.47,3.27,6.32,9.9,46.44,8.77,7.13,6.76,5.33,11.31,2.22,18.65,11.1,18.74,8.9,8.47,6.18,97.28,20.91,8530014000.0
6875,MegaChips Corporation,Technology,1538.8,2.39,19.28,,2.09,-4.04,4.58,0.19,0.88,3.44,-2.42,5.3,0.81,2.11,-4.62,-0.48,5.17,9.46,8.53,-14.55,-26.95,-18.07,-0.06,-0.07,1.24,2.91,5.58,,15.24,15293474000.0
6877,Obara Group Incorporated,Industrials,854.75,2.82,13.18,,1.76,6.0,5.11,5.84,4.29,5.98,9.77,6.21,7.79,7.32,42.3,15.73,16.31,16.33,16.9,9.38,2.14,9.8,7.87,11.53,7.72,8.41,7.64,90.73,33.0,26179000000.0
6882,"Sansha Electric Manufacturing Co.,Ltd.",Industrials,157.46,5.09,41.29,,13.42,-9.65,8.68,-6.34,4.15,21.4,6.03,14.63,-1.26,14.02,112.63,5.2,4.22,10.99,5.8,4.76,-17.95,10.39,2.16,2.87,1.59,11.33,5.77,92.83,24.45,6768000000.0
6888,Acmos Inc.,Technology,49.74,4.99,15.72,,4.38,4.77,9.95,6.6,6.37,5.16,6.99,12.6,7.22,8.25,22.64,9.09,10.6,11.08,10.25,3.08,6.18,27.14,10.78,47.17,12.16,12.91,8.95,85.23,35.95,2903929000.0
6890,Ferrotec Corporation,Technology,5724.72,1.46,38.55,,-4.43,-4.49,-8.12,-2.44,-5.68,5.11,4.55,5.02,7.52,4.89,215.73,9.54,8.78,11.18,16.62,5.3,23.36,5.51,4.2,5.85,4.65,5.78,11.41,70.62,28.14,129918000000.0
6894,"Pulstec Industrial Co., Ltd.",Industrials,29.67,4.2,10.38,,11.39,-5.13,9.02,-4.43,5.09,19.63,5.16,13.44,-3.55,12.74,91.43,13.98,13.52,13.72,12.32,2.68,-4.81,6.67,6.42,13.92,9.11,7.46,6.34,,41.5,2159240000.0
6897,Twinbird Corporation,Consumer Cyclical,67.09,2.06,,,6.82,-10.94,2.04,-6.13,-0.69,11.01,-3.18,6.91,1.77,4.91,-45.21,-9.5,0.05,1.11,0.4,-10.52,-2.39,-4.94,-10.53,-11.99,-0.04,1.07,0.22,84.61,23.71,1052604000.0
6898,"Tomita Electric Co.,Ltd.",Technology,39.98,0.0,75.3,,-3.44,-5.54,1.09,-0.85,-2.63,-2.93,-2.73,1.95,1.0,-1.24,-25.52,-3.83,-12.07,-1.86,7.16,12.75,-4.72,-25.54,-1.5,-2.08,-4.55,-1.0,3.23,,25.87,1112273000.0
6899,Asti Corporation,Technology,70.83,3.53,9.94,,23.13,54.2,18.91,-0.9,32.08,59.39,79.07,45.51,69.34,61.32,50.32,2.09,2.32,3.51,2.92,-4.65,2.88,-1.97,2.4,2.76,1.89,4.5,3.64,67.96,10.34,4818717000.0
6902,DENSO Corporation,Consumer Cyclical,48237.38,3.87,11.8,,1.59,6.5,10.69,3.91,6.26,10.59,15.73,19.94,12.49,15.42,63.36,7.33,7.25,5.33,6.66,5.28,0.24,11.61,6.92,8.59,7.36,4.86,6.16,79.7,15.51,1222846000000.0
6904,"Harada Industry Co., Ltd.",Technology,187.19,1.34,43.13,,19.32,0.56,9.01,-0.52,9.63,22.27,4.57,12.95,2.98,13.26,43.79,5.68,3.86,2.18,-1.71,-5.86,-4.63,11.61,2.15,2.87,0.73,1.41,-3.18,53.43,22.6,6982965000.0
6905,"Cosel Co., Ltd.",Industrials,606.32,4.1,15.01,,1.99,3.44,7.12,0.2,4.18,5.01,6.36,9.12,1.7,6.83,42.72,-2.77,2.32,16.68,13.97,-7.42,-34.72,17.5,-1.32,-3.12,-0.33,10.14,7.14,99.63,24.1,30270000000.0
6907,"GEOMATEC Co., Ltd.",Technology,62.41,0.0,9.77,,6.0,1.76,-31.59,-7.93,-7.94,20.13,7.66,-15.38,4.91,4.14,13.94,5.68,6.13,-14.24,1.14,13.78,14.66,-20.76,3.8,5.77,2.76,-6.1,0.56,82.54,24.35,4029857000.0
6908,"Iriso Electronics Co., Ltd.",Technology,615.11,3.5,17.09,,5.45,6.32,5.18,0.84,5.65,19.58,21.03,18.88,10.88,19.83,71.57,9.42,10.74,13.12,10.31,1.92,4.48,20.61,4.97,7.15,5.97,8.01,6.33,90.08,31.85,24314000000.0
6912,Kikusui Holdings Corporation,Industrials,226.34,2.21,14.07,,7.23,8.38,4.12,-0.55,6.58,10.09,9.48,5.44,0.17,8.34,21.4,14.54,14.87,14.84,12.69,9.37,7.53,3.5,9.63,15.52,9.63,9.44,8.8,,50.88,5956911000.0
6914,"OPTEX GROUP Company, Limited",Technology,1181.43,2.32,15.29,,4.81,5.01,0.66,0.24,3.49,8.0,6.51,1.79,1.41,5.43,42.09,12.38,11.26,10.47,11.51,4.12,12.23,2.85,9.71,15.31,9.07,7.51,9.01,93.0,52.05,22884000000.0
6915,"Chiyoda Integre Co.,Ltd.",Technology,301.61,4.51,8.41,,10.65,12.24,10.18,5.5,11.02,13.7,17.34,15.66,11.67,15.57,28.9,7.82,9.36,7.76,7.66,-7.7,4.56,0.11,5.27,9.24,6.28,5.3,5.62,98.12,27.54,17871000000.0
6918,Aval Data Corporation,Technology,236.84,2.67,42.57,,9.96,-4.76,-14.29,0.75,-3.03,10.17,-2.21,-9.94,1.92,-0.66,-52.53,7.81,12.94,16.66,16.65,-19.58,-12.72,-12.58,2.59,3.95,5.01,6.51,8.19,99.27,28.52,7001418000.0
6919,KEL Corporation,Technology,104.91,5.55,49.76,,-0.53,2.24,9.67,6.99,3.79,13.79,11.02,22.11,15.92,15.64,79.93,2.22,5.02,8.95,16.55,8.3,-2.94,-15.65,1.06,1.51,2.62,4.65,10.57,95.03,21.77,4729613000.0
6920,Lasertec Corporation,Technology,36698.98,1.06,47.39,,2.06,0.81,0.55,-0.24,1.14,2.12,0.91,1.1,-0.09,1.38,21.42,,48.85,38.11,40.76,,17.78,39.7,,,57.54,51.35,54.58,,59.21,86087000000.0
6923,"Stanley Electric Co., Ltd.",Consumer Cyclical,4412.27,3.13,14.9,,4.7,4.75,8.72,9.07,6.06,17.76,15.09,14.86,17.29,15.9,61.13,8.23,9.62,7.59,8.35,1.74,7.87,7.47,5.62,9.33,7.09,5.18,5.76,73.53,20.81,226985000000.0
6925,Ushio Inc.,Industrials,3183.44,1.73,42.3,,2.73,1.52,-0.33,-2.28,1.31,5.7,6.42,2.82,0.27,4.98,79.98,6.67,4.97,7.23,9.06,0.9,-1.01,2.51,2.36,3.34,1.8,3.36,4.31,74.94,36.56,77980000000.0
6926,"Okaya Electric Industries Co., Ltd.",Technology,42.98,0.0,,,-31.41,-13.46,39.66,-6.95,-1.74,-26.37,-9.31,48.93,-1.23,4.42,-14.92,-16.99,-18.22,2.79,3.91,6.56,-32.99,-16.28,-16.64,-22.31,-15.96,1.53,3.79,57.42,9.11,2591823000.0
6927,"Helios Techno Holding Co., Ltd.",Technology,182.24,5.92,11.13,,6.03,4.2,12.87,2.93,7.7,10.21,4.82,13.9,3.24,9.64,20.39,13.03,9.12,13.54,5.28,43.76,-9.21,36.1,7.58,26.21,4.09,6.57,1.71,88.44,36.31,12309004000.0
6928,"Enomoto Co., Ltd.",Technology,211.78,2.57,16.78,,3.28,-4.4,5.09,-5.18,1.32,11.8,3.46,14.62,8.55,9.96,121.51,5.43,2.3,0.63,5.33,13.15,6.48,-13.74,4.47,5.55,1.9,0.41,5.02,83.49,14.95,5334525000.0
6929,"Nippon Ceramic Co., Ltd.",Technology,751.05,4.48,14.27,,3.66,6.63,4.92,4.01,5.07,6.51,8.71,6.91,6.77,7.38,32.19,22.8,19.82,18.72,17.99,9.14,2.41,5.12,9.24,24.9,7.1,6.48,5.54,99.86,31.37,29938000000.0
6932,ENDO Lighting Corporation,Consumer Cyclical,381.47,3.69,9.27,,15.68,-4.07,18.58,2.17,10.06,26.94,7.64,26.61,10.23,20.4,75.07,10.35,9.17,10.06,6.76,3.23,3.92,13.07,6.51,10.3,7.68,8.31,5.87,77.51,41.04,23988000000.0
6941,"Yamaichi Electronics Co.,Ltd.",Technology,1579.91,1.99,16.48,,4.73,3.9,-0.81,4.18,2.61,6.36,5.7,2.05,6.87,4.7,65.64,21.93,18.16,8.05,19.44,16.34,24.37,-22.48,17.58,27.38,13.52,4.87,17.22,89.76,40.62,17790585000.0
6942,"Sophia Holdings Co.,Ltd.",Technology,67.12,0.0,,,2.43,11.07,5.57,13.85,6.36,3.9,11.55,6.13,15.92,7.19,16.98,-0.73,4.12,-35.24,3.91,-0.36,2902.94,-97.05,-0.83,-1.63,2.18,-1.1,0.71,60.93,36.43,2145269000.0
6943,"NKK Switches Co., Ltd.",Industrials,50.18,1.72,17.16,,-21.55,-1.17,-18.64,2.09,-13.79,0.59,12.98,8.47,12.24,7.35,1393.32,3.35,-5.98,3.92,8.61,10.7,-19.88,-8.59,1.46,2.0,-4.64,1.87,5.4,,42.28,3718253000.0
6946,"Nippon Avionics Co., Ltd.",Industrials,1081.06,0.2,28.86,,-4.15,1.55,-0.67,-0.98,-1.09,-3.35,1.99,-0.19,-0.8,-0.52,-84.78,18.89,13.9,12.06,10.99,45.08,11.45,1.7,14.81,15.4,10.81,11.39,11.21,52.44,32.59,1024000000.0
6947,Zuken Inc.,Technology,1081.19,2.92,19.84,,5.01,3.95,3.91,1.87,4.29,5.67,4.5,4.51,2.66,4.89,12.47,13.61,13.24,12.47,12.63,5.81,5.9,9.67,10.77,85.57,9.53,8.53,7.7,,68.58,36081644000.0
6951,JEOL Ltd.,Technology,3744.64,1.75,17.77,,0.24,5.03,3.16,-0.81,2.81,4.27,6.17,4.09,0.89,4.84,45.17,14.51,18.05,15.79,14.85,-8.82,12.83,7.16,11.46,14.87,18.43,14.48,16.02,90.79,46.29,38949000000.0
6952,"Casio Computer Co.,Ltd.",Technology,4828.0,2.06,27.48,,2.81,1.61,4.27,0.06,2.9,6.25,3.34,6.32,2.35,5.3,46.48,8.35,2.27,5.29,6.88,5.54,-2.63,1.89,5.77,12.63,1.56,3.43,5.2,84.76,44.22,150669000000.0
6954,Fanuc Corporation,Industrials,55612.66,1.78,33.58,,4.13,3.86,2.12,0.94,3.37,4.51,4.59,3.09,1.79,4.06,18.6,21.42,19.93,17.85,22.46,7.62,0.23,-6.65,7.34,12.32,7.09,6.2,8.95,,38.29,753871000000.0
6955,FDK Corporation,Industrials,140.78,0.0,18.91,,-8.49,6.41,-3.11,-1.45,-1.73,8.03,26.8,11.51,19.77,15.45,136.26,2.8,2.21,0.91,1.26,-5.71,0.79,-0.17,3.81,4.48,2.7,0.35,1.08,54.6,18.97,5239000000.0
6958,CMK Corporation,Technology,566.78,3.48,14.07,,-2.46,-17.42,-11.52,-0.92,-10.47,13.79,15.98,16.66,11.02,15.48,165.35,2.78,3.99,3.9,3.11,4.94,5.43,8.02,1.77,2.1,2.26,3.14,1.91,67.45,14.9,19548000000.0
6960,"Fukuda Denshi Co., Ltd.",Healthcare,3263.52,1.33,17.68,,2.87,6.17,3.0,3.25,4.01,8.99,10.12,7.33,7.09,8.81,55.37,19.05,18.61,18.89,17.89,0.5,-0.94,4.21,9.64,14.65,9.61,10.66,9.93,99.1,54.78,65724000000.0
6961,Enplas Corporation,Technology,894.14,0.88,17.03,,-0.11,0.21,4.72,7.09,1.61,7.82,7.97,9.21,9.8,8.33,82.53,14.49,13.89,12.29,20.88,11.74,0.7,-10.5,8.09,12.93,7.18,6.07,13.33,97.83,45.5,23817000000.0
6962,Daishinku Corp.,Technology,267.79,3.37,62.6,,-18.37,-17.27,12.54,-2.47,-7.7,-6.65,8.58,30.78,21.88,10.9,61.38,2.87,2.37,5.43,10.95,2.41,-1.84,2.37,0.87,1.11,0.79,2.06,4.4,55.19,23.22,16346653000.0
6963,"ROHM Co., Ltd.",Technology,18498.8,1.05,55.15,,-1.16,-2.8,-4.51,-0.12,-2.82,4.84,4.54,4.48,5.33,4.62,162.16,2.26,-8.93,9.26,18.18,7.29,-4.13,-7.9,0.87,1.39,-2.74,2.5,7.1,65.95,23.95,434193000000.0
6964,"Sanko Co., Ltd.",Technology,61.23,2.9,10.06,,6.5,-16.03,7.78,10.23,-0.58,18.57,4.82,20.81,18.45,14.73,186.82,4.17,3.24,4.56,3.15,8.62,-0.58,8.05,3.1,4.63,2.41,3.28,2.51,,12.53,5419104000.0
6965,Hamamatsu Photonics K.K.,Technology,6763.66,1.64,51.34,,0.08,1.26,0.57,4.01,0.64,5.59,5.63,5.06,6.67,5.43,88.29,7.62,15.75,25.6,27.29,3.97,-7.9,6.05,2.93,3.91,6.25,12.59,13.79,76.95,47.81,97070000000.0
6966,"Mitsui High-tec, Inc.",Technology,1610.02,2.11,18.08,,-2.89,-1.24,-2.97,0.07,-2.37,14.99,15.14,19.67,13.72,16.6,114.18,5.79,7.45,9.25,12.94,1.6,9.7,12.18,2.76,3.75,6.12,8.17,13.63,56.68,14.74,53036000000.0
6969,"Matsuo Electric Co.,Ltd.",Technology,38.72,1.49,8.7,,14.38,-9.94,-0.69,-0.77,1.25,20.21,-2.2,9.71,6.31,9.24,-72.22,11.31,10.81,6.06,11.76,13.13,7.96,-9.45,10.24,14.21,10.66,1.11,14.41,56.38,31.55,1527728000.0
6971,Kyocera Corporation,Industrials,48086.12,1.53,36.7,,1.11,1.46,2.27,-0.15,1.61,4.7,4.95,5.6,3.73,5.08,68.8,4.59,1.33,4.64,6.35,2.77,0.51,-1.04,2.27,2.63,0.33,2.08,3.02,90.77,29.35,490323000000.0
6976,"Taiyo Yuden Co., Ltd.",Technology,11931.5,1.01,85.43,,4.87,2.84,4.28,3.31,4.0,4.87,2.84,4.28,3.31,4.0,0.0,5.63,3.06,2.81,10.01,4.07,5.82,0.98,2.86,3.55,0.6,1.21,5.72,71.29,23.06,100072000000.0
6977,"Japan Resistor Mfg. Co., Ltd.",Technology,23.42,1.32,,,4.51,-10.75,-17.83,-11.11,-8.02,9.85,3.25,-7.98,-6.16,1.71,120.6,-1.86,-2.07,1.4,4.33,-8.5,-9.94,-0.53,-2.86,-4.21,-3.52,0.94,4.17,29.5,21.48,1662037000.0
6981,"Murata Manufacturing Co., Ltd.",Technology,145412.62,0.89,62.91,,1.19,1.78,1.74,0.55,1.57,2.92,3.11,3.37,1.91,3.13,50.08,15.39,16.04,13.14,17.36,5.02,6.29,-2.76,7.84,10.44,8.29,6.22,9.54,98.03,42.32,677886000000.0
6982,"The Lead Co., Inc.",Consumer Cyclical,14.97,2.06,,,16.52,-22.19,14.38,21.95,2.9,53.43,18.26,29.14,39.39,33.61,113.74,-2.17,-2.17,0.21,2.81,22.83,-17.26,0.75,-1.35,-1.82,-1.51,0.15,2.06,42.64,8.98,1532909000.0
6986,Futaba Corporation,Industrials,346.53,2.18,13.74,,2.33,9.98,0.68,-24.08,4.33,5.11,13.34,4.41,-16.82,7.62,54.74,-5.31,-2.69,-2.03,-3.96,-10.67,-14.63,-6.57,-2.36,-4.15,-0.52,-2.01,-4.19,,16.11,36388000000.0
6988,Nitto Denko Corporation,Basic Materials,23470.87,1.82,18.0,,4.77,3.74,4.93,3.64,4.48,9.28,6.63,7.74,6.16,7.88,42.84,17.86,18.31,15.2,15.84,1.41,10.79,-1.5,11.55,17.24,13.17,10.46,12.13,,38.01,379241000000.0
6989,"Hokuriku Electric Industry Co.,Ltd.",Technology,191.42,4.01,9.64,,7.3,21.54,23.61,3.29,17.48,7.3,21.54,23.61,3.29,17.48,0.0,5.36,6.02,5.57,6.47,-0.13,5.82,-10.22,4.72,7.55,6.56,6.29,4.51,73.12,19.74,13079000000.0
6993,"Daikokuya Holdings Co.,Ltd.",Financial Services,667.75,0.0,,,-4.76,-1.83,-0.76,0.35,-2.45,-4.67,-1.79,-0.64,0.38,-2.37,-7.36,-5.69,-8.84,-1.31,1.0,12.12,-6.7,-11.89,-7.58,-10.24,-16.56,-2.79,8.76,63.37,26.2,2297164000.0
6994,Shizuki Electric Company Inc.,Industrials,308.11,2.27,15.47,,10.46,4.01,-6.08,5.24,2.8,16.78,11.57,-0.88,8.03,9.16,-162.31,9.04,7.28,4.18,3.59,2.37,3.96,0.68,5.0,6.82,4.27,0.85,1.94,75.89,28.14,9187655000.0
6995,"Tokai Rika Co., Ltd.",Consumer Cyclical,2757.33,3.76,9.21,,3.09,3.11,9.57,1.53,5.26,15.87,14.22,19.32,9.7,16.47,69.69,5.53,5.71,4.62,3.01,4.38,-0.95,12.73,6.86,10.23,7.74,6.62,3.23,97.39,14.26,117786000000.0
6996,Nichicon Corporation,Technology,1753.51,1.52,27.79,,0.61,4.39,2.3,-0.09,2.43,4.66,10.46,9.31,5.24,8.14,73.43,3.8,2.96,4.9,6.86,-3.43,-3.24,-1.67,4.26,5.14,2.87,4.99,7.81,84.56,17.66,24691000000.0
6997,Nippon Chemi-Con Corporation,Technology,711.86,0.89,37.81,,3.62,-14.31,-31.5,-16.42,-14.06,10.71,-0.69,-18.2,-6.83,-2.73,-657.94,2.46,3.05,6.25,7.99,11.52,-18.61,-6.88,1.75,2.08,0.33,7.58,5.79,45.3,17.87,21291000000.0
6998,"Nippon Tungsten Co., Ltd.",Industrials,206.91,1.41,76.51,,0.63,0.46,-4.01,4.6,-0.97,4.76,4.93,1.4,5.66,3.7,188.23,5.59,5.57,4.15,7.33,3.1,8.09,-9.34,3.66,4.59,3.27,2.74,5.06,84.9,24.37,3211000000.0
6999,KOA Corporation,Technology,847.84,2.75,21.25,,1.69,-20.53,-12.67,-3.62,-10.5,10.7,9.55,8.36,10.25,9.54,216.9,5.78,2.36,5.12,13.62,12.74,-1.1,-13.64,2.34,2.99,0.26,2.09,8.46,67.81,30.26,28997000000.0
7003,"MITSUI E&S Co., Ltd.",Industrials,4353.6,1.38,11.33,,4.44,1.2,-9.57,-5.15,-1.31,6.53,3.41,-7.91,-3.46,0.68,25.3,10.66,7.34,6.5,3.57,12.09,4.38,15.09,11.36,13.8,8.52,8.42,3.69,73.95,19.67,57055000000.0
7004,Kanadevia Corporation,Industrials,1973.58,3.22,17.71,,-6.9,-1.86,-5.89,9.81,-4.88,5.9,12.55,0.24,14.19,6.23,954.46,1.89,4.41,4.38,4.07,5.68,9.84,12.82,3.4,4.31,8.03,7.81,7.61,59.51,16.9,78011000000.0
7011,"Mitsubishi Heavy Industries, Ltd.",Industrials,130947.36,0.76,55.72,,2.21,1.3,-0.39,1.19,1.04,4.05,2.53,0.62,2.18,2.4,85.63,8.2,8.35,6.02,4.28,-12.32,6.81,10.81,6.29,9.7,9.02,6.4,4.69,79.14,19.97,1391710000000.0
7012,"Kawasaki Heavy Industries, Ltd.",Industrials,21026.59,1.67,18.65,,1.68,-3.09,-2.2,4.24,-1.2,7.08,1.51,1.12,7.46,3.24,225.79,5.23,5.63,1.88,4.58,8.54,15.14,7.17,10.88,12.81,14.34,4.69,10.78,51.83,19.68,132365000000.0
7013,IHI Corporation,Industrials,29652.73,0.82,18.4,,1.0,3.96,0.04,-0.29,1.67,4.09,5.99,2.09,1.82,4.06,69.24,10.07,8.82,-5.3,6.06,1.02,23.0,-2.24,14.57,17.29,13.95,-7.63,7.41,59.77,23.09,159184000000.0
7014,"Namura Shipbuilding Co., Ltd.",Industrials,3393.8,1.22,16.36,,9.41,9.48,7.51,2.04,8.8,11.44,11.12,8.08,2.65,10.21,13.17,17.66,18.51,12.22,7.73,-0.12,17.94,8.81,13.05,56.9,21.57,17.93,15.46,87.08,22.75,121724000000.0
7018,Naikai Zosen Corporation,Industrials,223.71,0.3,9.73,,55.68,-24.03,30.16,-28.53,20.6,55.68,-24.03,30.16,-28.53,20.6,0.0,6.54,3.17,6.86,2.04,5.3,-3.74,23.3,14.7,70.84,7.62,15.52,3.21,86.73,9.34,12783000000.0
7021,"Nitchitsu Co., Ltd.",Industrials,48.9,1.25,25.11,,14.15,-3.03,-29.49,-6.37,-6.12,39.57,17.72,-10.55,4.93,15.58,0.55,2.35,2.74,3.93,-0.49,-4.77,18.87,3.27,1.31,1.74,1.75,2.63,-0.79,91.5,12.6,3343425000.0
7022,Sanoyas Holdings Corporation,Industrials,119.74,2.08,8.4,,17.24,6.05,5.94,-13.87,9.74,28.45,12.53,13.45,-4.46,18.14,48.97,6.24,4.26,2.18,0.47,7.29,7.08,15.92,6.33,7.06,6.62,1.81,0.55,55.22,28.01,2346000000.0
7030,SPRIX Inc.,Consumer Defensive,171.74,3.91,10.22,,15.32,3.99,4.66,8.53,7.99,20.85,10.93,9.76,12.83,13.85,47.41,6.18,3.43,4.34,9.46,10.25,4.93,3.44,11.35,27.08,4.88,5.73,14.88,88.4,31.36,6460000000.0
7031,Inbound Tech Inc.,Industrials,18.51,0.0,,,0.29,-4.13,2.02,30.3,-0.61,4.98,4.1,10.08,35.26,6.39,125.0,-8.02,0.84,9.95,11.98,-16.15,-23.31,0.8,-10.79,-36.24,1.01,8.0,9.25,71.82,16.09,1336376000.0
7033,"Management Solutions co.,Ltd.",Industrials,250.71,3.17,11.76,,8.28,7.3,-0.52,3.14,5.02,9.0,9.31,0.6,3.5,6.3,72.09,11.89,13.04,6.12,12.53,36.24,41.09,63.06,30.11,59.99,33.09,11.31,24.65,92.92,41.54,3109032000.0
7034,"Prored Partners CO.,LTD.",Industrials,34.54,0.0,12.97,,149.06,-3.02,-16.88,-23.52,43.05,156.63,-2.88,-16.77,-5.41,45.66,-0.22,40.2,21.0,-13.72,-5.48,158.72,75.13,-0.11,60.96,,12.64,-5.11,-2.74,94.96,61.22,12063823000.0
7035,"and factory,inc.",Technology,24.55,0.0,,,-19.91,72.43,-5.21,-2.96,15.77,-17.47,74.41,-2.89,-1.31,18.02,-30.43,-8.42,-6.32,4.9,2.33,-36.13,68.66,5.14,-21.8,-70.19,-17.52,3.25,1.69,73.54,43.19,860671000.0
7036,eMnet Japan.co.ltd.,Communication Services,25.84,5.59,5.57,,-7.43,-7.09,13.28,-5.09,-0.41,-7.38,-6.93,13.33,-4.6,-0.33,-0.85,82.49,95.24,8.15,15.7,19.94,-2.92,-6.62,172.12,639.5,27.09,4.93,11.31,,100.13,567499000.0
7037,teno. Holdings Company Limited,Healthcare,36.37,2.5,28.19,,22.08,10.5,-3.13,-3.99,9.82,28.52,19.0,8.91,8.17,18.81,67.49,3.48,1.21,1.28,1.28,13.19,10.03,20.03,2.33,3.54,5.06,1.4,-0.42,25.11,16.4,2518000000.0
7038,Frontier Management Inc.,Industrials,66.42,0.0,,,-31.21,-38.32,2.73,17.46,-22.27,-30.89,-37.92,3.4,18.82,-21.8,5.86,-2.55,-6.82,12.49,11.47,45.59,-7.58,26.65,-5.77,,-15.34,14.96,15.84,65.72,37.18,8588206000.0
7039,BRIDGE International Group Corp.,Industrials,47.17,6.3,15.26,,8.18,18.92,12.6,11.3,13.23,10.43,20.29,14.35,15.19,15.02,13.52,10.2,11.03,13.02,13.14,-0.59,22.72,4.66,12.23,27.68,13.8,15.01,16.16,93.38,34.02,2637714000.0
7040,"Sun-Life Holding Co.,Ltd.",Consumer Cyclical,59.33,3.51,9.58,,3.82,14.07,18.37,2.3,12.09,20.35,22.97,27.98,12.27,23.77,51.43,7.79,9.42,9.13,6.86,2.12,2.62,7.16,9.12,,12.36,12.78,28.93,,24.2,9579802000.0
7041,"CRG Holdings Co.,Ltd.",Industrials,19.24,5.25,49.78,,-14.48,-131.62,-9.2,30.17,-51.77,-0.7,-91.63,22.68,33.9,-23.22,-622.28,1.7,0.53,0.54,2.26,-3.92,-17.9,-2.64,2.42,4.6,1.94,0.96,8.37,47.0,25.0,3511826000.0
7042,"Access Group Holdings Co., Ltd.",Consumer Cyclical,23.12,3.3,13.36,,4.22,6.71,10.36,-1.74,7.1,6.27,8.25,10.58,-0.9,8.37,17.84,5.85,6.42,2.57,1.49,10.0,4.14,-6.28,9.14,39.36,11.52,8.79,2.31,81.4,46.4,1427848000.0
7043,"Alue Co.,Ltd.",Industrials,24.09,1.17,8.11,,22.18,-3.6,3.47,1.84,7.35,22.4,-1.55,5.53,3.74,8.79,-31.5,9.73,-2.09,2.81,8.32,17.77,1.99,9.26,12.77,41.07,-4.18,3.89,10.57,77.5,62.63,1297034000.0
7044,Piala Inc.,Communication Services,37.21,0.0,28.63,,7.17,-6.49,-3.08,0.19,-0.8,8.17,-4.32,0.05,4.23,1.3,2082.05,0.26,-1.11,-4.23,-0.94,16.63,48.8,-23.02,2.49,12.3,-8.98,-18.93,-2.84,32.39,15.36,1628597000.0
7046,TDSE Inc.,Technology,27.21,0.75,15.6,,7.1,7.25,1.72,7.09,5.36,7.11,7.25,3.94,7.18,6.1,18.79,7.13,7.36,10.77,11.0,11.35,7.05,4.36,6.75,69.0,6.1,9.49,10.52,99.96,36.74,2143904000.0
7047,Port Inc.,Communication Services,283.36,0.59,10.63,,8.08,-1.36,-0.9,3.07,1.94,20.26,7.29,3.64,4.73,10.4,101.18,13.87,13.42,14.23,14.95,32.5,40.97,37.1,12.96,19.35,12.04,11.98,15.89,46.23,71.57,7215000000.0
7048,VELTRA Corporation,Consumer Cyclical,53.07,0.0,,,17.34,8.66,22.48,2.76,16.16,17.34,8.66,22.48,2.76,16.16,0.0,2.29,-4.08,-2.15,-68.3,6.43,37.83,168.44,3.25,,-7.33,-1.95,-46.13,,2.29,5686926000.0
7049,"SHIKIGAKU. Co., Ltd.",Industrials,65.54,0.0,23.16,,1.17,1.05,-2.69,-15.72,-0.16,1.63,2.57,-2.62,-14.34,0.53,28.08,7.52,6.16,-2.34,-1.29,21.75,11.17,8.33,10.05,,7.1,-4.57,-2.03,95.83,66.88,3285763000.0
7050,Frontier International Inc.,Communication Services,136.97,4.77,10.94,,17.6,11.69,11.18,-4.35,13.49,17.87,12.21,11.25,-4.23,13.78,2.14,7.01,6.28,7.14,11.0,47.28,20.01,-0.6,13.82,140.88,8.79,8.28,15.41,97.3,18.47,9169799000.0
7057,"New Constructor's Network Co., Ltd.",Industrials,27.83,3.54,19.19,,10.21,18.94,-11.67,-4.15,5.83,13.61,24.64,-5.19,2.2,11.02,-25.62,1.81,2.2,1.04,4.57,3.57,1.57,-13.44,5.72,,6.78,0.25,13.23,96.26,27.09,2978845000.0
7058,"Kyoei Security Service Co., Ltd.",Industrials,44.07,3.85,6.87,,9.05,5.64,-2.0,20.7,4.23,9.05,5.64,-2.0,20.7,4.23,0.0,,4.79,3.31,6.1,,8.11,16.67,,,-1.79,4.01,7.67,86.11,23.3,2189268000.0
7059,"COPRO-HOLDINGS. Co., Ltd.",Industrials,372.13,4.66,13.02,,6.32,5.37,5.13,1.94,5.61,8.24,6.0,6.26,2.72,6.83,17.25,9.91,9.21,8.89,7.03,22.14,24.55,28.24,6.84,8.84,21.52,17.45,12.18,24.17,28.26,8864910000.0
7060,geechs inc.,Technology,62.07,5.65,9.74,,11.95,0.69,-0.14,10.96,4.17,11.99,0.75,-0.06,11.08,4.23,-38.99,3.32,1.97,0.38,3.68,4.82,5.99,48.39,12.55,52.81,30.8,2.29,4.69,60.72,15.02,3747062000.0
7061,Japan Hospice Holdings Inc.,Healthcare,40.97,5.12,12.39,,-33.38,-55.35,-21.12,8.32,-36.62,25.53,20.4,27.59,21.33,24.51,259.54,5.99,10.62,13.0,12.15,16.95,22.73,25.05,5.07,6.67,10.24,15.34,13.17,21.88,13.43,2013562000.0
7062,"Fureasu Co.,Ltd.",Consumer Cyclical,18.08,1.54,3.53,,31.23,-25.84,2.32,-17.54,2.57,32.67,-17.66,9.52,-12.9,8.18,11.24,3.84,-1.39,1.94,0.32,0.72,32.79,24.56,6.26,11.11,-4.84,1.48,0.16,51.71,45.66,1617219000.0
7063,Birdman Inc.,Communication Services,21.92,0.0,,,-96.96,-7.7,2.84,,-33.94,-96.85,-7.18,3.2,,-33.61,1.32,,-88.24,1.25,6.87,,-53.5,33.15,,,-92.25,-0.61,,48.76,-55.1,115844000.0
7064,"Howtelevision, Inc.",Industrials,27.77,0.0,26.59,,8.6,11.54,11.1,14.38,10.41,12.41,15.16,15.07,16.87,14.21,26.99,9.84,18.57,22.09,25.69,18.05,17.64,19.37,7.12,42.0,13.35,18.59,34.56,60.09,79.5,1519770000.0
7065,UPR Corporation,Industrials,72.23,3.92,10.21,,-9.21,0.7,-2.82,16.62,-3.78,42.34,49.15,46.88,45.31,46.12,108.78,1.81,3.74,5.6,3.99,-0.7,4.24,11.29,1.0,1.22,2.63,3.37,2.19,52.41,30.21,3266184000.0
7066,"Peers Co.,Ltd.",Industrials,41.06,7.47,10.27,,16.19,-5.62,15.1,-4.73,8.56,17.13,11.51,18.83,5.18,15.82,58.06,9.16,7.74,7.58,1.52,-1.69,10.33,48.33,13.05,26.11,12.03,16.35,1.31,85.97,28.49,1763206000.0
7067,Branding Technology Inc.,Communication Services,16.55,0.95,37.31,,0.53,2.93,-3.44,-2.6,0.01,1.97,3.21,-2.82,-0.56,0.79,19.87,1.64,2.2,0.8,2.34,-4.64,9.15,-10.78,2.97,17.53,4.86,0.41,5.57,79.56,23.27,1246439000.0
7068,Feedforce Group Inc.,Communication Services,147.25,3.29,10.54,,9.92,9.32,5.34,1.03,8.19,10.19,9.54,5.85,1.19,8.53,4.55,40.35,36.41,29.25,25.97,12.33,3.41,6.63,23.73,104.38,19.98,11.17,1.27,62.2,71.13,4701000000.0
7069,"CyberBuzz, Inc.",Communication Services,40.97,0.0,6.95,,6.51,-27.26,-2.23,4.69,-7.66,6.66,-22.79,-1.72,5.51,-5.95,-15.72,4.9,-23.04,6.8,3.37,-4.44,29.61,34.88,17.11,48.71,-123.27,8.58,3.49,49.87,37.78,1276957000.0
7071,"Amvis Holdings, Inc.",Healthcare,388.49,1.02,13.49,,-11.32,-21.93,-7.87,-7.03,-13.71,15.51,19.26,17.5,11.36,17.42,177.29,12.53,24.98,26.98,26.58,15.77,32.8,38.63,5.85,6.96,12.99,13.87,13.06,53.61,30.07,10833000000.0
7072,"Intimate Merger, Inc.",Technology,33.93,0.0,19.56,,6.42,0.27,4.37,2.57,3.69,6.44,0.31,4.38,2.67,3.71,4.07,6.77,2.88,4.66,3.37,12.3,0.43,6.49,9.53,2947.72,3.55,6.26,4.49,95.41,26.36,1625786000.0
7073,"JAIC Co.,Ltd.",Consumer Defensive,22.17,2.38,,,13.17,14.91,4.35,-1.91,10.81,16.66,18.82,6.26,4.1,13.91,24.08,4.54,5.68,1.43,6.7,6.82,13.99,14.63,5.65,25.43,7.02,0.29,5.92,40.47,83.28,1761856000.0
7074,Twenty-four seven Holdings Inc.,Consumer Cyclical,15.95,0.0,,,-19.64,-32.63,-40.13,-48.72,-30.8,-9.14,-31.24,-35.03,-44.84,-25.14,-44.61,-8.49,-14.38,-11.19,-12.73,-17.12,-21.34,-24.17,-143.67,,-254.68,-305.66,-167.41,49.52,24.75,505459000.0
7075,"QLS Holdings Co., Ltd",Industrials,74.48,1.1,14.59,,5.68,5.6,6.29,18.27,5.86,10.3,6.83,6.79,20.99,7.97,23.41,7.32,5.79,4.9,4.9,13.99,26.17,20.76,15.13,31.19,12.07,8.78,7.74,52.26,17.17,2022693000.0
7077,"ALiNK Internet, Inc.",Communication Services,17.85,0.0,12.14,,-8.94,14.26,7.33,10.09,4.22,-8.85,14.3,7.4,10.36,4.28,0.08,-9.31,4.88,14.81,29.57,14.36,45.65,-11.02,-6.12,-8.38,1.31,3.85,9.77,82.31,42.1,455389000.0
7078,INCLUSIVE Holdings Inc.,Communication Services,35.08,0.0,77.56,,-7.15,-3.89,0.88,0.76,-3.39,-6.12,-2.92,2.52,1.38,-2.17,4.96,-9.07,-7.49,-1.77,-7.38,-6.7,-8.62,11.54,-16.26,-123.99,-14.17,-2.17,-11.52,71.53,37.69,1978408000.0
7079,"WDB coco Co., Ltd.",Healthcare,62.53,3.88,9.2,,8.34,17.41,10.95,7.23,12.23,9.12,17.66,12.35,8.28,13.04,7.12,19.88,24.52,27.7,26.67,-9.59,15.91,12.9,13.86,61.2,21.05,23.89,26.26,,35.51,3761639000.0
7080,"Sportsfield Co., Ltd.",Industrials,66.18,2.55,7.93,,12.45,8.91,5.98,9.16,9.11,13.05,9.36,6.78,9.21,9.73,7.08,22.55,22.73,25.45,22.22,24.44,12.49,19.26,27.89,76.45,31.03,36.92,29.36,90.45,90.51,1778220000.0
7081,"Koyou Rentia Co., Ltd.",Industrials,144.2,2.87,7.6,,21.11,1.54,10.85,7.69,11.17,35.02,16.26,26.89,21.12,26.06,63.31,8.66,6.53,7.89,9.28,8.91,2.91,18.22,15.16,20.96,12.17,13.69,12.94,97.87,41.25,3558035000.0
7082,"Jimoty, Inc.",Communication Services,137.15,0.0,28.25,,3.13,2.62,4.33,2.11,3.36,3.8,2.89,4.34,2.14,3.68,9.12,28.45,31.55,29.05,25.6,8.91,1.28,-2.8,23.06,235.25,33.11,38.43,30.97,86.29,91.43,1854213000.0
7083,AHC Group Inc.,Healthcare,23.9,1.01,281.69,,-3.71,9.01,-11.14,-30.94,-1.95,8.06,18.39,4.1,-4.3,10.18,189.55,1.64,2.04,0.35,-4.4,6.09,6.13,20.61,0.04,0.07,1.66,0.39,-4.9,21.81,10.63,2440593000.0
7084,Smile Holdings Inc.,Consumer Cyclical,90.16,3.71,41.06,,-5.0,5.45,8.53,9.82,2.99,6.4,10.31,10.83,13.06,9.18,82.19,2.55,3.01,1.81,-0.27,6.3,6.13,8.49,1.83,3.32,1.32,1.13,-0.18,21.8,15.24,5718680000.0
7085,"CURVES HOLDINGS Co., Ltd.",Consumer Cyclical,800.05,2.26,18.67,,6.9,5.59,5.09,2.92,5.86,7.76,6.78,6.15,4.09,6.9,15.34,16.88,15.39,12.83,9.97,5.92,18.13,9.13,16.53,25.08,12.73,9.51,7.13,86.16,42.72,8703000000.0
7087,"WILLTEC Co.,Ltd.",Technology,88.83,3.02,10.06,,3.5,4.33,5.72,11.34,4.52,10.62,13.48,6.87,13.02,10.32,50.53,2.9,2.36,0.92,2.99,3.05,24.88,7.42,9.14,18.35,7.12,3.21,7.61,81.74,19.89,4905000000.0
7089,"for Startups, Inc.",Industrials,91.95,0.0,11.48,,10.48,-0.12,1.94,-1.3,4.1,10.5,3.87,1.95,-0.38,5.44,34.61,21.26,12.26,12.4,19.52,42.64,8.13,13.92,24.16,152.33,12.62,12.11,22.44,90.4,79.76,2651122000.0
7090,Ligua Inc.,Healthcare,15.88,0.0,,,15.97,8.0,-1.24,-29.45,7.58,16.6,10.29,0.18,-20.67,9.02,274.63,-5.1,-5.39,3.45,-17.91,-15.77,-16.27,20.89,-14.55,-42.89,-11.34,3.29,-17.05,9.73,58.81,1187132000.0
7091,"Living Platform,Ltd.",Healthcare,59.42,0.38,14.96,,5.53,1.14,14.78,-12.97,7.15,14.67,10.3,25.4,1.57,16.79,64.32,2.12,1.78,-0.49,-1.71,14.86,15.25,21.68,4.34,5.25,4.35,-0.85,-1.26,28.89,10.47,1478068000.0
7093,"adish Co., Ltd.",Technology,12.85,0.0,26.08,,-1.02,-15.61,-21.05,6.1,-12.56,1.03,-14.48,-19.42,7.29,-10.96,60.97,0.07,-3.68,-4.88,2.87,2.89,2.03,2.93,-0.03,-0.09,-15.45,-26.7,7.48,66.74,26.85,545918000.0
7094,NexTone Inc.,Industrials,179.84,1.19,22.69,,7.97,7.31,3.54,5.0,6.27,12.38,11.97,7.65,6.45,10.67,42.73,6.26,5.18,4.83,9.53,7.02,44.51,52.39,15.65,,12.91,10.04,17.63,,25.59,11064000000.0
7095,"Macbee Planet, Inc.",Communication Services,142.6,4.77,6.75,,11.18,-2.6,34.3,10.22,14.29,11.4,-2.39,34.37,10.39,14.46,-2.24,7.22,10.01,10.27,11.04,-2.12,31.14,101.16,14.09,25.05,23.71,20.17,12.64,73.52,17.09,7373000000.0
7096,StemCell Institute Inc.,Healthcare,74.42,0.0,47.89,,-6.09,-1.44,1.79,0.53,-1.91,0.99,6.28,4.5,1.34,3.92,299.94,7.21,15.62,16.68,14.23,4.93,7.98,18.64,3.9,42.33,9.13,10.79,9.17,84.28,60.9,2834134000.0
7097,"SAKURASAKU PLUS,Co.,Ltd.",Healthcare,120.75,1.16,19.14,,17.17,-12.14,-15.87,,-3.61,25.78,0.72,1.46,,9.32,1002.37,,4.51,2.28,0.18,,24.33,15.44,,,9.43,2.93,,52.37,15.67,1492000000.0
7102,"Nippon Sharyo, Ltd.",Industrials,533.16,1.38,4.57,,8.36,-2.59,-8.46,10.17,-0.9,15.01,2.71,-4.65,13.41,4.36,52.55,11.62,7.2,6.88,4.55,3.77,9.41,-10.12,10.6,11.1,5.46,5.21,3.58,73.55,19.58,5087000000.0
7110,Kurashicom Inc.,Consumer Cyclical,140.77,2.52,13.53,,4.11,4.92,3.1,,4.04,5.57,5.21,3.8,,4.86,16.74,,,15.45,15.93,,,15.71,,,,29.67,,98.96,44.93,4195709000.0
7111,"INEST, Inc.",Industrials,39.87,0.0,94.97,,-14.75,20.42,-0.38,4.54,1.76,-13.29,23.18,0.53,5.79,3.47,57.46,1.1,1.41,2.25,2.56,4.26,72.94,32.48,0.67,0.95,3.74,-2.3,11.48,58.06,85.28,2231000000.0
7112,"Cube Co., Ltd.",Consumer Cyclical,34.97,0.0,,,-11.9,2.11,-10.8,10.3,-6.86,-7.27,6.81,-5.09,11.26,-1.85,-35.59,1.22,3.41,5.95,16.33,-0.0,0.13,-12.63,0.8,1.67,2.66,4.89,16.78,,60.47,2111281000.0
7114,"Foodison, Inc.",Consumer Defensive,37.21,0.0,25.69,,1.55,1.53,2.95,7.11,2.01,2.77,1.99,3.43,7.96,2.73,26.98,2.35,2.44,3.09,2.59,13.89,8.1,20.31,6.43,31.95,5.71,6.14,4.9,94.01,34.2,2006684000.0
7115,AlphaPurchase Corporation,Industrials,144.45,2.5,14.27,,0.07,11.55,3.52,4.83,5.05,6.26,17.11,8.47,9.53,10.61,63.3,2.49,2.22,2.29,2.35,5.31,7.7,17.05,15.13,74.03,14.38,15.68,15.35,,10.36,5367177000.0
7119,"halmek holdings Co.,Ltd.",Industrials,229.14,1.93,22.04,,5.85,8.98,-1.0,8.08,4.61,7.41,10.45,0.66,9.86,6.17,95.5,5.25,3.15,2.73,7.07,-0.35,8.01,9.32,8.4,10.72,5.26,6.34,11.11,67.09,56.32,2778000000.0
7120,SHINKO Inc.,Technology,47.09,4.41,6.98,,-10.23,15.95,22.8,-9.16,9.51,-9.26,19.58,24.1,-8.53,11.47,4.46,4.71,4.07,3.88,4.72,14.67,4.7,1.23,19.92,44.81,28.82,20.76,24.36,76.47,23.23,1860728000.0
7122,"The Kinki Sharyo Co., Ltd.",Industrials,168.15,2.05,10.7,,82.06,-35.06,49.09,31.02,32.03,92.95,-28.89,53.12,35.2,39.06,-0.69,-0.63,0.77,9.98,3.43,22.62,-29.89,20.3,-0.85,-1.56,0.5,10.45,3.24,,9.81,16904000000.0
7126,"Global Style Co.,Ltd.",Consumer Cyclical,49.67,3.93,7.63,,4.43,-4.92,-6.37,,-2.29,12.6,5.38,11.08,,9.69,137.91,,5.64,6.34,6.04,,7.31,14.45,,,8.42,11.4,,60.89,55.11,901354000.0
7127,"Ikka Holdings Co.,Ltd.",Consumer Cyclical,52.34,0.0,66.29,,2.53,-6.39,4.32,3.7,0.15,10.74,3.49,10.26,9.23,8.16,139.14,2.17,-0.74,2.47,1.99,14.3,9.28,10.23,2.94,4.85,-1.36,3.26,3.44,19.66,67.47,1860885000.0
7128,UNISOL Holdings Corporation,Industrials,690.59,3.55,36.62,,6.32,7.74,3.67,1.74,5.91,7.97,11.39,8.73,5.5,9.36,36.87,16.33,15.87,3.3,3.63,-1.66,-6.51,6.5,20.41,34.27,23.85,5.35,5.28,96.98,16.46,29760000000.0
7129,Miahelsa Holdings Corporation,Healthcare,32.51,2.57,16.19,,15.81,15.4,39.75,14.83,23.65,27.87,31.1,49.05,31.42,36.01,37.58,3.32,2.69,1.74,0.86,4.3,4.85,2.13,3.97,7.56,5.74,0.46,1.44,56.95,10.74,4523755000.0
7130,"Yamae Group Holdings Co.,Ltd.",Industrials,779.61,2.86,7.02,,0.92,1.0,9.34,2.84,3.75,30.98,33.26,30.7,17.64,31.65,87.87,1.67,1.57,1.95,1.97,7.78,41.28,21.21,4.23,5.54,4.09,4.23,6.42,48.84,12.49,51470000000.0
7131,Nomura Corporation,Consumer Cyclical,49.91,6.58,7.04,,18.69,8.37,8.18,9.04,11.75,19.59,9.6,9.02,9.11,12.74,8.93,10.59,7.64,7.5,6.88,7.55,10.71,9.42,22.15,676.61,17.78,16.43,14.49,99.16,26.92,2268428000.0
7133,"HYUGA PRIMARY CARE Co.,Ltd.",Healthcare,95.64,1.49,19.06,,-0.16,4.11,4.95,1.07,2.97,5.15,8.06,7.39,3.58,6.87,61.74,6.82,10.53,8.58,7.97,20.01,20.5,24.46,10.96,13.45,16.84,11.2,22.67,49.18,18.74,1021619000.0
7134,"UP GARAGE GROUP Co., Ltd.",Consumer Cyclical,113.51,2.95,14.52,,6.19,-0.74,6.29,2.09,3.91,10.51,4.06,10.14,4.88,8.24,65.77,7.17,7.47,7.68,7.46,10.04,11.34,10.58,14.23,23.82,15.43,14.31,13.47,94.92,40.05,2166364000.0
7135,"Japan Craft Holdings Co., Ltd.",Consumer Cyclical,63.82,1.74,15.6,,-27.18,-18.66,-42.51,,-29.45,-24.04,-13.83,-36.57,,-24.81,-21.4,,-10.35,-12.27,-13.84,,-9.42,8.16,,,-24.45,-34.84,,52.47,56.42,1907672000.0
7138,"TORICO Co., Ltd.",Communication Services,25.89,0.0,,,1.52,-6.48,-10.63,-1.36,-5.2,1.93,-5.41,-7.24,0.55,-3.57,-15.22,-2.13,-7.08,-5.71,2.61,-13.32,-5.66,-22.11,-3.83,-6.06,-24.78,-19.97,5.26,91.46,39.48,660604000.0
7140,Petgo Corporation,Healthcare,17.74,0.0,6.35,,-5.81,4.9,9.03,-14.43,2.71,-2.65,5.04,9.21,-13.77,3.87,-38.2,-2.75,2.53,2.49,2.36,-17.85,-8.81,-1.2,-10.81,-17.85,6.05,9.36,8.68,44.23,30.65,838739000.0
7148,"Financial Partners Group Co.,Ltd.",Real Estate,1431.9,5.42,9.28,,75.43,-21.17,-3.21,-35.73,17.02,75.6,-20.44,3.33,-35.53,19.5,64.28,19.59,26.57,25.67,19.84,20.4,51.49,20.2,15.78,18.33,9.82,8.14,5.94,54.82,27.78,15438000000.0
7150,"The Shimane Bank,Ltd.",Financial Services,42.67,1.96,30.4,,-105.13,420.98,143.26,-654.26,153.04,-98.48,434.03,151.37,-645.78,162.31,0.54,,,,,10.0,10.94,12.72,,,,,,,0.0,25831000000.0
7157,Lifenet Insurance Company,Financial Services,1136.82,0.0,14.13,,7.03,5.37,4.6,1.79,5.67,7.76,6.4,5.29,2.36,6.48,12.87,,,,,13.96,17.17,24.15,,,,,,,32.32,13598000000.0
7161,"Jimoto Holdings, Inc.",Financial Services,177.04,0.8,7.54,,-115.22,-1077.31,-93.68,-120.74,-428.74,-110.96,-1074.49,-78.23,-112.78,-421.23,-7.95,,,,,6.9,-4.31,0.95,,,,,,,0.0,163324000000.0
7162,"ASTMAX Co., Ltd.",Financial Services,38.08,2.46,1.93,,16.34,-12.5,8.24,1.74,4.03,26.58,-1.53,16.03,6.28,13.69,-210.62,10.44,-0.86,4.58,-6.38,22.22,39.12,26.17,18.18,26.73,-2.04,6.13,-8.21,71.41,100.0,3432324000.0
7164,"ZENKOKU HOSHO Co.,Ltd.",Financial Services,4189.37,3.93,12.91,,7.74,7.77,7.0,6.58,7.5,7.84,7.98,7.47,6.85,7.76,3.4,70.45,73.68,75.73,79.34,3.1,10.33,2.72,10.5,18.23,10.96,10.66,11.72,89.01,100.0,116639000000.0
7167,"Mebuki Financial Group,Inc.",Financial Services,16232.26,2.65,19.44,,-70.01,-60.95,-2.17,-207.86,-44.38,-68.97,-60.46,-1.55,-207.49,-43.66,-13.95,,,,,22.13,10.95,-14.03,,,,,,,0.0,2445163000000.0
7172,"Japan Investment Adviser Co., Ltd.",Industrials,1342.0,5.06,10.69,,-6.45,-8.05,-13.53,-36.57,-9.34,-6.35,-7.54,-13.49,-36.47,-9.13,-2.92,48.76,38.91,25.19,7.21,24.44,42.68,20.91,4.87,26.0,3.82,1.85,0.56,36.33,75.23,205680000000.0
7173,"Tokyo Kiraboshi Financial Group, Inc.",Financial Services,5115.38,1.76,13.93,,-28.57,-47.67,53.7,-9.22,-7.51,-26.94,-46.4,56.34,-7.46,-5.67,-1.36,,,,,14.72,13.65,9.03,,,,,,,0.0,826022000000.0
7175,"The Imamura Securities Co., Ltd.",Financial Services,109.96,3.5,10.41,,28.01,-11.27,18.15,4.37,11.63,30.08,-10.77,18.42,5.79,12.58,1.26,28.64,23.56,30.64,23.07,17.39,-13.09,25.71,5.87,13.03,5.41,7.57,4.6,,99.33,8929088000.0
7177,"GMO Financial Holdings, Inc.",Financial Services,1396.99,4.91,12.97,,7.64,16.26,6.58,1.63,10.16,8.51,16.98,7.51,3.27,11.0,8.99,32.05,16.76,28.1,19.67,-7.04,3.57,10.53,3.55,6.61,1.84,3.16,0.73,18.59,92.07,140910000000.0
7180,"Kyushu Financial Group, Inc.",Financial Services,7342.1,2.31,19.94,,-10.41,-54.95,-22.23,-223.4,-29.2,-8.0,-53.41,-20.86,-222.35,-27.42,-13.19,,,,,0.1,11.86,-2.37,,,,,,,0.0,1554567000000.0
7181,"Japan Post Insurance Co., Ltd.",Financial Services,19809.54,2.81,11.98,,-97.36,-85.09,-159.0,-151.96,-113.82,-95.15,-82.17,-154.63,-150.34,-110.65,-2.9,9.27,3.69,4.65,4.59,-18.57,30.38,-12.42,4.1,6.59,3.69,2.39,3.77,49.27,33.97,1752984000000.0
7182,"JAPAN POST BANK Co., Ltd.",Financial Services,119290.9,2.91,23.21,,-79.47,38.09,0.15,-38.09,-13.74,-79.11,38.54,0.68,-37.69,-13.3,26.13,,,,,9.18,-12.7,21.93,,,,,,,0.0,54349817000000.0
7183,"Anshin Guarantor Service Co., Ltd.",Financial Services,44.12,1.27,15.11,,-2.6,-7.46,-1.84,3.06,-3.97,-1.39,-5.51,-0.69,4.21,-2.53,-97.26,4.2,1.08,9.07,12.7,14.62,11.03,7.65,5.59,7.67,1.3,10.55,15.8,77.61,4.2,910462000.0
7184,"The First Bank Of Toyama, Ltd.",Financial Services,2230.17,2.15,15.56,,7.77,0.47,3.23,-10.8,3.82,7.95,1.5,3.68,-10.63,4.38,27.66,,,,,4.87,23.39,9.76,,,,,,,0.0,82876000000.0
7185,Hirose Tusyo Inc.,Financial Services,239.36,1.0,11.64,,-2.01,9.22,-1.46,0.41,1.92,-1.85,9.37,-1.28,0.53,2.08,-7.12,28.98,30.04,39.73,34.76,2.81,-4.76,3.83,7.03,12.39,8.19,11.66,11.19,66.87,99.39,12474113000.0
7186,"Yokohama Financial Group, Inc.",Financial Services,21428.15,2.59,20.55,,-6.77,16.82,-104.3,44.49,-31.42,-5.68,17.56,-103.48,45.06,-30.53,-5.27,,,,,19.46,9.71,7.39,,,,,,,0.0,4152428000000.0
7187,"J-Lease Co.,Ltd.",Real Estate,239.46,4.44,9.73,,-0.31,6.5,4.82,5.95,3.67,3.93,8.61,5.69,6.53,6.08,49.24,16.8,17.97,19.72,22.49,24.93,30.62,20.62,19.48,24.79,25.63,30.98,34.71,54.71,67.74,2743286000.0
7189,"Nishi-Nippon Financial Holdings, Inc.",Financial Services,7167.48,2.85,17.87,,-14.77,-78.02,26.7,-90.02,-22.03,-9.17,-77.04,27.49,-89.25,-19.57,-19.86,,,,,23.6,4.95,7.7,,,,,,,0.0,1391537000000.0
7191,Entrust Inc.,Financial Services,271.38,4.14,15.58,,5.68,5.37,0.55,10.16,3.87,6.23,5.66,1.06,10.26,4.32,20.86,22.52,22.03,23.12,25.06,16.18,17.85,38.2,20.99,188.51,19.59,20.13,19.36,,44.9,7229727000.0
7192,Mortgage Service Japan Limited,Financial Services,106.15,4.27,9.74,,-11.97,15.19,14.7,7.46,5.97,-11.42,17.14,15.04,8.6,6.92,2.97,19.89,18.51,19.66,20.08,5.21,6.4,-2.94,5.93,8.19,6.06,5.58,5.83,51.18,71.52,5107927000.0
7196,Casa Inc.,Financial Services,68.21,2.67,,,5.23,-0.93,13.67,14.12,5.99,7.98,0.2,16.72,17.08,8.3,206.46,-0.5,10.72,7.01,7.64,4.91,8.31,9.12,-0.44,-0.73,9.46,6.54,4.87,99.95,47.76,2819149000.0
7198,SBI ARUHI Corporation,Financial Services,374.29,4.76,20.75,,-41.43,-27.76,-10.92,2.34,-26.7,-39.48,-14.34,-9.15,3.99,-20.99,-39.3,35.45,31.85,29.79,34.55,12.53,9.25,-9.72,3.28,3.8,3.67,2.8,5.56,26.69,0.0,23912000000.0
7199,"Premium Group Co., Ltd.",Financial Services,819.28,3.02,13.48,,-27.96,-11.19,0.43,-3.18,-12.91,-25.98,-9.47,3.04,-0.55,-10.8,19.98,19.07,18.72,19.64,16.67,20.96,15.42,23.88,5.37,7.03,6.59,7.95,7.07,23.57,20.31,26111000000.0
7201,"Nissan Motor Co., Ltd.",Consumer Cyclical,10531.1,0.0,-20.53,,-32.69,-59.29,-28.35,38.96,-40.11,75.46,71.57,91.24,115.95,79.42,152.41,0.48,0.55,4.48,3.56,-4.95,-0.41,19.71,0.51,0.61,0.86,3.12,1.88,36.71,12.82,2264812000000.0
7202,Isuzu Motors Limited,Consumer Cyclical,15064.24,4.27,11.35,,2.07,2.69,8.81,15.07,4.52,16.42,,20.49,15.07,18.45,72.2,5.86,7.09,8.27,7.93,7.52,-4.96,6.54,6.94,8.45,8.4,10.76,10.31,62.43,19.11,398262000000.0
7203,Toyota Motor Corporation,Consumer Cyclical,354011.63,3.37,8.51,,0.51,-4.41,-2.38,-2.12,-2.09,15.46,10.44,11.88,8.35,12.59,119.65,7.43,9.98,11.87,7.33,5.51,6.52,21.37,3.53,4.43,4.83,5.54,3.23,46.52,16.7,16642067000000.0
7208,Kanemitsu Corporation,Consumer Cyclical,66.27,3.24,8.92,,24.59,17.89,6.49,4.16,16.32,31.94,24.92,21.38,13.64,26.08,40.28,7.97,6.79,5.2,4.25,-0.7,0.23,10.64,4.82,7.95,4.27,4.37,2.75,97.62,24.31,5040743000.0
7211,Mitsubishi Motors Corporation,Consumer Cyclical,4922.46,2.72,49.3,,-17.7,12.91,2.84,19.08,-0.65,7.26,35.5,28.6,35.26,23.79,165.81,2.61,4.98,6.85,7.75,3.88,-0.05,13.48,2.18,3.32,6.61,11.5,16.64,69.92,15.51,438891000000.0
7212,F-Tech Inc.,Consumer Cyclical,136.88,2.69,2.9,,76.82,48.65,77.44,12.75,67.64,150.0,107.81,142.21,127.36,133.34,49.73,2.88,1.82,1.24,0.78,-2.98,0.69,14.4,4.49,5.29,7.4,1.5,0.85,54.12,9.38,18726000000.0
7213,LECIP Holdings Corporation,Technology,100.22,3.91,8.77,,30.23,-3.34,18.89,-17.04,15.26,35.95,11.8,23.32,-14.91,23.69,54.39,5.31,13.62,13.95,-2.18,-7.84,14.31,59.15,7.05,11.17,20.14,19.99,-3.69,93.58,26.76,4383854000.0
7214,GMB Corporation,Consumer Cyclical,61.37,4.77,,,-41.47,9.9,-45.13,-2.0,-25.57,22.9,111.36,35.1,55.73,56.45,200.26,3.15,1.87,1.69,2.46,1.51,7.71,10.46,-2.89,-3.3,2.56,1.55,2.92,45.4,18.43,7581583000.0
7215,"Faltec Co., Ltd.",Consumer Cyclical,39.57,0.0,,,17.01,43.92,57.71,-10.13,39.55,97.18,117.7,166.09,76.84,126.99,70.15,2.18,2.99,2.56,-0.34,-7.47,-3.39,10.5,-8.1,-12.91,1.29,41.65,-1.1,46.68,15.53,15823000000.0
7217,"Tein, Inc.",Consumer Cyclical,43.37,4.13,13.02,,5.72,9.63,6.71,16.14,7.35,10.67,15.84,13.45,24.77,13.32,45.24,5.97,6.47,10.72,11.58,4.67,9.84,-7.2,3.33,4.28,3.31,5.24,7.66,92.18,39.12,1627406000.0
7218,"Tanaka Seimitsu Kogyo Co., Ltd.",Consumer Cyclical,100.87,2.97,9.23,,-24.11,8.03,48.27,34.79,10.73,46.83,43.84,73.59,49.33,54.75,89.19,5.42,6.68,8.61,6.39,8.19,-4.87,24.3,6.18,8.77,7.79,10.74,5.18,84.96,16.84,9619373000.0
7219,"HKS Co., Ltd.",Consumer Cyclical,34.72,2.65,8.39,,8.78,-7.05,-1.15,5.88,0.19,28.55,10.97,19.99,18.97,19.84,113.08,4.4,4.64,6.9,6.17,-0.31,-2.56,7.09,2.5,3.22,2.61,3.93,3.69,95.44,40.29,2501820000.0
7220,"Musashi Seimitsu Industry Co., Ltd.",Consumer Cyclical,1948.53,1.37,153.72,,3.2,8.55,9.57,2.18,7.11,16.94,16.38,16.24,9.96,16.52,56.66,5.92,5.68,5.25,2.55,0.0,-0.78,16.06,2.35,2.76,5.45,5.18,1.31,55.98,15.97,32651000000.0
7222,"Nissan Shatai Co., Ltd.",Consumer Cyclical,1266.48,1.94,18.38,,17.36,6.65,5.77,8.36,9.93,17.51,7.1,6.07,8.67,10.23,4.09,3.51,1.47,0.33,1.43,15.2,16.42,-2.1,5.25,8.71,1.97,0.28,1.87,,5.38,74708000000.0
7224,"ShinMaywa Industries, Ltd.",Industrials,1305.67,2.95,11.34,,10.77,7.05,5.95,1.17,7.92,18.66,15.7,10.77,4.9,15.04,47.39,5.73,5.24,4.58,4.13,6.97,3.65,14.16,6.78,8.55,5.9,4.93,4.68,72.01,17.32,36057000000.0
7226,"Kyokuto Kaihatsu Kogyo Co.,Ltd.",Industrials,893.35,5.2,24.16,,3.78,5.85,-2.07,-3.82,2.52,3.78,5.85,-2.07,-3.82,2.52,0.0,5.5,4.74,3.77,0.88,14.87,9.7,13.21,2.44,2.85,3.06,2.55,0.57,73.61,18.5,22498000000.0
7228,Daytona Corporation,Consumer Cyclical,97.78,3.75,7.85,,7.42,12.13,10.94,-1.02,10.16,8.57,14.58,12.52,-0.04,11.89,14.31,11.21,11.76,12.16,14.1,-1.38,4.42,-4.29,10.91,14.51,12.41,12.95,17.03,91.99,38.5,2545743000.0
7231,"Topy Industries, Limited",Consumer Cyclical,677.46,4.31,6.79,,4.39,10.35,19.16,9.55,11.3,19.38,22.72,32.94,22.23,25.01,57.87,2.61,1.76,3.13,2.15,-0.95,-9.99,-0.15,2.71,3.17,1.89,6.68,3.05,68.14,15.56,29421000000.0
7235,"Tokyo Radiator Mfg.Co.,Ltd.",Consumer Cyclical,149.96,4.96,7.41,,4.86,9.06,1.69,16.37,5.2,11.41,15.03,8.96,23.36,11.8,59.45,6.66,5.04,4.18,2.59,3.88,1.97,5.08,8.65,13.41,6.48,7.29,27.68,99.36,15.16,8544833000.0
7236,"T.RAD Co., Ltd.",Consumer Cyclical,874.07,5.45,10.45,,5.62,2.61,11.17,-2.83,6.47,14.37,8.65,19.41,5.01,14.14,57.76,6.94,4.6,2.75,0.71,1.91,0.36,6.19,10.81,13.98,7.04,2.12,3.5,70.56,14.26,16441000000.0
7238,"Akebono Brake Industry Co., Ltd.",Consumer Cyclical,287.72,0.0,30.81,,0.89,-15.38,11.9,-10.05,-0.86,16.71,5.03,26.49,16.16,16.08,185.27,3.48,1.93,1.9,0.12,-0.97,-2.78,8.0,5.3,6.73,0.72,3.16,0.13,61.61,11.4,18093000000.0
7239,"TACHI-S Co., Ltd.",Consumer Cyclical,823.01,4.84,8.85,,9.49,6.44,17.98,0.29,11.3,16.5,11.86,22.41,4.54,16.92,35.99,4.31,3.37,2.46,0.56,-5.74,-2.58,20.34,7.79,13.42,6.29,5.49,1.14,96.43,11.81,45692000000.0
7240,NOK Corporation,Consumer Cyclical,4802.98,4.66,10.72,,3.82,8.91,8.91,0.13,7.21,14.19,19.07,18.56,9.58,17.27,59.46,4.47,4.86,3.05,2.17,-3.71,2.18,5.71,3.36,4.36,4.08,2.28,1.6,91.15,17.79,156798000000.0
7241,"Futaba Industrial Co., Ltd.",Consumer Cyclical,999.3,4.15,6.24,,10.39,-0.65,41.68,22.96,17.14,38.31,24.8,57.41,47.78,40.17,67.63,2.76,2.15,2.41,1.08,-4.13,-11.15,12.39,7.85,8.83,5.07,7.56,6.05,74.11,7.27,21384000000.0
7242,KYB Corporation,Consumer Cyclical,1896.88,2.28,7.47,,-1.48,14.13,8.04,6.48,6.9,10.28,23.12,21.01,12.61,18.14,71.67,6.68,4.64,4.72,7.28,9.86,-1.01,2.68,7.75,9.15,4.73,5.51,10.6,63.6,20.34,55522000000.0
7244,"Ichikoh Industries, Ltd.",Consumer Cyclical,547.97,3.18,7.44,,13.54,13.5,14.69,13.95,13.91,21.91,20.16,24.4,23.73,22.16,37.03,4.97,3.89,5.09,2.91,-6.73,-13.95,7.71,5.98,7.02,4.43,9.04,6.85,93.97,17.87,12431000000.0
7245,"Daido Metal Co., Ltd.",Consumer Cyclical,535.3,3.12,12.41,,7.0,-0.27,16.2,-0.3,7.64,25.63,20.41,31.11,9.35,25.72,73.99,5.9,5.21,4.73,2.45,4.19,5.88,11.48,3.63,4.54,2.76,2.67,-4.03,58.83,25.18,29469000000.0
7246,"Press Kogyo Co., Ltd.",Consumer Cyclical,990.16,4.96,11.82,,4.6,-0.02,11.97,9.78,5.52,22.56,18.79,27.5,21.4,22.95,78.72,6.68,5.08,6.47,7.09,6.47,-4.01,7.02,8.24,9.99,5.64,8.27,8.87,95.52,15.01,22213000000.0
7247,Mikuni Corporation,Consumer Cyclical,124.41,4.07,10.39,,48.48,-28.81,-25.24,-10.12,-1.86,86.71,13.93,23.89,39.22,41.51,185.52,4.04,2.99,3.67,3.29,1.96,1.49,6.49,2.26,2.32,2.12,2.03,-37.46,52.36,16.26,2056000000.0
7254,Univance Corporation,Consumer Cyclical,175.29,2.4,18.97,,24.03,27.96,24.78,15.66,25.59,36.71,40.95,37.44,29.91,38.37,33.36,8.87,7.48,8.29,2.36,4.87,2.17,8.58,7.69,12.47,11.13,11.77,3.48,98.14,19.63,11314796000.0
7255,Sakurai Ltd.,Consumer Cyclical,16.33,1.37,7.19,,47.66,3.64,33.03,-78.63,28.11,65.24,19.07,66.71,-28.94,50.34,52.79,2.88,3.29,-4.76,-9.06,-0.71,-10.38,20.46,1.84,2.45,2.49,-4.28,-6.45,78.98,13.8,1583055000.0
7256,"Kasai Kogyo Co., Ltd.",Consumer Cyclical,218.62,0.0,23.29,,16.05,,-19.5,-24.69,-1.72,43.96,,-2.5,-8.68,20.73,-307.83,3.35,,0.77,-7.87,,,22.12,6.47,9.3,,-0.81,-16.75,29.52,14.48,26669000000.0
7259,Aisin Corporation,Consumer Cyclical,15602.28,3.36,16.24,,7.43,6.63,16.36,-0.06,10.14,24.1,21.78,32.03,15.25,25.97,62.55,4.47,4.14,2.92,1.32,4.53,-0.27,11.51,6.62,8.44,5.58,4.14,1.45,77.6,12.09,610900000000.0
7261,Mazda Motor Corporation,Consumer Cyclical,7256.16,4.76,20.68,,-15.28,24.44,41.85,5.28,17.0,0.03,42.12,57.73,18.94,33.29,16627.94,1.05,3.71,5.19,3.71,-2.01,3.96,26.16,1.14,2.16,5.55,7.69,5.92,69.21,18.02,1293196000000.0
7264,Muro Corporation,Consumer Cyclical,82.11,3.53,11.49,,7.88,-6.62,16.98,-7.28,6.08,18.55,8.25,47.22,12.93,24.67,100.58,5.36,3.34,6.11,1.88,2.45,-4.51,8.3,3.03,4.67,1.76,4.0,0.72,93.54,19.14,8540196000.0
7265,"Eiken Industries Co.,Ltd.",Industrials,36.02,3.12,15.81,,14.23,8.91,1.24,3.99,8.13,21.16,12.9,7.05,11.72,13.7,48.71,5.08,3.84,1.71,4.88,11.19,7.18,-2.27,4.52,6.35,3.17,1.45,4.08,90.46,14.85,1878838000.0
7266,"Imasen Electric Industrial Co., Ltd.",Consumer Cyclical,210.71,3.23,8.58,,-5.78,3.27,-4.57,-11.52,-2.36,9.24,13.14,4.55,-3.73,8.98,146.04,2.34,0.42,0.02,-0.77,-7.62,-5.4,0.0,2.85,4.03,0.45,0.0,-2691.0,98.09,9.61,17575000000.0
7267,"Honda Motor Co., Ltd.",Consumer Cyclical,67563.3,4.04,7.61,,3.52,-8.22,2.05,22.15,-0.88,16.8,4.32,11.06,31.51,10.73,150.19,-1.9,5.59,6.76,4.62,0.5,6.17,20.83,-2.17,-3.19,4.97,4.37,3.39,46.76,16.53,5363802000000.0
7269,Suzuki Motor Corporation,Consumer Cyclical,38382.9,2.61,8.74,,7.65,6.96,3.85,0.74,6.15,18.69,17.45,13.07,7.47,16.4,63.24,9.9,11.04,9.22,7.55,8.03,8.73,15.42,11.22,16.9,12.62,9.98,8.25,85.22,25.49,1387610000000.0
7270,Subaru Corporation,Consumer Cyclical,18502.07,4.41,21.17,,2.62,12.26,25.28,16.7,13.39,19.36,26.6,41.49,27.23,29.15,59.81,0.83,8.65,9.97,7.08,2.12,-0.37,24.6,1.07,2.64,9.81,11.43,7.92,88.39,15.04,1883005000000.0
7271,Yasunaga Corporation,Consumer Cyclical,82.43,6.74,4.41,,-18.1,-20.82,19.16,2.95,-6.59,38.92,26.5,38.98,24.56,34.8,125.31,6.54,2.42,2.03,3.62,7.88,-1.49,-4.02,6.7,8.4,1.94,1.94,3.85,41.87,18.69,6805000000.0
7272,"Yamaha Motor Co., Ltd.",Consumer Cyclical,17628.46,2.74,8.13,,1.44,3.46,-1.3,-1.05,1.2,7.86,10.03,4.88,4.02,7.59,91.33,4.59,6.77,9.89,10.0,-1.63,6.68,7.4,1.4,1.77,5.61,9.11,11.07,55.67,30.96,455954000000.0
7273,"ikuyo Co.,Ltd.",Consumer Cyclical,184.64,0.47,5.84,,4.55,-4.68,-2.77,-8.69,-0.97,19.85,4.12,11.12,4.75,11.7,138.49,1.79,0.22,4.1,4.76,69.96,2.22,18.77,1.68,2.38,0.33,5.31,5.55,77.75,14.83,5381302000.0
7276,"Koito Manufacturing Co., Ltd.",Consumer Cyclical,6927.76,2.25,44.64,,6.55,5.78,8.55,2.88,6.96,14.42,12.75,13.91,8.63,13.69,49.25,5.43,4.9,5.89,5.42,3.37,-3.53,9.9,4.73,8.5,5.58,6.15,5.02,99.76,11.76,274518000000.0
7277,"TBK Co., Ltd.",Consumer Cyclical,107.37,2.37,,,10.91,12.91,-2.99,-13.36,6.94,37.26,36.27,29.46,23.65,34.33,81.76,2.73,1.73,1.59,-1.18,0.63,-3.96,5.86,0.0,0.01,3.11,0.82,-4.99,82.29,12.46,7359000000.0
7278,EXEDY Corporation,Consumer Cyclical,2140.46,5.83,19.66,,10.96,13.14,6.9,6.37,10.33,14.71,17.57,12.72,13.28,15.0,32.14,7.31,7.06,-5.01,3.07,-1.82,0.4,7.95,5.94,8.83,6.33,-4.25,1.78,78.97,20.65,80987000000.0
7279,Hi-Lex Corporation,Industrials,903.93,2.11,2.21,,3.59,0.92,8.15,-10.03,4.22,13.3,13.07,18.71,0.54,15.03,74.11,1.12,0.12,1.0,-1.9,-1.38,3.27,16.82,1.59,2.41,0.12,2.98,-2.79,90.94,11.17,62782000000.0
7280,Mitsuba Corporation,Consumer Cyclical,635.49,2.21,5.75,,26.7,45.9,48.99,31.08,40.53,45.02,59.83,65.32,46.61,56.72,29.66,6.86,5.99,6.15,2.1,-0.22,1.51,7.72,5.83,9.72,6.37,6.73,1.39,49.98,16.35,103523000000.0
7282,"Toyoda Gosei Co., Ltd.",Consumer Cyclical,6226.58,1.96,10.76,,11.92,5.4,13.11,1.26,10.14,21.15,14.78,20.62,8.67,18.85,47.82,6.94,5.65,6.32,3.68,8.21,-1.06,12.53,8.69,11.06,6.66,8.32,3.42,82.21,16.23,148739000000.0
7283,エラー,,,,,,,,,,,,,,,,,,,,,,,,,,,,,,,
7284,"Meiwa Industry Co., Ltd.",Consumer Cyclical,41.71,4.21,53.65,,62.52,-24.56,-8.01,-9.91,9.98,87.94,2.56,13.43,16.44,34.64,415.88,1.61,2.17,-1.88,0.32,-0.8,3.82,5.65,0.72,1.0,2.29,-2.22,0.56,74.96,14.32,4655653000.0
7287,"Nippon Seiki Co., Ltd.",Consumer Cyclical,1611.81,3.25,19.61,,15.86,-1.15,8.16,-17.13,7.62,25.12,9.47,15.29,-11.2,16.63,65.19,3.55,3.03,2.72,0.99,3.63,1.29,13.26,2.83,3.79,2.58,1.39,0.31,92.18,14.9,65101000000.0
7291,"Nihon Plast Co., Ltd.",Consumer Cyclical,88.74,5.35,4.44,,-28.78,27.56,97.59,2.11,32.12,22.95,69.31,129.4,61.59,73.89,103.4,2.31,2.3,2.26,-0.94,-4.75,-2.95,20.22,3.26,4.18,0.67,4.1,-2.11,61.44,9.86,13855000000.0
7292,Murakami Corporation,Consumer Cyclical,791.26,3.52,13.01,,5.01,7.03,10.38,6.14,7.47,12.56,12.44,15.06,9.82,13.35,44.87,7.92,8.12,7.97,6.17,5.9,4.4,15.4,6.88,13.48,6.98,7.27,5.81,,15.94,46519000000.0
7294,Yorozu Corporation,Consumer Cyclical,185.79,3.7,9.92,,14.63,-23.61,-4.92,-16.83,-4.63,43.24,25.52,67.45,15.74,45.4,121.99,2.26,0.17,2.46,1.92,-1.17,-1.68,13.02,2.88,4.22,0.41,5.39,1.43,62.27,11.39,29767000000.0
7296,"F.C.C. Co., Ltd.",Consumer Cyclical,2016.49,4.25,10.97,,2.95,6.33,13.15,6.18,7.48,11.3,13.85,17.55,10.42,14.23,51.09,7.26,6.75,6.29,5.44,1.64,6.8,9.75,7.9,12.89,7.34,5.13,5.15,97.72,18.49,80814000000.0
7297,"Car Mate Mfg. Co., Ltd.",Consumer Cyclical,62.0,3.44,22.23,,7.16,19.19,-4.31,-14.98,7.35,14.01,23.44,2.83,-8.74,13.43,106.48,4.15,1.94,1.38,2.84,-6.19,-2.71,-4.16,2.43,7.47,2.93,0.89,1.83,92.19,41.09,11139514000.0
7299,Fuji Oozx Inc.,Consumer Cyclical,182.31,2.99,8.69,,16.04,6.96,14.95,5.99,12.65,27.58,15.85,23.19,14.75,22.21,44.49,8.61,10.24,6.96,4.02,13.89,9.25,8.22,6.01,7.35,4.95,5.72,1.97,99.66,23.49,5901390000.0
7305,"Araya Industrial Co., Ltd.",Basic Materials,264.37,7.16,17.38,,6.7,6.97,9.11,3.79,7.59,12.87,10.34,10.86,7.82,11.36,32.22,4.66,3.83,4.61,9.97,-5.6,-3.84,-4.03,3.09,3.91,3.34,3.34,8.43,81.29,20.57,8801000000.0
7309,Shimano Inc.,Consumer Cyclical,15199.86,2.02,26.91,,1.17,2.72,5.39,5.43,3.09,4.2,5.73,7.54,7.28,5.82,50.99,11.08,14.43,17.64,26.9,3.38,-4.93,-24.57,3.59,7.93,5.71,7.66,16.81,99.62,35.74,477324000000.0
7313,"TS TECH Co., Ltd.",Consumer Cyclical,2151.31,5.02,30.54,,0.19,2.46,9.8,6.81,4.15,10.51,13.35,17.51,14.15,13.79,74.6,2.33,3.57,3.96,3.73,-3.95,4.26,7.95,2.08,3.25,3.02,3.32,2.96,,12.31,111195000000.0
7314,"Odawara Auto-Machine Mfg. Co., Ltd.",Industrials,41.64,3.07,32.54,,32.72,-30.79,-26.37,3.76,-8.15,34.9,-27.38,-25.28,9.01,-5.92,-3.51,2.03,6.39,5.32,0.54,25.58,55.45,-16.15,1.25,1.71,3.83,2.94,-0.75,70.27,24.15,1494583000.0
7318,"Serendip Holdings Co.,Ltd.",Industrials,246.14,0.0,6.01,,3.31,-8.6,4.93,0.76,-0.12,18.39,1.19,10.49,4.26,10.02,319.35,4.28,2.92,2.42,2.14,103.64,26.97,30.22,4.52,6.87,2.5,3.16,1.8,45.11,15.42,13663533000.0
7320,Solvvy Inc.,Technology,161.29,2.04,9.47,,3.35,10.09,-2.99,,3.48,5.72,11.54,1.82,,6.36,106.28,,23.14,18.92,19.68,,36.71,18.61,,,21.9,20.33,,72.24,73.57,2804523000.0
7322,"San ju San Financial Group,Inc.",Financial Services,2328.9,2.14,18.86,,-23.7,2.51,27.1,-165.24,1.97,-21.35,4.18,28.81,-164.23,3.88,11.65,,,,,17.51,6.24,2.45,,,,,,,0.0,353767000000.0
7325,IRRC Corporation,Financial Services,57.98,4.56,14.89,,11.46,-1.54,5.45,,5.12,16.97,3.59,10.6,,10.39,74.69,,6.25,3.13,8.04,,31.93,15.49,,,9.8,0.69,,88.21,76.32,1870849000.0
7326,"SBI Insurance Group Co., Ltd.",Financial Services,570.87,2.58,19.85,,14.07,9.62,10.3,4.98,11.33,18.2,12.78,12.74,8.56,14.57,22.17,3.15,1.79,1.89,1.97,18.51,9.09,14.3,6.12,20.41,4.77,3.66,3.22,,76.91,33583000000.0
7327,"Daishi Hokuetsu Financial Group, Inc.",Financial Services,7492.83,2.97,17.76,,-67.01,-34.67,38.61,-45.88,-21.02,-66.29,-34.14,39.29,-45.17,-20.38,-0.3,,,,,42.17,4.06,5.8,,,,,,,0.0,2026292000000.0
7337,"Hirogin Holdings, Inc.",Financial Services,7314.94,2.94,17.08,,-48.55,-124.1,104.7,-65.36,-22.65,-47.19,-122.68,107.09,-64.08,-20.93,-0.61,,,,,21.07,6.15,11.81,,,,,,,0.0,1153437000000.0
7343,"Broad-minded Co.,Ltd.",Financial Services,75.9,5.28,19.14,,-7.24,0.06,1.06,4.99,-2.04,-6.18,4.1,1.89,5.63,-0.06,41.72,11.8,7.73,13.81,14.31,-11.31,14.21,20.76,9.7,14.2,8.52,12.19,12.3,85.76,92.81,1288369000.0
7345,AI Partners Financial Inc.,Financial Services,30.74,0.43,34.61,,4.02,-0.27,0.35,-2.45,1.37,4.24,-0.1,0.47,-2.0,1.54,-49.65,2.4,-0.05,0.37,-4.03,20.74,1.72,24.43,12.16,67.9,-0.93,1.17,-19.84,,19.27,597286000.0
7347,"Mercuria Holdings Co., Ltd.",Financial Services,154.59,2.75,66.14,,15.41,4.22,7.7,-2.42,9.11,15.41,4.24,8.03,-2.26,9.23,1.55,34.86,17.52,23.0,44.69,29.64,-4.73,27.04,9.4,,2.91,6.29,9.09,94.55,93.34,20269879000.0
7350,"Okinawa Financial Group, Inc.",Financial Services,1767.5,2.52,15.73,,-58.56,8.68,-24.99,-29.61,-24.96,-57.54,9.76,-24.1,-28.33,-23.96,1.84,,,,,15.64,7.73,1.11,,,,,,,0.0,196673000000.0
7351,"Goodpatch, Inc.",Technology,42.27,2.08,10.83,,19.92,-1.66,1.81,9.36,6.69,19.97,-1.35,1.86,9.71,6.83,-6.64,10.96,0.88,7.6,10.58,28.98,0.37,5.48,8.2,21.77,0.2,4.51,5.43,96.86,57.86,2733133000.0
7352,TWOSTONE&Sons Inc.,Industrials,144.58,0.31,58.11,,4.73,4.62,0.63,0.77,3.33,5.19,4.82,1.19,1.49,3.73,20.06,4.54,3.32,3.18,2.85,26.5,42.1,46.38,7.58,21.73,4.32,7.74,7.93,49.89,30.49,4557240000.0
7353,"KIYO Learning Co.,Ltd.",Consumer Defensive,35.07,0.0,8.83,,17.74,8.58,14.05,6.13,13.46,20.71,12.35,17.14,8.94,16.73,20.96,6.04,4.76,3.59,-6.44,12.61,17.62,33.36,14.34,,12.25,7.65,-14.92,77.97,83.47,4087310000.0
7354,Direct Marketing MiX Inc.,Communication Services,166.71,2.64,9.45,,11.24,8.81,28.08,19.68,16.04,12.01,9.67,30.69,24.83,17.46,7.92,9.4,6.84,4.55,16.64,8.31,-21.97,-22.56,6.51,8.8,4.4,1.7,18.62,73.54,54.96,5523088000.0
7356,Retty Inc.,Communication Services,17.5,0.0,334.29,,-8.61,-6.12,-16.77,-32.65,-10.5,-2.35,-6.05,-16.25,-31.9,-8.22,-90.46,1.19,-5.83,-33.73,-43.82,4.36,0.38,-9.28,2.19,4.07,-8.42,-48.14,-50.68,45.54,70.11,367807000.0
7357,"GEOCODE CO.,Ltd.",Communication Services,48.93,1.47,,,0.4,2.64,0.37,1.11,1.14,0.56,2.68,0.54,1.53,1.26,19.76,-0.41,-1.59,-0.38,6.43,19.68,4.05,0.1,0.17,0.42,-1.14,-0.26,4.3,68.52,51.58,1055230000.0
7358,Poppins Corporation,Consumer Cyclical,176.04,5.94,11.06,,4.63,6.61,-4.94,-8.31,2.1,8.72,10.45,4.38,1.73,7.85,98.79,5.35,4.97,4.02,4.97,8.58,9.68,10.04,10.22,29.25,8.02,6.8,9.7,80.28,21.76,7606000000.0
7359,"Tokyo Communications Group,Inc.",Communication Services,27.6,0.0,8.66,,13.02,3.04,-3.03,4.87,4.34,13.63,4.68,-1.64,9.32,5.56,-15.15,3.14,-3.94,-2.16,-1.07,6.1,-5.75,22.62,8.06,14.99,-12.72,-3.64,-3.77,41.19,77.69,1138621000.0
7360,"ONDECK Co., Ltd.",Financial Services,16.62,0.0,5.05,,-13.19,24.71,-32.24,20.31,-6.91,-13.13,24.74,-30.65,20.88,-6.35,-1.86,-25.64,22.04,-24.26,15.93,-48.09,101.42,-38.27,-15.51,-47.24,21.33,-17.76,11.76,96.71,37.51,664465000.0
7361,"Human Creation Holdings, Inc.",Industrials,41.49,3.7,15.46,,23.28,11.43,17.0,8.93,17.24,24.81,11.6,17.42,9.0,17.94,3.36,8.74,8.81,10.76,9.4,24.84,10.47,11.77,17.03,36.24,23.42,25.62,23.41,64.77,30.38,1417293000.0
7362,Terminalcare Support Institute Inc.,Healthcare,13.49,1.13,9.24,,-52.69,-59.11,-44.29,22.46,-52.03,21.29,22.57,17.66,60.25,20.51,353.39,0.83,3.19,2.6,4.72,3.79,10.68,3.7,0.48,0.63,2.38,2.1,5.1,28.69,12.99,1186365000.0
7363,baby calendar Inc.,Healthcare,12.25,0.0,41.06,,19.39,13.9,-9.75,-9.76,7.85,21.82,15.92,-1.15,-0.24,12.2,-240.9,11.11,3.03,-2.61,3.52,26.13,27.0,10.9,8.34,17.96,1.33,-8.05,2.16,62.22,68.87,720084000.0
7366,LITALICO Inc.,Consumer Defensive,650.08,0.78,23.01,,1.81,0.66,,,1.24,4.48,2.6,,,3.54,67.18,11.96,10.6,12.6,12.92,17.74,17.37,14.51,10.01,13.44,10.47,15.14,12.91,36.6,38.97,8095000000.0
7367,"CELM,Inc.",Industrials,70.69,4.63,12.57,,14.28,13.98,8.56,9.3,12.27,14.51,14.98,10.05,9.9,13.18,7.7,11.27,13.13,13.84,12.89,25.95,9.06,3.29,12.31,18.82,10.99,17.79,19.11,54.94,49.87,1839172000.0
7368,"HYOJITO Co., Ltd.",Communication Services,81.52,3.73,10.13,,8.01,16.75,7.77,6.77,10.84,12.78,21.37,14.62,16.43,16.26,35.27,9.69,9.78,7.32,5.52,8.1,-1.2,1.84,8.64,818.36,8.92,6.5,3.94,98.99,55.24,8530717000.0
7369,"Meiho Holdings,Inc.",Industrials,18.32,0.0,,,44.88,24.79,57.39,-7.05,42.35,61.03,36.14,62.14,0.33,53.1,21.84,3.63,1.42,6.27,5.61,25.7,40.39,20.58,4.52,5.6,-3.15,10.28,7.57,49.88,24.4,754210000.0
7370,"Enjin Co., Ltd.",Communication Services,48.23,5.59,21.1,,-1.32,13.31,2.99,13.45,4.99,-0.86,14.39,4.78,14.3,6.1,-2.99,13.39,28.81,32.0,37.44,-7.56,-10.63,-6.15,5.31,8.71,11.93,16.66,20.8,98.52,69.12,1739599000.0
7371,Zenken Corporation,Industrials,97.42,6.72,18.94,,6.63,-5.65,21.16,,7.38,7.01,-5.53,21.36,,7.61,1.43,,6.21,12.14,30.38,,-20.28,-8.4,,,1.86,4.05,12.09,96.64,60.55,0.0
7372,Decollte Holdings Corporation,Consumer Cyclical,21.38,0.0,8.03,,55.48,24.09,28.05,42.8,35.87,63.91,33.48,57.82,53.89,51.74,30.91,4.88,3.93,15.23,25.89,8.17,-4.52,9.99,3.02,3.17,2.57,7.47,14.52,46.5,34.37,329696000.0
7373,"Aidma Holdings, Inc.",Industrials,131.8,3.28,7.33,,18.61,8.34,15.61,13.17,14.19,18.81,9.07,16.55,13.22,14.81,4.92,23.38,23.24,24.39,26.48,24.97,17.23,46.24,27.68,159.46,21.55,23.27,25.08,99.09,69.86,6055642000.0
7374,Interworks Confidence Inc.,Industrials,95.46,5.94,11.88,,14.23,10.58,10.52,7.07,11.78,14.4,10.99,10.82,7.84,12.07,2.54,12.89,15.53,15.96,17.96,18.81,12.07,44.07,12.89,42.53,17.92,12.83,30.95,,45.81,4395861000.0
7375,"REFINVERSE Group, Inc.",Basic Materials,44.74,0.0,17.5,,1.77,9.0,8.23,,6.33,3.92,11.87,10.65,,8.81,33.89,,0.85,4.73,7.05,,-13.85,19.8,,,0.29,8.91,,18.94,36.45,511956000.0
7376,"BCC Co., Ltd.",Industrials,32.67,0.0,,,-3.33,-1.41,1.76,-0.2,-0.99,-2.88,-1.11,2.7,-0.02,-0.43,-2.32,-6.68,-1.29,5.26,4.23,5.93,8.23,12.04,-8.91,-38.38,-165.53,7.27,5.47,85.32,37.07,599155000.0
7377,"DN Holdings Co.,Ltd.",Industrials,142.21,4.36,14.9,,18.11,-15.41,2.07,1.48,1.59,21.3,-13.48,5.58,4.28,4.47,21.21,7.35,5.71,6.73,6.72,8.33,4.76,1.46,11.8,14.34,8.49,12.05,13.11,97.12,32.51,2899140000.0
7378,ASIRO Inc.,Consumer Cyclical,111.17,2.57,13.42,,11.83,6.48,-1.71,3.84,5.53,12.05,6.57,-0.93,4.6,5.9,-26.9,21.35,8.35,1.67,21.97,41.61,46.79,45.25,27.42,94.76,7.09,-1.64,10.54,90.57,39.49,2471220000.0
7380,"Juroku Financial Group,Inc.",Financial Services,5045.73,2.07,18.58,,-41.7,-0.43,30.23,-271.87,-3.97,-37.72,0.57,31.07,-271.36,-2.03,55.71,,,,,21.1,3.59,11.25,,,,,,,0.0,1099800000000.0
7381,"CCI Group, Inc.",Financial Services,3015.61,2.27,24.46,,-91.73,157.5,56.9,-44.43,40.89,-84.82,162.61,60.9,-42.76,46.23,0.53,,,,,91.09,-4.71,3.23,,,,,,,0.0,1378941000000.0
7383,"Net Protections Holdings, Inc.",Financial Services,395.03,0.0,22.72,,18.51,12.71,0.48,-10.31,10.57,22.71,16.62,4.89,-6.66,14.74,44.06,11.3,9.13,-3.01,-2.1,9.47,10.49,7.84,6.37,25.33,4.55,-2.49,-1.3,65.07,63.19,20216000000.0
7384,"Procrea Holdings, Inc.",Financial Services,1594.15,1.85,42.21,,-132.57,289.96,-5.26,-320.51,50.71,-130.39,294.99,0.4,-318.95,55.0,472.44,,,,,3.9,5.75,-0.46,,,,,,,0.0,1152093000000.0
7388,FP Partner Inc.,Financial Services,536.91,4.03,31.24,,4.21,8.18,7.29,6.63,6.56,4.21,8.18,7.29,6.63,6.56,0.0,9.3,14.96,18.18,14.94,-9.86,16.55,19.35,15.19,36.26,30.48,29.46,25.51,91.49,33.25,7519355000.0
7389,"Aichi Financial Group, Inc.",Financial Services,5035.53,1.57,23.22,,35.46,-21.94,-32.79,5.21,-6.42,36.18,-20.87,-31.89,5.72,-5.53,-2.0,,,,,11.73,9.44,19.5,,,,,,,0.0,790694000000.0
7399,"Nansin Co., Ltd.",Industrials,39.86,3.22,17.88,,9.36,-2.15,10.98,-17.81,6.06,16.29,2.82,17.91,-12.96,12.34,85.87,2.16,1.25,2.24,2.13,-0.41,10.12,-9.1,0.91,1.36,0.7,0.94,1.26,97.86,24.69,4139149000.0
7409,"AeroEdge Co., Ltd.",Industrials,377.66,0.0,46.51,,-1.64,-0.36,2.48,-2.0,0.16,3.53,3.68,2.85,0.1,3.35,89.67,18.19,21.06,16.41,-6.32,7.52,14.7,48.67,11.78,15.05,9.99,11.38,-1.97,,46.82,1573893000.0
7412,ATOM Corporation,Consumer Cyclical,666.32,0.0,,,-1.71,-2.35,-1.52,-1.94,-1.86,-0.69,-1.17,1.42,1.79,-0.15,-13.43,2.46,0.71,2.84,0.05,-14.29,-3.98,4.85,17.78,30.13,0.82,9.87,0.11,59.38,62.06,3633000000.0
7413,"Sokensha Co.,Ltd.",Consumer Defensive,20.64,0.68,120.9,,-1.32,-2.43,5.49,-4.44,0.58,-0.23,-1.85,7.48,-3.32,1.8,-161.88,0.44,1.33,0.49,0.54,-4.02,1.37,0.77,0.45,1.21,2.29,0.37,0.75,53.65,25.25,1344236000.0
7414,"Onoken Co., Ltd.",Industrials,351.1,4.79,,,7.09,-27.24,-6.69,-23.57,-8.95,29.77,16.39,45.41,-12.52,30.52,152.35,1.87,2.5,2.92,3.71,-6.92,-3.54,7.34,2.98,3.11,3.17,4.08,5.56,61.33,10.39,6362000000.0
7416,Haruyama Holdings Inc.,Consumer Cyclical,107.88,2.27,,,-32.0,-11.21,5.3,30.3,-12.64,-19.65,-1.29,11.84,38.61,-3.03,-259.3,-1.87,1.73,2.58,2.01,-2.56,0.61,-2.65,-2.82,-3.76,1.5,2.01,0.69,71.55,58.46,8317713000.0
7417,NANYO Corporation,Industrials,224.99,3.44,9.82,,11.01,12.39,13.32,-3.51,12.24,18.25,21.94,23.32,7.5,21.17,42.02,7.63,7.8,7.33,7.54,0.77,-3.83,-3.43,6.7,10.78,7.0,7.14,8.1,94.17,21.46,10778000000.0
7419,Nojima Corporation,Consumer Cyclical,3774.53,1.56,10.3,,11.34,8.94,13.81,7.58,11.36,15.25,11.68,15.42,9.17,14.12,19.83,5.91,5.67,4.01,5.36,15.16,12.1,21.58,12.43,18.06,11.44,9.29,9.8,75.92,28.42,96300000000.0
7421,"Kappa Create Co., Ltd.",Consumer Cyclical,801.48,0.31,,,3.09,4.76,4.37,3.12,4.07,3.1,4.78,4.43,3.15,4.1,0.66,0.73,1.96,2.35,-1.56,-0.02,1.4,2.5,9.94,15.58,6.83,8.59,-7.76,58.91,51.62,6034000000.0
7422,"Toho Lamac Co., Ltd.",Consumer Cyclical,21.57,2.72,91.97,,-44.35,4.15,16.06,-30.87,-8.05,-22.35,9.09,17.84,-30.32,1.53,-11.37,-2.65,1.44,-4.09,-3.95,-10.93,0.19,-20.08,-0.68,-1.01,1.27,-4.07,-9.98,79.2,28.88,1935032000.0
7425,"Hatsuho Shouji Co.,Ltd.",Basic Materials,72.67,3.63,8.65,,27.15,3.18,0.51,14.04,10.28,29.83,8.65,9.54,17.86,16.01,55.62,3.43,3.7,4.13,4.05,1.77,1.18,8.27,7.22,23.58,8.31,9.31,9.87,94.61,17.59,7599103000.0
7426,Yamadai Corporation,Basic Materials,6.56,6.06,,,-58.99,26.06,-90.95,62.26,-41.29,-57.44,42.42,-13.45,69.45,-9.49,-180.12,-6.52,-8.94,-3.3,3.11,-0.88,-7.63,-11.38,-7.67,-9.94,-9.67,-3.75,1.85,54.24,12.14,772348000.0
7427,"Echo Trading Co., Ltd.",Consumer Defensive,50.83,3.58,6.51,,73.84,-1.91,22.69,14.16,31.54,78.31,-0.92,23.52,14.87,33.64,-32.36,1.05,1.28,1.6,0.89,-0.54,-0.95,10.78,5.29,9.62,5.99,9.03,4.35,76.81,11.14,6230654000.0
7433,"Hakuto Co., Ltd.",Technology,1073.1,2.94,21.44,,8.49,8.88,7.06,-3.62,8.14,9.57,9.87,8.12,-3.15,9.19,11.44,3.36,4.32,4.2,5.44,-1.07,0.6,-22.08,3.12,3.67,5.35,5.22,8.86,55.06,15.5,18957000000.0
7434,Otake Corporation,Industrials,69.86,2.2,7.4,,10.46,16.42,-0.4,12.52,8.83,14.08,22.06,4.81,13.26,13.65,53.18,2.96,2.93,3.12,2.26,5.57,6.59,10.17,4.36,5.3,4.32,4.77,3.14,91.43,14.41,2725444000.0
7435,"Nadex Co., Ltd.",Industrials,105.43,4.02,16.54,,18.46,13.62,-1.81,4.39,10.09,26.3,19.23,0.39,6.92,15.31,206.34,3.04,2.07,2.8,5.34,-0.14,7.28,-4.99,3.27,4.28,1.53,3.3,6.81,94.46,19.75,4762210000.0
7438,Kondotec Inc.,Industrials,461.94,3.27,13.98,,0.53,9.2,4.42,5.59,4.72,6.05,12.64,9.12,8.57,9.27,56.64,5.53,5.64,6.08,5.77,6.03,2.99,1.89,6.77,10.31,7.21,8.09,7.53,82.01,22.36,15654000000.0
7442,"Nakayamafuku Co.,Ltd.",Consumer Cyclical,91.0,2.49,13.99,,2.96,-6.67,10.49,7.45,2.26,3.89,-0.07,14.83,8.12,6.22,-3235.28,1.23,0.38,-1.22,0.29,5.14,6.11,-3.24,1.33,1.67,0.35,-0.15,0.28,90.89,19.5,5411508000.0
7443,"Yokohama Gyorui Co., Ltd.",Consumer Defensive,41.86,1.21,22.71,,3.76,1.14,19.51,-15.59,8.14,4.16,3.2,21.23,2.64,9.53,27.36,1.01,0.78,0.8,0.12,3.83,0.5,-4.28,5.32,6.53,7.01,4.91,0.57,53.55,8.76,562978000.0
7444,"Harima-Kyowa Co.,LTD.",Consumer Cyclical,107.76,3.0,7.12,,-2.95,-9.93,-12.81,14.17,-8.56,18.74,22.88,1.12,18.07,14.25,501.84,2.83,3.09,2.96,2.95,-3.2,0.39,2.37,4.25,4.9,4.69,5.11,5.5,90.91,12.86,3819346000.0
7446,"Tohoku Chemical Co., Ltd.",Basic Materials,40.18,2.33,7.23,,3.23,-30.28,22.87,20.28,-1.39,3.73,-25.98,31.58,22.05,3.11,8.12,1.51,1.1,2.14,2.53,7.11,-8.37,-6.0,4.23,4.82,2.92,7.09,9.66,92.18,9.54,1005800000.0
7447,"Nagaileben Co., Ltd.",Consumer Cyclical,488.96,4.24,19.98,,3.66,4.33,3.13,6.8,3.71,4.46,4.68,3.71,7.04,4.28,13.63,21.1,24.4,26.8,28.35,3.48,-4.48,-3.18,6.02,14.58,6.5,7.36,8.23,,39.52,24246113000.0
7453,"Ryohin Keikaku Co., Ltd.",Consumer Cyclical,21498.55,0.81,36.04,,1.51,0.91,1.4,0.26,1.27,3.41,2.72,2.63,1.09,2.92,56.36,9.41,8.48,5.7,6.61,18.58,13.81,17.18,15.03,23.35,11.57,7.01,8.73,80.81,51.36,134926000000.0
7456,"MATSUDA SANGYO Co., Ltd.",Basic Materials,1816.69,1.69,10.85,,-8.35,-0.85,-3.27,-0.62,-4.16,-4.93,1.4,1.01,5.86,-0.84,171.7,3.26,2.7,2.6,3.94,46.71,30.04,2.71,9.5,10.38,6.75,5.42,9.34,73.41,6.99,14564000000.0
7458,"Daiichikosho Co., Ltd.",Consumer Cyclical,1975.02,3.61,12.45,,0.91,1.84,-12.07,6.56,-3.11,12.71,12.48,13.57,12.59,12.92,122.35,12.68,13.22,12.68,10.11,6.49,4.28,14.51,7.85,10.8,9.44,7.28,5.37,69.52,34.48,48841000000.0
7459,MediPal Holdings Corporation,Healthcare,6470.52,2.82,15.29,,5.7,7.44,6.56,0.41,6.57,7.19,9.36,9.56,2.5,8.7,24.23,1.39,1.51,1.33,1.46,3.98,3.16,5.91,5.3,9.51,6.03,5.46,6.02,,6.84,289073000000.0
7460,"Yagi & Co.,Ltd.",Consumer Cyclical,397.18,4.92,11.01,,8.28,9.1,3.24,1.83,6.87,11.05,11.48,5.34,2.74,9.29,28.36,4.92,4.29,3.84,2.25,3.07,0.64,-4.14,5.41,6.48,4.26,3.92,2.18,79.03,31.65,9757000000.0
7461,"Kimura Co.,Ltd.",Basic Materials,69.57,2.94,9.83,,-56.86,-36.48,12.73,16.82,-26.87,19.67,20.25,28.84,27.33,22.92,241.67,2.87,5.38,5.34,6.24,2.53,6.64,-3.27,2.59,3.1,5.75,6.04,7.74,63.35,30.2,4772845000.0
7462,CAPITA Inc.,Energy,33.13,2.44,21.94,,-63.2,16.99,-18.33,-6.96,-21.51,-63.07,17.38,-0.67,-5.65,-15.45,-873.52,-1.43,2.36,1.73,2.46,-37.46,10.68,-8.98,-0.51,-0.75,5.67,1.2,2.86,27.41,30.17,1530752000.0
7463,"Advan Group Co., Ltd.",Basic Materials,335.47,4.03,4.24,,-0.39,6.68,-0.29,7.87,2.0,5.63,14.81,11.19,9.57,10.54,88.16,,17.02,19.4,23.05,,-8.79,-0.47,,,3.09,4.09,5.7,73.78,39.91,16065170000.0
7464,"Saftec Co.,Ltd.",Industrials,26.64,3.98,18.72,,5.07,39.14,30.86,26.01,25.02,6.09,44.36,31.89,26.68,27.45,10.57,2.43,3.44,5.29,8.77,-1.95,1.87,1.56,1.38,2.33,2.54,3.71,6.02,68.41,44.62,3936987000.0
7466,SPK Corporation,Consumer Cyclical,302.9,2.85,11.25,,6.78,0.9,2.21,0.53,3.3,8.44,3.94,6.06,2.77,6.15,53.38,4.77,4.82,4.97,4.97,9.5,8.56,15.74,6.64,8.92,6.59,7.83,7.39,79.52,19.19,9593000000.0
7472,"TOBA, INC.",Industrials,151.24,3.1,13.86,,21.2,-5.59,16.8,6.05,10.8,21.34,-4.98,18.13,8.13,11.5,-1.42,5.14,5.34,5.33,5.75,-7.93,10.95,-3.5,4.63,10.78,5.36,4.86,5.83,,15.28,12448820000.0
7475,"ALBIS Co.,Ltd.",Consumer Defensive,314.58,1.86,23.87,,-3.8,-1.82,6.92,7.0,0.43,15.54,9.73,14.22,12.81,13.16,98.15,2.14,2.11,2.2,2.05,2.82,0.4,3.39,3.12,3.86,3.62,4.37,3.83,75.38,31.2,8519000000.0
7476,AS ONE Corporation,Healthcare,1813.0,2.63,19.79,,2.05,4.15,2.71,3.21,2.97,3.57,5.14,3.58,3.84,4.1,28.67,11.6,11.17,10.92,12.47,6.7,8.6,4.5,11.77,16.64,10.92,10.59,11.29,88.9,30.23,22194000000.0
7477,Muraki Corporation,Consumer Cyclical,21.81,1.89,33.05,,7.11,5.35,-0.72,11.55,3.91,8.11,5.83,5.46,11.56,6.47,44.56,1.75,1.91,2.6,2.64,3.74,1.81,1.02,2.06,4.7,2.88,6.69,4.46,96.51,23.25,1545496000.0
7480,Suzuden Corporation,Industrials,467.28,4.88,28.71,,3.23,8.34,7.94,4.31,6.5,3.27,8.44,8.12,6.2,6.61,1.49,4.51,5.2,5.47,6.52,-1.56,-8.44,-24.48,7.76,12.52,8.35,9.58,14.49,93.77,16.29,6831265000.0
7481,"Oie Sangyo Co., Ltd.",Consumer Defensive,217.56,3.98,7.75,,14.61,14.8,12.29,11.67,13.9,15.01,17.21,12.92,11.88,15.05,7.18,2.95,2.99,2.91,1.78,8.44,7.08,17.44,16.22,30.2,17.75,23.3,12.99,97.47,18.85,7894000000.0
7482,"Shimojima Co., Ltd.",Consumer Cyclical,357.18,3.97,13.04,,6.74,-0.0,9.36,1.79,5.37,10.78,2.58,13.15,6.52,8.84,55.47,5.33,4.92,5.65,3.66,6.84,4.99,5.03,6.63,8.85,5.85,6.32,3.89,99.79,32.56,9268000000.0
7483,"Doshisha Co.,Ltd.",Industrials,1119.87,3.86,12.9,,9.69,6.57,4.53,6.11,6.93,9.81,6.67,4.8,6.36,7.09,2.77,9.9,7.9,7.49,7.62,5.79,7.67,0.11,8.81,26.35,7.08,6.24,6.55,,30.03,63470000000.0
7486,"Sanrin Co., Ltd.",Energy,98.09,2.97,19.68,,-1.44,-0.87,12.52,2.61,3.4,10.33,8.72,20.42,11.29,13.16,87.52,2.75,2.97,1.93,1.57,-0.96,-3.8,-2.44,1.96,2.57,2.68,1.93,1.55,86.55,23.82,6029000000.0
7487,Ozu Corporation,Basic Materials,157.72,1.44,25.83,,5.73,4.04,0.49,3.74,3.42,6.64,5.38,3.37,5.17,5.13,41.39,5.47,4.21,5.22,4.43,5.08,0.94,-2.34,2.1,3.78,1.5,1.93,1.47,88.19,33.14,9617685000.0
7490,"Nissin Shoji Co.,Ltd.",Industrials,146.21,1.0,3.99,,-1.94,-3.21,-3.48,2.58,-2.88,0.17,5.56,1.41,11.12,2.38,576.65,-0.47,0.99,1.31,1.65,1.0,0.78,-0.42,-0.47,-0.6,0.68,0.91,1.13,79.25,17.39,7447679000.0
7494,"Konaka Co.,Ltd.",Consumer Cyclical,81.09,4.17,3.96,,3.33,-29.56,-13.1,4.39,-13.11,15.0,-2.81,5.12,20.27,5.77,-172.54,-1.38,-2.14,-1.39,-5.15,-12.1,-4.06,4.15,6.77,7.55,-4.91,-0.89,-8.47,62.52,60.05,3203000000.0
7500,"Nishikawa Keisoku Co., Ltd.",Technology,359.86,7.18,10.92,,7.43,4.11,6.21,0.66,5.92,7.79,4.42,6.38,1.1,6.2,4.77,9.7,9.51,7.02,6.91,6.32,14.08,8.35,12.55,23.61,13.34,9.7,10.17,99.77,22.69,9606995000.0
7501,Tiemco Ltd.,Consumer Cyclical,35.16,0.85,,,-8.44,-6.21,2.97,5.36,-3.89,-7.04,-3.36,4.0,6.29,-2.13,-26.39,-3.05,-0.94,3.42,3.45,0.22,-5.61,3.44,-3.31,-4.7,-0.89,1.98,2.51,,45.09,1288183000.0
7502,"Plaza Holdings Co.,Ltd.",Consumer Cyclical,34.13,1.48,19.14,,16.6,15.23,9.73,-4.4,13.85,24.48,22.08,15.41,12.88,20.66,33.36,1.9,1.8,1.24,0.48,3.0,5.7,-7.78,4.24,5.46,3.67,2.62,1.22,19.59,38.14,1870902000.0
7504,Kohsoku Corporation,Consumer Cyclical,859.42,2.75,23.06,,-2.3,-1.53,3.52,1.99,-0.1,2.95,1.13,5.33,2.98,3.14,149.24,3.92,3.91,3.98,4.06,7.14,9.13,7.45,8.12,9.21,8.04,7.88,8.13,95.79,19.93,5078881000.0
7505,"Fuso Dentsu Co., Ltd.",Technology,243.29,7.82,7.16,,18.92,4.42,6.14,-7.95,9.83,20.05,5.39,6.95,-7.31,10.8,11.68,6.27,3.99,3.06,1.07,16.9,13.71,12.79,14.53,41.23,10.0,7.27,2.32,93.13,19.22,10495670000.0
7506,"HOUSE OF ROSE Co.,Ltd.",Consumer Cyclical,64.99,1.81,3370.73,,-3.32,0.48,7.26,4.48,1.47,-2.22,0.98,7.54,4.97,2.1,1.43,0.79,1.07,3.06,1.29,-0.45,-3.29,0.7,0.02,0.03,0.82,2.43,2.84,91.53,71.46,2670809000.0
7508,G-7 Holdings Inc.,Consumer Defensive,634.4,4.83,13.3,,4.14,5.86,5.54,2.04,5.18,11.14,11.83,11.65,6.24,11.54,55.25,3.13,3.33,3.59,3.68,8.44,10.95,9.08,8.74,13.93,10.6,12.85,12.44,63.65,24.08,20793000000.0
7509,I.A Group Corporation,Industrials,69.26,3.42,5.0,,20.26,14.28,13.54,19.48,16.03,34.4,21.44,22.94,25.55,26.26,38.49,4.59,4.82,5.17,3.88,6.84,4.56,0.44,6.44,6.95,6.47,7.14,4.81,81.72,45.03,1455854000.0
7510,Takebishi Corporation,Technology,464.78,3.2,15.71,,4.25,3.32,12.84,-1.97,6.8,6.41,3.91,13.09,-1.54,7.8,16.92,3.72,3.39,3.69,4.02,8.81,-0.38,4.06,5.97,7.58,5.06,5.91,6.51,97.2,14.31,9722000000.0
7512,Aeon Hokkaido Corporation,Consumer Cyclical,1202.05,1.87,32.25,,2.97,-4.31,3.36,5.15,0.67,18.87,10.7,10.17,12.38,13.25,97.17,2.06,2.09,2.91,2.46,7.12,6.03,4.81,5.01,5.25,4.38,7.4,5.78,30.34,29.53,5558000000.0
7513,"Kojima Co.,Ltd.",Consumer Cyclical,1143.13,3.81,22.88,,0.84,10.16,-0.16,5.09,3.61,3.48,11.54,1.16,6.8,5.39,67.31,2.59,2.36,1.8,2.9,4.79,0.74,-4.11,6.56,9.89,6.37,3.96,8.18,89.68,27.17,26854000000.0
7514,"HIMARAYA Co.,Ltd.",Consumer Cyclical,104.3,3.05,,,-3.57,4.38,-21.66,-1.48,-6.95,3.99,9.42,-0.4,8.03,4.34,-1678.56,0.47,0.53,1.66,3.46,3.31,-2.79,2.16,0.15,0.18,1.01,2.59,5.86,63.18,35.08,3691000000.0
7515,Maruyoshi Center Inc.,Consumer Defensive,42.86,0.65,32.68,,40.79,-11.08,15.99,6.32,15.23,50.51,8.34,35.81,15.52,31.55,102.52,0.79,0.32,1.03,0.71,3.0,4.81,3.34,2.07,2.29,0.41,2.23,1.73,36.88,27.12,923235000.0
7516,"Kohnan Shoji Co., Ltd.",Consumer Cyclical,1322.94,3.07,10.6,,6.28,0.99,2.83,-4.7,3.37,17.38,16.96,17.0,7.11,17.11,80.47,4.31,4.99,5.1,5.02,3.66,6.08,7.66,4.13,4.32,4.96,5.07,5.24,45.01,39.1,15518000000.0
7520,"Eco's Co.,Ltd.",Consumer Defensive,286.22,2.72,11.02,,18.4,18.4,25.72,11.65,20.84,18.4,18.4,25.72,11.65,20.84,0.0,4.16,4.39,4.4,3.57,0.59,5.49,5.94,9.96,13.45,10.48,11.1,9.11,71.06,29.46,10150000000.0
7521,"Musashi Co., Ltd.",Industrials,189.37,1.34,6.75,,9.28,16.28,-3.83,7.06,7.24,13.5,17.59,-1.7,8.4,9.8,-28.82,11.52,8.97,3.25,7.07,8.54,12.83,-10.61,7.22,17.28,6.48,2.13,5.33,91.32,29.02,23567000000.0
7522,"Watami Co., Ltd.",Consumer Cyclical,359.34,1.12,9.9,,12.15,15.04,7.09,12.69,11.43,21.06,19.17,13.19,18.58,17.81,36.7,5.19,5.15,4.56,1.89,5.13,7.79,5.62,6.69,31.88,6.7,7.62,2.73,52.69,55.74,45954000000.0
7523,"Art Vivant Co., Ltd.",Consumer Cyclical,171.69,1.6,10.14,,21.65,11.18,-3.42,0.33,9.8,21.85,11.75,-2.89,0.95,10.24,-4.3,21.29,19.7,21.48,20.96,18.11,-2.5,2.62,6.51,9.84,4.48,5.55,6.53,60.23,63.68,9078625000.0
7524,Marche Corporation,Consumer Cyclical,28.37,0.0,,,-7.24,-7.1,-3.05,-1.13,-5.8,-2.7,-2.92,-1.33,1.78,-2.32,-147.04,-0.62,0.97,1.97,-8.41,4.06,-2.0,1.31,-1.48,-5.84,1.5,5.82,-17.95,87.48,60.77,1429081000.0
7525,Rix Corporation,Industrials,294.65,4.49,9.26,,0.39,3.77,1.17,3.49,1.78,4.56,10.61,5.08,7.22,6.75,77.62,6.34,7.09,7.12,7.36,2.01,10.0,10.01,7.78,10.74,9.96,10.04,10.87,84.65,26.42,8407138000.0
7527,SystemSoft Corporation,Technology,51.84,0.0,8.31,,-10.35,11.43,4.55,2.35,1.88,-10.11,11.77,4.89,3.25,2.18,2.52,-35.97,-17.97,4.58,8.14,-40.57,-31.84,-27.93,-14.11,-52.73,-10.17,1.58,3.63,,26.68,3242881000.0
7531,Seiwa Chuo Holdings Corporation,Basic Materials,51.92,1.51,14.14,,33.26,25.63,43.91,-29.14,34.27,36.77,31.91,52.31,-12.23,40.33,15.1,0.8,-0.19,0.26,1.4,-2.81,-17.75,8.73,1.67,2.07,4.95,0.25,2.75,98.39,10.06,3124885000.0
7532,Pan Pacific International Holdings Corporation,Consumer Defensive,21285.09,1.4,19.38,,3.75,2.63,3.68,2.09,3.35,6.2,7.07,6.48,4.47,6.58,48.5,7.22,6.69,5.43,4.84,7.24,8.17,5.76,10.7,12.89,9.34,6.65,6.07,67.34,31.9,171958000000.0
7537,Marubun Corporation,Technology,502.03,4.11,15.17,,9.87,32.2,42.86,-38.34,28.31,12.71,37.08,45.2,-37.81,31.66,13.58,3.64,4.34,5.49,4.86,1.23,-10.85,4.56,5.21,6.81,5.85,7.79,6.51,58.61,11.57,24735000000.0
7538,"Daisui Co.,Ltd.",Consumer Defensive,47.29,1.8,7.22,,-29.46,-28.3,54.37,-8.5,-1.13,-22.5,-22.46,56.06,-7.38,3.7,-17.96,0.85,0.69,0.84,0.44,6.51,0.86,0.0,3.7,4.37,6.78,6.2,4.19,80.94,6.74,2558000000.0
7539,"AINAVO HOLDINGS Co.,Ltd.",Industrials,189.34,3.67,10.53,,14.44,13.88,8.09,1.24,12.14,16.62,14.92,8.86,2.09,13.47,9.58,2.74,2.42,2.06,2.4,2.77,4.29,8.77,5.61,11.07,4.63,4.47,5.36,96.87,14.77,13124840000.0
7544,"Three F Co.,Ltd.",Consumer Defensive,42.34,3.22,11.07,,25.55,11.17,19.32,0.9,18.68,25.74,12.26,19.32,0.9,19.11,3.2,9.42,7.25,6.63,1.23,8.39,0.43,4.87,21.39,,16.99,14.88,-3.75,,77.72,4768000000.0
7545,"Nishimatsuya Chain Co., Ltd.",Consumer Cyclical,1181.99,1.64,17.13,,8.94,7.73,9.76,2.93,8.81,8.94,7.73,9.76,2.93,8.81,0.0,5.14,6.55,6.73,6.45,3.97,4.96,4.52,6.88,25.76,8.75,9.26,9.36,,33.47,72489000000.0
7550,"Zensho Holdings Co., Ltd.",Consumer Cyclical,16326.83,0.78,37.82,,1.27,0.93,2.69,1.26,1.63,6.2,4.84,5.27,3.25,5.44,69.75,6.44,6.61,5.56,2.79,11.21,17.7,23.82,8.43,10.8,8.61,6.97,3.69,52.28,54.3,143065000000.0
7551,"Weds Co., Ltd.",Consumer Cyclical,111.14,3.16,11.39,,4.36,18.77,14.38,18.8,12.5,11.22,21.84,16.55,19.78,16.54,29.42,5.52,6.39,5.7,6.93,-1.73,1.02,-4.7,5.56,10.79,8.31,7.65,10.42,94.38,21.8,9216100000.0
7552,Happinet Corporation,Consumer Cyclical,1858.11,2.27,18.35,,8.17,8.38,3.75,3.08,6.77,8.52,9.75,4.5,3.63,7.59,11.58,3.47,3.21,2.48,1.9,20.48,3.98,14.06,16.28,103.73,13.41,11.26,7.52,,11.99,50825000000.0
7554,Kourakuen Corporation,Consumer Cyclical,224.75,1.28,19.43,,2.02,7.74,3.07,-1.84,4.28,8.65,8.86,4.89,1.26,7.47,42.22,5.07,2.26,-5.66,-6.63,56.04,112.34,-65.15,14.97,34.38,5.17,-9.29,-41.11,98.85,69.29,4673146000.0
7555,"Ota Floriculture Auction Co.,Ltd.",Consumer Defensive,38.0,1.62,46.34,,6.97,-3.92,23.82,13.55,8.96,8.31,1.87,27.04,16.87,12.41,112.63,1.56,7.26,5.33,7.1,-5.08,-6.94,-3.28,0.73,1.03,3.37,2.47,3.76,94.84,77.87,1566000000.0
7561,Hurxley Holdings Corporation,Consumer Cyclical,131.1,4.23,8.83,,28.46,-27.53,1.59,-30.0,0.84,43.07,1.33,53.45,12.78,32.62,764.41,5.83,4.28,5.21,4.1,16.05,-3.39,31.3,2.89,3.72,2.09,3.21,2.25,45.8,31.96,12778000000.0
7562,"Anrakutei Co., Ltd.",Consumer Cyclical,176.18,0.39,20.71,,6.58,3.83,9.4,0.86,6.6,11.19,7.38,14.14,3.77,10.9,40.94,4.68,4.81,4.84,-0.36,1.44,0.31,5.93,4.78,8.14,4.72,10.06,-1.56,42.78,61.94,7988510000.0
7564,"Workman Co.,Ltd.",Consumer Cyclical,4317.33,1.7,20.94,,2.36,4.16,2.63,0.96,3.05,4.36,5.74,3.53,2.04,4.54,32.91,18.46,17.82,17.45,18.8,17.47,3.23,3.4,12.97,28.21,12.09,12.31,14.03,99.13,37.91,83743000000.0
7565,Mansei Corporation,Technology,126.65,2.05,11.36,,19.6,15.32,16.1,-10.76,17.01,19.77,18.4,16.15,-10.72,18.11,5.97,5.82,4.65,5.68,4.77,10.52,-6.61,13.1,8.12,21.06,6.94,7.43,5.57,97.8,15.61,8253545000.0
7567,Sakae Electronics Corporation,Industrials,32.15,1.8,28.23,,-0.29,-12.28,5.22,12.4,-2.45,0.78,-10.14,6.0,14.72,-1.12,43.03,1.9,0.99,3.82,8.13,14.03,-23.16,-22.81,1.93,2.43,1.02,4.26,13.74,91.22,16.18,1090792000.0
7570,"Hashimoto Sogyo Holdings Co.,Ltd.",Industrials,278.27,3.69,9.93,,9.23,-16.56,8.82,5.18,0.5,17.3,8.88,13.22,8.23,13.13,122.17,1.47,1.48,1.49,1.89,4.31,6.24,5.02,3.78,4.34,3.67,3.31,4.95,57.44,10.61,5794000000.0
7571,Yamano Holdings Corporation,Industrials,29.64,1.79,14.26,,9.88,10.19,4.54,-4.91,8.2,12.73,12.99,7.07,-3.66,10.93,26.58,2.8,1.83,0.73,2.14,5.44,0.92,-0.48,5.89,14.92,2.1,-1.95,6.72,29.2,50.37,2841501000.0
7575,"Japan Lifeline Co., Ltd.",Healthcare,1101.43,3.59,11.78,,5.63,6.82,4.16,8.6,5.54,7.42,8.27,6.28,10.17,7.32,25.18,21.31,21.79,21.21,20.95,4.55,10.17,-0.71,13.82,16.87,15.05,12.46,12.25,95.7,59.43,12494000000.0
7578,"Nichiryoku Co.,Ltd.",Consumer Cyclical,14.02,0.0,,,-35.99,-8.44,5.54,23.37,-12.96,-32.35,-8.1,6.47,24.22,-11.33,-0.4,-24.37,-4.52,9.98,6.89,-22.95,-21.49,-11.5,-36.6,-38.85,-2.46,4.24,2.33,56.45,68.21,253258000.0
7581,"Saizeriya Co.,Ltd.",Consumer Cyclical,3100.01,0.55,26.04,,2.47,4.97,4.94,5.5,4.13,8.48,7.78,6.71,7.05,7.66,44.44,6.04,6.62,3.94,0.29,14.33,22.54,27.01,8.43,17.26,6.94,4.82,0.26,81.75,58.07,67152000000.0
7585,Kan-Nanmaru Corporation,Consumer Cyclical,15.51,0.0,,,-23.11,-18.87,1.83,,-13.38,-5.73,-14.38,7.51,,-4.2,-86.29,,-10.95,-25.75,-93.76,,23.51,124.04,,,-13.64,-22.72,,74.14,67.07,717539000.0
7590,"Takasho Co.,Ltd.",Consumer Cyclical,66.93,1.27,26.03,,1.81,-12.74,5.57,-16.24,-1.79,9.58,-3.98,16.91,-6.96,7.5,-23.89,1.08,-0.76,-0.56,4.33,1.79,2.47,-4.62,0.36,0.44,1.59,0.15,2.74,68.14,42.43,3506673000.0
7593,"Vt Holdings Co.,Ltd.",Consumer Cyclical,600.19,4.56,12.75,,7.05,19.76,-3.07,-4.22,7.91,31.31,46.58,20.1,18.62,32.66,83.45,2.83,3.09,3.85,4.83,10.55,12.85,17.0,4.1,4.5,4.81,5.54,7.54,46.46,15.43,13805000000.0
7595,ARGO GRAPHICS Inc.,Technology,889.83,3.56,4.91,,0.66,6.44,10.75,3.39,5.95,5.24,7.26,10.87,3.78,7.79,33.25,15.02,14.67,15.41,14.57,2.85,16.85,11.55,15.53,46.65,12.44,12.72,12.8,,26.26,32549021000.0
7596,"Uoriki Co., Ltd.",Consumer Defensive,322.7,2.22,24.77,,1.44,6.0,4.07,2.95,3.84,2.5,6.72,5.97,3.42,5.06,28.37,3.56,4.08,4.35,3.22,19.03,0.78,7.71,5.54,13.82,5.63,6.58,4.25,99.9,40.92,11263412000.0
7599,IDOM Inc.,Consumer Cyclical,1208.9,3.53,10.15,,-0.08,-23.7,1.19,-2.95,-7.53,9.15,-16.57,7.98,1.88,0.19,47.66,3.59,4.0,3.84,4.49,13.31,18.3,0.8,7.54,8.87,9.05,8.85,10.99,44.64,17.12,27462000000.0
7600,"Japan Medical Dynamic Marketing, INC.",Healthcare,178.94,2.58,68.1,,-10.01,-3.46,1.69,4.87,-3.93,1.15,5.85,11.76,12.22,6.25,405.49,2.4,6.2,7.54,9.5,-4.77,8.35,8.78,1.03,1.14,7.63,5.17,6.59,78.92,59.13,3107052000.0
7601,"Poplar Co., Ltd.",Consumer Cyclical,18.98,0.0,19.68,,12.7,18.02,2.24,-6.3,10.99,25.71,22.82,4.21,5.35,17.58,39.43,2.59,3.4,3.27,0.43,-3.11,-2.76,-5.32,14.98,66.94,33.96,42.25,9.38,77.98,45.99,841144000.0
7602,"Ledax Co.,Ltd.",Consumer Cyclical,36.48,1.16,32.0,,-7.07,-24.43,21.43,-11.27,-3.36,-6.62,-23.61,23.99,-8.53,-2.08,0.11,-0.61,-1.0,0.52,-2.62,-0.94,5.04,0.07,-1.41,-2.35,-4.84,1.44,-10.03,88.22,15.11,2149258000.0
7603,"Gyet Co., Ltd.",Consumer Cyclical,25.33,0.0,,,-161.64,-24.43,-50.68,-55.14,-78.92,-160.46,-21.63,-47.8,-49.5,-76.63,-6.58,-20.53,-9.21,-5.88,-3.92,-11.65,-14.86,-16.45,-91.38,-260.82,-60.46,-37.21,-21.22,59.77,37.58,1756000000.0
7604,"Umenohana Group Co.,Ltd.",Consumer Cyclical,81.83,1.09,32.29,,14.9,-3.11,-1.05,1.91,3.58,26.24,8.86,8.44,11.69,14.51,96.92,2.17,1.87,2.75,0.33,1.3,-1.26,8.6,2.22,2.66,14.37,4.06,0.5,11.2,64.84,2863631000.0
7606,United Arrows Ltd.,Consumer Cyclical,654.66,3.83,11.04,,-0.95,2.16,4.98,13.9,2.06,8.48,10.84,9.69,15.67,9.67,79.94,5.54,5.29,5.02,4.89,9.07,12.39,3.18,17.26,18.74,12.43,13.04,11.65,89.17,52.39,3461000000.0
7607,"Shinwa Co., Ltd.",Industrials,411.16,4.03,11.09,,25.6,7.81,-1.28,14.52,10.71,27.57,9.65,2.97,18.25,13.4,56.4,5.27,4.57,6.56,7.34,10.66,2.28,7.11,7.09,21.58,5.95,8.85,9.74,,16.1,29636513000.0
7608,"SK Japan Co.,Ltd.",Consumer Cyclical,160.22,2.54,11.85,,4.15,3.36,6.23,-0.87,4.58,5.22,4.1,6.69,-0.55,5.34,15.1,11.46,9.26,9.35,5.93,22.28,25.08,9.06,19.8,53.28,16.24,14.68,9.84,,27.89,4183339000.0
7609,"Daitron Co., Ltd.",Technology,877.89,3.03,15.21,,6.65,11.15,-0.17,-0.51,5.88,6.89,11.41,0.36,-0.31,6.22,51.11,6.8,6.63,6.45,6.91,10.26,1.5,5.15,13.47,34.27,12.79,13.2,15.58,99.12,20.34,21803877000.0
7610,"Tay Two Co., Ltd.",Consumer Cyclical,84.82,2.9,10.04,,12.8,4.97,-4.05,7.61,4.57,22.83,17.25,2.48,13.87,14.19,126.14,3.26,2.5,3.79,4.98,15.78,3.64,12.61,8.82,12.86,6.1,7.34,12.48,62.02,33.17,3089247000.0
7611,Hiday Hidaka Corp.,Consumer Cyclical,1027.17,1.82,21.83,,3.68,3.49,4.35,2.88,3.84,5.89,5.22,5.8,3.99,5.64,31.86,10.58,9.91,9.51,1.61,11.91,14.06,27.78,19.13,37.6,15.59,13.07,1.76,,69.16,12218467000.0
7613,SIIX Corporation,Technology,755.15,3.13,19.27,,30.67,20.35,12.54,-4.69,21.19,35.14,30.59,26.21,7.37,30.65,32.78,3.06,2.83,3.96,3.22,-4.24,-2.41,11.82,2.32,2.93,3.47,5.66,3.84,77.11,9.74,30069000000.0
7614,"OM2 Network Co.,Ltd.",Consumer Defensive,103.22,2.32,9.65,,10.54,8.41,12.73,16.37,10.56,14.22,12.3,16.03,17.88,14.18,26.05,3.66,4.5,5.84,4.76,7.91,2.08,1.8,4.55,10.74,5.5,7.54,6.02,96.23,39.68,10911580000.0
7615,"KYOTO KIMONO YUZEN HOLDINGS Co., Ltd.",Consumer Cyclical,20.29,1.55,7.34,,39.94,-20.51,-36.76,-24.77,-5.78,46.32,-13.21,-31.62,-21.89,0.5,-19.25,4.35,-14.24,-14.81,-3.44,15.31,-26.51,-15.69,6.73,66.33,-29.02,-27.06,-5.17,93.06,61.46,3013682000.0
7616,"Colowide Co.,Ltd.",Consumer Cyclical,2110.17,0.25,126.92,,7.83,8.24,8.02,9.27,8.03,13.61,13.65,14.16,13.64,13.81,41.83,4.12,3.94,4.05,0.02,11.49,11.55,9.26,1.41,1.95,2.42,3.66,0.03,30.12,59.56,63636000000.0
7619,"Tanaka Co.,Ltd.",Technology,84.71,4.08,9.02,,0.95,-4.38,18.36,-2.72,4.98,5.44,3.88,29.63,7.28,12.98,111.12,3.07,2.94,3.83,3.0,6.26,-0.78,17.0,4.52,5.31,4.59,5.56,4.4,83.04,14.87,2905122000.0
7621,"Ukai Co.,Ltd.",Consumer Cyclical,193.45,0.43,65.51,,-1.64,5.64,5.04,6.93,3.01,3.19,6.39,6.07,7.61,5.22,60.03,6.13,5.36,6.68,6.03,0.8,1.03,5.32,6.04,15.7,3.99,11.91,10.36,34.04,58.19,4376397000.0
7624,"Naito & Co., Ltd.",Industrials,93.09,2.37,32.76,,1.77,10.78,-3.15,3.44,3.13,4.96,12.44,1.08,4.75,6.16,155.9,0.93,1.07,1.15,2.0,-0.08,-1.16,-0.88,1.91,1.93,2.24,2.36,4.57,99.24,12.04,82000000.0
7625,"Global-Dining, Inc.",Consumer Cyclical,48.04,1.09,5.98,,5.85,-21.66,3.19,-6.68,-4.21,28.16,13.39,16.98,-1.08,19.51,140.72,5.04,6.39,6.61,2.35,15.88,6.29,16.04,4.64,5.23,6.84,13.64,7.28,71.76,14.79,890559000.0
7628,Ohashi Technica Inc.,Consumer Cyclical,302.83,3.82,14.55,,2.57,4.4,5.04,-0.57,4.0,8.32,9.12,8.76,1.99,8.73,54.47,5.93,4.45,4.19,5.89,2.25,2.05,12.12,4.0,9.05,3.07,2.73,3.77,,21.65,22603504000.0
7630,"Ichibanya Co., Ltd.",Consumer Cyclical,1747.68,1.47,68.14,,1.12,1.26,2.22,1.47,1.53,3.2,3.04,3.48,2.27,3.24,53.35,7.21,8.09,8.55,7.48,7.4,10.64,14.19,9.62,16.26,10.43,9.65,7.69,96.18,49.7,13279000000.0
7634,"Hoshi Iryo-Sanki Co., Ltd.",Healthcare,169.68,1.71,12.36,,12.33,9.66,12.63,10.13,11.54,14.6,12.91,14.12,13.48,13.88,17.05,12.37,13.13,13.27,12.9,2.77,2.19,7.25,6.25,13.2,7.26,7.54,7.67,,49.46,11210930000.0
7636,"Handsman Co., Ltd.",Consumer Cyclical,109.66,3.76,10.38,,-7.13,-36.56,4.64,,-13.02,11.23,3.72,14.29,,9.75,437.86,,2.56,5.02,6.52,,10.55,0.02,,,3.07,6.3,,88.29,31.22,1633000000.0
7637,"Hakudo Co., Ltd.",Industrials,418.51,3.89,19.51,,8.61,2.16,2.34,-0.89,4.37,10.74,4.26,6.04,0.77,7.01,43.43,4.22,4.49,4.41,6.13,2.56,15.99,-7.06,7.59,10.86,8.74,7.45,12.03,,15.58,7670038000.0
7638,"NEW ART HOLDINGS Co., Ltd.",Consumer Cyclical,244.47,5.64,10.4,,12.76,4.87,1.4,4.4,6.34,13.91,7.2,7.81,8.06,9.64,40.84,15.32,14.07,13.58,15.4,15.82,31.02,-1.69,14.03,15.89,11.65,8.35,12.53,57.28,60.22,2235520000.0
7640,"TOP CULTURE Co.,Ltd.",Consumer Cyclical,33.52,0.0,97.47,,23.17,21.82,-7.21,4.49,12.59,26.81,23.74,-6.09,6.57,14.82,1.13,-2.26,-2.73,-4.23,-0.74,-5.87,-2.85,-9.34,-5.85,-7.04,-6.41,-8.33,-1.61,22.67,34.87,1204764000.0
7643,"Daiichi Co.,Ltd.",Consumer Defensive,194.41,2.33,17.68,,4.79,6.69,8.37,8.73,6.62,8.76,11.86,10.05,10.08,10.22,35.24,2.21,3.66,3.68,4.0,12.92,7.81,3.19,5.27,9.08,8.22,8.06,8.76,78.91,26.04,7645359000.0
7646,"PLANT Co.,Ltd.",Consumer Defensive,126.0,5.22,10.14,,-7.39,12.64,13.56,3.78,6.27,18.03,19.86,23.23,18.41,20.37,72.99,2.05,2.16,1.61,1.52,-0.83,1.06,2.33,6.16,7.5,4.66,2.16,2.54,74.76,22.82,3710000000.0
7649,"Sugi Holdings Co.,Ltd.",Healthcare,4684.86,1.98,10.13,,13.03,2.33,1.35,3.58,5.57,18.52,7.89,8.33,8.17,11.58,61.3,4.81,4.85,4.92,4.74,15.07,17.94,11.51,12.58,17.7,9.7,10.71,9.86,75.99,31.79,111214000000.0
7670,O-Well Corporation,Industrials,123.74,4.51,6.88,,-12.24,5.04,15.51,4.55,2.77,-12.24,5.04,15.51,4.55,2.77,0.0,1.85,1.78,1.31,1.07,-1.65,-2.3,10.45,3.35,3.95,3.45,2.51,2.0,83.08,13.44,3970000000.0
7673,"Daiko Tsusan Co.,Ltd.",Technology,89.8,4.29,9.8,,11.04,14.08,16.32,-8.0,13.81,11.12,15.65,24.11,-7.06,16.96,14.34,5.76,5.4,5.14,5.33,1.17,26.17,0.43,9.18,53.31,8.79,6.9,7.82,93.03,14.93,8015490000.0
7674,"NATTY SWANKY holdings Co.,Ltd.",Consumer Cyclical,67.96,0.0,24.01,,-2.46,-12.76,10.31,-8.47,-1.64,0.04,-3.09,12.61,-2.29,3.19,2156.0,-6.55,0.03,6.2,-2.23,6.77,1.92,20.77,-29.21,-44.2,0.1,8.58,-4.19,67.68,67.4,650715000.0
7677,"Yashima & Co.,Ltd.",Industrials,78.41,0.92,15.6,,9.08,5.22,42.66,-15.66,18.99,9.74,5.49,43.3,-15.4,19.51,4.39,2.15,-0.15,1.32,0.26,16.59,4.75,8.64,4.31,,-0.49,2.42,0.92,99.89,13.75,10692051000.0
7678,"Asakuma Co.,Ltd",Consumer Cyclical,195.23,0.0,135.22,,2.73,0.18,0.81,2.66,1.24,4.5,1.61,1.57,3.12,2.56,59.03,5.17,2.15,1.15,-6.5,20.31,34.63,18.16,9.8,34.86,29.47,-7.52,-3.69,97.18,56.1,2441411000.0
7679,"YAKUODO HOLDINGS Co., Ltd.",Healthcare,319.0,1.84,7.94,,-28.01,0.73,10.87,8.45,-5.47,10.3,14.07,17.64,20.08,14.0,168.4,3.23,3.61,3.66,3.62,7.8,6.83,10.44,5.93,6.95,8.06,8.51,7.3,60.44,21.47,10013000000.0
7681,"LEOCLAN Co.,Ltd.",Healthcare,59.16,1.7,135.18,,-2.85,-0.07,4.37,3.3,0.48,-1.46,0.56,5.77,4.1,1.62,13.76,1.34,0.9,1.65,2.19,8.51,-25.64,-10.53,2.84,18.68,1.8,5.24,8.11,55.12,12.76,4776831000.0
7682,"Hamayuu Co.,Ltd.",Consumer Cyclical,80.8,0.44,811.55,,-0.39,-0.35,1.11,-2.45,0.12,4.32,4.62,4.34,4.63,4.43,96.95,,3.11,3.8,2.3,,5.5,9.54,,,3.33,5.68,4.23,47.43,74.35,1341765000.0
7683,"WA, Inc.",Consumer Cyclical,270.04,1.2,109.86,,1.92,1.86,1.36,0.38,1.71,3.59,3.4,2.24,1.17,3.08,43.8,4.57,7.33,8.29,6.74,2.31,7.24,20.81,5.73,7.44,9.71,11.86,8.07,93.21,60.81,2623385000.0
7685,"BuySell Technologies Co.,Ltd.",Consumer Cyclical,1734.27,1.77,20.92,,3.86,0.6,0.03,1.39,1.5,4.34,1.23,0.71,1.71,2.09,52.52,8.99,7.89,6.57,10.95,67.76,40.87,26.24,12.71,22.69,6.86,8.84,17.17,51.46,52.97,19975714000.0
7686,"HitoMile Co., Ltd.",Consumer Defensive,131.47,4.48,11.06,,21.18,19.66,21.18,19.25,20.67,21.18,19.66,21.18,19.25,20.67,0.0,1.41,1.32,2.22,0.7,3.96,3.95,12.57,11.59,14.36,5.98,13.06,12.31,31.59,24.32,2936000000.0
7687,"MICREED Co.,Ltd.",Consumer Defensive,29.76,2.03,10.68,,10.48,4.13,10.48,3.66,8.36,13.37,8.8,12.7,5.85,11.62,30.71,5.31,5.49,5.42,4.16,13.21,14.15,27.16,17.18,60.99,18.85,19.26,13.35,,33.99,1168000000.0
7689,Copa Corporation Inc.,Communication Services,12.38,0.0,,,-23.58,-18.35,-41.58,37.02,-27.84,-23.43,-16.89,-32.17,43.32,-24.16,-12.84,-15.24,-13.73,-16.83,-4.53,-13.29,-6.94,-14.28,-28.29,-67.75,-27.1,-25.14,-4.44,72.19,36.97,559134000.0
7692,Earth Infinity Co.Ltd.,Utilities,84.8,3.85,14.45,,0.85,5.47,-8.27,,-0.65,0.94,8.18,-5.86,,1.09,0.37,,5.55,11.31,-9.17,,-4.61,14.38,,,8.47,26.89,,56.81,35.15,566127000.0
7694,itsumo.inc.,Industrials,31.81,0.0,20.33,,-54.19,-4.28,-28.31,-11.12,-28.93,-48.89,2.05,-19.15,-10.83,-22.0,83.24,1.51,0.53,2.31,2.55,28.24,0.57,12.61,2.39,2.8,-82.56,6.07,-42.57,37.73,37.68,928548000.0
7695,"Koukandekirukun, Inc.",Consumer Cyclical,71.11,0.0,75.08,,-1.17,-4.58,-0.49,3.51,-2.08,3.06,0.73,2.1,4.61,1.96,330.34,1.4,1.59,4.34,4.99,22.42,36.06,25.21,2.82,5.62,3.72,12.16,14.35,68.8,22.43,1562473000.0
7698,Iceco Inc.,Consumer Defensive,113.64,0.69,31.2,,-24.54,-4.94,4.63,0.73,-8.28,5.22,1.57,14.67,3.45,7.15,350.89,1.36,1.15,0.9,0.26,5.48,8.35,12.5,5.66,6.98,6.93,4.83,1.26,47.82,17.31,1764518000.0
7701,Shimadzu Corporation,Technology,11655.84,2.17,19.28,,3.41,3.17,1.25,2.7,2.61,4.69,4.46,2.58,4.14,3.91,35.94,13.14,13.3,14.21,14.15,4.02,5.3,6.15,9.69,13.76,10.77,10.92,11.79,98.22,44.6,167316000000.0
7702,"JMS Co.,Ltd.",Healthcare,113.09,3.7,,,-9.51,-13.91,4.4,-9.47,-6.34,14.01,12.97,27.77,21.97,18.25,153.08,0.58,1.25,-0.41,1.14,-5.6,6.83,2.43,1.24,1.4,0.02,0.13,0.53,61.47,23.32,7721000000.0
7707,"Precision System Science Co., Ltd.",Healthcare,57.94,2.84,14.64,,-0.88,,-2.26,-2.8,-1.57,0.89,,-1.84,-0.12,-0.48,88.52,3.86,,-24.03,-21.08,,,-24.6,6.11,8.33,,-17.66,-12.7,79.98,30.36,1365967000.0
7709,KUBOTEK Corporation,Technology,6.61,0.0,,,-41.3,-72.34,34.67,-57.81,-26.32,-3.86,-29.57,68.99,-22.13,11.85,-355.17,-5.33,-7.54,-16.6,-15.96,26.47,27.23,7.27,-39.15,-91.48,-29.52,-24.13,-17.73,,32.43,169976000.0
7711,"Sukegawa Electric Co., Ltd.",Industrials,275.19,1.02,32.0,,2.78,0.42,-0.11,0.98,1.03,3.0,0.74,0.24,1.64,1.33,65.09,21.31,18.46,12.89,10.28,10.13,8.47,5.66,13.85,15.17,12.29,8.68,6.12,71.11,36.33,513472000.0
7713,"Sigmakoki Co., Ltd.",Technology,178.9,0.99,21.54,,3.63,-0.41,0.72,2.91,1.31,5.08,2.12,7.88,5.49,5.03,79.64,10.31,9.77,10.51,13.23,-1.22,3.28,-1.36,4.23,6.12,4.54,4.73,6.19,99.69,38.41,5772309000.0
7715,"Nagano Keiki Co., Ltd.",Technology,777.27,1.46,14.64,,7.92,4.48,4.7,0.4,5.7,9.8,7.85,8.03,2.86,8.56,34.51,10.31,11.0,10.53,7.81,-2.66,2.37,12.21,8.46,11.16,9.73,10.61,7.22,79.4,32.03,13862632000.0
7716,Nakanishi Inc.,Healthcare,2495.13,0.98,110.75,,4.54,4.03,1.04,1.52,3.2,6.67,6.13,3.43,3.11,5.41,45.27,17.36,18.95,23.88,31.62,5.37,29.06,22.64,-7.32,-13.2,6.55,9.05,12.13,78.27,56.74,62798353000.0
7717,"V Technology Co., Ltd.",Industrials,575.9,1.34,25.02,,8.1,7.48,-9.38,-7.38,2.07,9.98,9.28,-8.27,-5.7,3.66,8.3,7.11,3.95,2.27,2.29,14.75,23.7,-13.47,4.55,9.37,1.45,0.76,0.17,65.82,27.8,29475000000.0
7719,Tokyo Koki Co. Ltd.,Industrials,36.84,0.0,27.98,,14.44,-17.53,5.26,-4.41,0.72,15.12,-16.13,5.96,-4.35,1.65,2.54,3.42,0.72,3.94,3.5,28.4,3.52,10.16,4.94,8.3,1.28,2.57,5.42,58.84,34.55,1278494000.0
7721,TOKYO KEIKI INC.,Technology,1245.62,0.66,31.1,,-0.13,-0.37,-2.28,-2.27,-0.93,-0.13,-0.37,-2.28,-2.27,-0.93,0.0,8.76,8.42,5.87,2.96,6.13,22.23,6.48,6.17,6.56,6.44,3.91,2.31,68.72,28.25,4022000000.0
7722,"Kokusai Co., Ltd.",Industrials,106.31,5.08,7.11,,16.05,9.0,12.08,-4.84,12.38,17.14,9.72,12.57,-4.44,13.14,5.89,13.95,9.17,-5.98,-0.39,13.21,28.96,2.01,9.64,22.25,5.86,-6.0,0.04,84.49,40.28,8537390000.0
7723,エラー,,,,,,,,,,,,,,,,,,,,,,,,,,,,,,,
7725,Inter Action Corporation,Technology,184.14,2.47,35.09,,5.99,17.79,-0.86,1.61,7.64,7.27,19.34,0.04,2.38,8.88,676.95,14.57,21.28,20.34,21.13,-27.69,-14.01,13.09,4.36,17.89,8.01,9.22,8.6,95.12,50.32,8582182000.0
7726,Kuroda Precision Industries Ltd.,Industrials,80.43,1.39,5.46,,-31.46,-5.34,-12.04,-0.86,-16.28,-7.64,15.25,5.32,16.78,4.31,49.93,0.17,1.8,3.15,5.65,12.83,-6.59,-18.65,0.11,0.13,0.7,13.69,4.94,52.82,19.96,3360854000.0
7727,OVAL Corporation,Technology,191.8,2.95,14.51,,4.82,6.42,3.75,1.08,5.0,10.4,10.36,5.23,3.22,8.66,40.0,10.93,9.45,10.29,8.3,3.59,4.88,7.77,7.68,9.76,5.94,6.45,4.62,87.2,42.66,3852734000.0
7729,"Tokyo Seimitsu Co., Ltd.",Technology,7174.23,1.76,29.12,,1.86,2.59,-0.83,-1.12,1.21,3.49,4.02,0.68,0.14,2.73,101.28,20.22,19.73,18.79,23.5,10.83,11.77,-8.26,12.26,16.51,11.47,9.93,15.47,93.75,41.27,53073000000.0
7730,"Mani, Inc.",Healthcare,1444.05,2.81,25.76,,0.24,0.09,2.98,3.2,1.1,4.86,5.41,5.56,4.54,5.28,79.92,27.34,29.43,29.58,30.19,5.1,16.44,19.95,10.01,15.38,11.95,10.78,9.65,99.9,64.46,18734000000.0
7731,Nikon Corporation,Consumer Cyclical,6171.62,1.08,17.69,,-3.47,-3.96,-5.35,1.22,-4.26,7.82,4.99,0.0,5.08,4.27,73492.38,-16.61,0.34,5.55,8.74,-5.33,-0.27,14.19,-11.26,-14.05,0.39,3.52,5.56,73.05,40.94,160352000000.0
7733,Olympus Corporation,Healthcare,21512.14,1.5,33.04,,0.84,5.82,-1.03,1.3,1.88,4.68,8.85,1.97,4.58,5.17,89.57,9.98,16.24,5.59,21.1,1.34,7.73,4.97,6.95,8.76,12.23,3.94,14.37,70.11,64.72,216459000000.0
7734,"Riken Keiki Co., Ltd.",Industrials,1625.04,1.67,16.46,,5.11,2.74,-0.01,2.13,2.61,6.85,3.87,1.61,2.81,4.11,51.83,22.5,21.7,25.18,25.67,12.59,7.59,1.28,10.62,15.63,9.46,10.52,13.05,97.79,49.2,27929785000.0
7735,"SCREEN Holdings Co., Ltd.",Technology,25980.67,1.85,28.23,,2.38,1.76,2.15,2.04,2.1,3.57,2.74,3.7,2.84,3.34,37.03,20.23,21.7,18.65,16.59,-3.12,23.84,9.57,18.16,33.89,22.99,18.79,17.19,98.8,38.49,227370000000.0
7740,"Tamron Co.,Ltd.",Consumer Cyclical,2175.28,3.79,19.81,,4.8,5.72,2.22,2.77,4.25,6.94,8.11,4.61,4.24,6.55,37.39,19.56,21.71,19.06,17.4,-3.85,23.87,12.58,13.68,23.06,17.09,14.51,12.84,98.73,43.98,35371000000.0
7741,HOYA Corporation,Healthcare,78336.99,1.27,31.62,,2.83,2.39,2.32,2.15,2.51,3.55,3.0,2.84,2.58,3.13,19.71,55.34,54.28,54.69,54.61,12.42,11.76,7.97,39.8,87.41,36.9,33.55,37.19,95.78,86.35,578843000000.0
7743,"SEED Co.,Ltd.",Healthcare,240.01,1.89,21.12,,-2.8,-7.26,9.13,11.61,-0.31,11.21,12.41,25.1,13.94,16.24,115.72,4.24,4.7,6.33,2.06,2.14,2.58,5.89,2.83,3.18,3.48,5.39,12.96,32.54,44.85,4211149000.0
7744,"Noritsu Koki Co., Ltd.",Technology,2130.6,3.73,10.69,,7.99,14.22,-15.78,4.59,2.14,9.36,14.99,-14.83,5.51,3.17,4.44,17.47,18.27,15.98,1.72,11.91,18.31,22.49,5.76,9.38,5.29,4.36,0.55,73.71,50.07,99651000000.0
7745,"A&D HOLON Holdings Company, Limited",Technology,824.36,2.04,13.92,,3.45,5.53,6.19,3.12,5.06,7.85,7.98,8.74,4.97,8.19,38.61,13.29,13.14,12.84,12.67,3.34,8.28,4.96,10.31,13.29,11.33,9.77,10.29,80.9,45.37,13758000000.0
7746,"Okamoto Glass Co., Ltd.",Technology,247.57,0.0,,,-1.56,-0.94,0.44,1.14,-0.69,1.5,1.36,1.71,1.51,1.52,149.28,,2.69,1.35,2.72,,2.25,-6.21,,,1.75,0.69,2.37,33.52,29.66,1812395000.0
7747,"Asahi Intecc Co., Ltd.",Healthcare,8933.47,1.5,27.94,,3.58,2.7,0.72,0.98,2.33,4.54,3.89,2.14,1.94,3.52,39.32,25.06,20.59,20.02,19.61,11.6,19.36,15.89,12.93,19.58,10.23,9.21,8.09,95.27,67.68,54200000000.0
7749,"Medikit Co.,Ltd.",Healthcare,413.06,3.47,13.83,,3.03,-0.7,7.57,8.36,3.3,11.46,8.62,11.7,10.85,10.59,72.31,17.97,19.89,21.41,19.06,5.45,3.22,1.13,6.08,11.01,6.43,6.81,5.81,99.96,37.88,20952613000.0
7751,Canon Inc.,Technology,38505.16,3.51,11.66,,5.55,9.6,5.74,1.92,6.96,12.36,15.76,11.72,6.82,13.28,48.4,9.85,9.86,8.98,8.77,2.55,7.87,3.71,7.85,9.17,6.92,7.3,7.64,74.38,46.75,618427000000.0
7752,"Ricoh Company, Ltd.",Industrials,9419.51,2.65,17.25,,3.95,-1.48,1.21,,1.23,13.34,7.08,8.75,,9.72,92.46,3.75,2.58,2.67,3.69,3.18,7.62,10.07,3.81,4.81,2.91,2.93,4.17,69.76,34.09,331551000000.0
7760,IMV Corporation,Technology,,1.42,15.75,,,,,,,,,,,,,12.95,12.09,9.23,6.94,16.96,11.75,15.47,11.42,16.79,10.54,7.89,5.18,80.92,37.57,4876000000.0
7762,"Citizen Watch Co., Ltd.",Consumer Cyclical,5926.6,2.23,19.06,,2.53,2.72,2.82,0.0,2.69,6.55,6.03,5.83,2.8,6.14,55.99,8.72,6.5,8.01,7.87,9.44,1.3,3.8,7.46,10.68,5.22,6.28,6.1,82.3,43.12,105564000000.0
7769,"Rhythm Co.,Ltd.",Consumer Cyclical,308.12,4.35,13.44,,5.9,3.0,2.3,0.31,3.73,10.95,7.92,7.98,3.85,8.95,59.82,4.57,2.5,2.24,2.84,6.4,0.2,4.39,3.5,5.3,1.31,1.22,1.81,81.38,23.0,14313000000.0
7771,"Nihon Seimitsu Co., Ltd.",Consumer Cyclical,62.08,0.0,16.36,,2.21,2.24,6.69,3.23,3.71,3.08,4.08,7.66,3.51,4.94,28.7,4.75,3.85,3.75,2.63,10.3,6.39,-2.5,5.22,6.52,-23.17,4.82,3.17,44.96,21.0,939663000.0
7774,"Japan Tissue Engineering Co., Ltd.",Healthcare,344.37,0.0,58.48,,-1.64,-0.7,0.0,-2.32,-0.78,-1.42,-0.43,0.8,-1.81,-0.35,6.82,-25.17,-9.71,5.75,-35.82,-11.11,-2.34,23.7,-10.85,-30.03,-4.45,2.31,-12.33,,58.06,3250465000.0
7775,"Daiken Medical Co., Ltd.",Healthcare,122.1,4.72,13.22,,1.97,7.81,11.36,6.47,7.05,4.65,9.18,12.74,8.1,8.86,27.85,12.41,15.19,14.8,11.54,3.41,2.07,6.71,9.45,13.09,11.54,10.88,7.88,78.31,38.4,2778379000.0
7776,CellSeed Inc.,Healthcare,89.49,0.0,,,-11.35,-9.88,-8.95,-8.2,-10.06,-11.05,-9.68,-8.71,-8.02,-9.81,-2.53,-1250.18,-437.91,-366.99,-587.86,-56.71,1.65,50.39,-74.81,-1272.41,-36.79,-30.16,-55.65,86.58,51.09,1318909000.0
7777,"3-D Matrix, Ltd.",Healthcare,533.68,0.0,12.85,,0.69,-3.23,-3.57,-8.63,-2.04,0.74,-3.21,-3.56,-8.59,-2.01,2.06,12.27,-16.67,-46.13,-136.48,57.0,51.11,98.3,18.07,29.28,-22.62,-485.09,-64.53,92.32,78.74,2830873000.0
7779,CYBERDYNE Inc.,Healthcare,504.6,0.0,322.97,,0.35,-1.46,-2.13,-1.29,-1.08,0.39,-0.85,-1.68,-0.28,-0.71,-29.35,-15.63,-21.12,-46.35,-34.84,-12.27,0.69,32.38,-0.38,-0.6,-1.87,-7.13,20.13,98.67,58.89,14842000000.0
7780,"Menicon Co., Ltd.",Healthcare,1309.88,1.59,22.43,,-3.56,-2.71,-7.23,-0.17,-4.5,9.04,10.65,9.06,9.73,9.58,148.19,8.15,8.24,7.7,10.95,3.39,4.56,5.44,4.22,5.29,3.96,3.88,6.32,54.13,53.82,32608000000.0
7781,"HIRAYAMA HOLDINGS Co.,Ltd.",Industrials,134.27,6.52,10.68,,6.58,3.76,0.48,,3.61,7.47,4.18,1.82,,4.49,32.01,,3.17,2.82,2.47,,11.42,13.21,,,11.73,10.82,10.34,88.0,19.98,0.0
7782,"Sincere Co., LTD.",Healthcare,32.25,7.33,13.54,,10.96,12.52,6.34,-9.73,9.94,11.37,13.49,7.63,-9.55,10.83,9.25,31.9,32.06,30.92,25.11,14.02,9.69,6.73,30.06,46.72,29.15,25.91,26.65,62.29,31.9,1658880000.0
7791,"Dreambed Co.,Ltd.",Consumer Cyclical,33.62,4.59,7.08,,-13.91,4.36,-8.96,-42.0,-6.17,3.23,14.33,32.14,14.6,16.57,242.5,5.77,5.17,1.97,4.34,5.78,18.55,-1.29,5.32,5.72,5.12,1.44,4.25,52.58,52.32,649983000.0
7792,"Colan Totte.Co.,Ltd.",Healthcare,135.0,2.93,10.01,,5.27,2.65,6.42,0.56,4.78,7.4,6.55,7.08,1.1,7.01,32.54,26.17,25.25,18.81,20.4,16.37,9.95,15.93,25.39,43.84,25.18,19.73,20.42,99.88,67.33,2180025000.0
7793,IMAGE MAGIC Inc.,Industrials,39.68,2.16,10.77,,10.84,5.26,-3.16,5.88,4.31,20.68,14.92,3.31,8.87,12.97,102.59,5.91,5.66,1.31,6.23,21.04,46.79,8.07,19.06,40.39,14.53,2.93,13.75,94.67,40.36,1167674000.0
7794,EDP Corporation,Consumer Cyclical,165.49,0.0,9.99,,-7.21,-3.4,-8.82,-4.24,-6.48,-5.85,-3.12,-3.81,7.16,-4.26,-54.49,-263.38,-108.15,-28.25,47.32,-42.78,19.16,-72.02,-62.6,-100.74,-24.29,-5.41,17.3,84.74,-108.53,825326000.0
7795,"Kyoritsu Co.,Ltd.",Industrials,92.4,3.64,8.0,,4.44,4.28,36.24,0.69,14.99,24.41,12.95,49.62,11.05,28.99,58.58,3.27,3.1,4.11,3.31,6.36,0.83,-0.6,2.94,4.05,2.68,3.85,2.53,50.33,12.1,8189423000.0
7800,"Amifa Co.,Ltd.",Consumer Cyclical,31.48,3.03,6.15,,15.89,12.63,-34.08,-7.93,-1.85,16.77,14.04,-32.84,-7.43,-0.68,3.82,3.06,-3.46,2.23,4.99,2.79,5.79,37.37,8.32,12.21,-11.01,3.58,10.12,91.94,32.49,842213000.0
7803,Bushiroad Inc.,Communication Services,623.82,0.63,13.88,,9.33,-0.58,3.18,11.01,3.98,9.33,-0.58,3.18,11.01,3.98,0.0,8.67,1.91,6.94,8.08,21.43,-5.2,16.28,10.13,33.77,1.08,5.85,7.53,61.19,35.62,25042207000.0
7804,"B&P Co.,Ltd.",Communication Services,56.4,3.62,11.76,,11.45,6.03,6.04,4.53,7.84,13.17,7.84,7.19,5.28,9.4,17.38,15.61,15.57,14.25,12.91,27.11,11.4,8.9,12.84,104.74,11.44,9.6,8.77,99.98,42.68,3345647000.0
7805,Printnet Inc.,Industrials,34.14,1.83,8.2,,29.85,8.59,21.52,-11.06,19.99,39.49,18.72,26.63,17.25,28.28,32.58,6.11,4.82,7.18,6.38,-1.0,-3.36,11.34,6.78,9.51,5.29,7.72,6.06,71.68,22.7,1526957000.0
7806,"MTG Co., Ltd.",Consumer Defensive,3304.1,0.91,30.15,,-0.81,-0.98,0.37,0.26,-0.47,2.37,0.3,0.81,0.57,1.16,205.38,10.79,4.56,5.98,6.61,37.49,19.47,22.8,16.12,20.31,4.45,4.81,5.07,76.32,62.75,11297000000.0
7807,"Kowa Co.,Ltd.",Consumer Cyclical,36.57,1.49,8.55,,16.23,17.45,18.87,13.74,17.52,18.69,26.27,20.29,15.25,21.75,17.91,11.69,12.52,14.81,10.35,0.41,-0.55,2.16,14.39,32.68,16.59,23.39,13.41,95.06,44.23,2002295000.0
7808,"C.S. Lumber Co., Inc",Basic Materials,49.31,3.02,7.11,,37.21,43.71,40.66,42.44,40.53,37.21,43.71,40.66,42.44,40.53,0.0,5.56,8.58,10.29,13.23,-1.41,-2.18,-13.91,3.34,4.23,5.74,8.14,13.58,48.36,18.71,5054462000.0
7809,"Kotobukiya Co., Ltd.",Consumer Cyclical,106.66,3.41,21.41,,-1.42,19.52,3.8,,7.3,9.93,29.56,10.88,,16.79,71.11,,10.11,14.44,16.35,,-9.51,26.64,,,12.36,21.88,,77.28,30.18,2964420000.0
7810,"Crossfor Co.,Ltd.",Consumer Cyclical,26.85,1.12,99.35,,16.67,-21.13,-13.95,,-6.14,18.0,-15.14,-9.25,,-2.13,-27.68,,,-0.48,-6.78,,,13.57,,,,-0.32,,35.08,26.63,958540000.0
7811,"Nakamoto Packs Co., Ltd.",Industrials,206.09,3.56,9.5,,5.65,5.77,11.51,1.62,7.64,12.39,11.42,16.78,7.51,13.53,45.09,5.97,5.84,4.09,4.39,1.03,10.75,2.86,6.99,9.54,7.66,4.31,5.38,72.63,18.41,7657287000.0
7812,CRESTEC Inc.,Industrials,64.13,4.61,7.76,,25.56,0.64,8.4,,11.53,38.77,26.83,27.86,,31.15,67.19,,6.19,7.6,6.65,,-10.36,14.29,,,6.54,7.11,,63.59,31.1,5682722000.0
7813,"Platz Co., Ltd.",Healthcare,30.06,5.02,12.77,,12.08,11.87,-9.58,,4.79,13.05,13.88,-3.44,,7.83,-52.19,,0.59,-1.72,1.58,,1.19,-1.04,,,0.25,-1.46,,62.19,32.3,2055932000.0
7814,"JAPAN Creative Platform Group Co., Ltd.",Industrials,279.5,2.52,4.92,,-13.03,17.62,-7.98,2.53,-1.13,13.92,24.09,6.44,8.01,14.82,148.14,3.46,5.43,4.63,5.04,8.6,7.02,16.19,3.87,4.63,5.26,3.65,3.78,33.57,31.91,11511000000.0
7815,"Tokyo Board Industries Co., Ltd.",Basic Materials,8.99,0.0,,,-66.56,-100.19,82.04,53.12,-28.24,80.66,-38.92,119.7,133.38,53.81,18.85,-0.42,-13.17,-2.87,-12.4,8.38,-15.72,11.91,-0.29,-0.37,-11.32,-3.06,-9.97,16.37,23.49,1776880000.0
7818,"TRANSACTION CO.,Ltd.",Consumer Defensive,695.48,2.52,16.75,,5.67,3.2,5.07,0.23,4.65,6.11,4.35,5.42,0.34,5.29,13.32,20.79,20.89,20.29,17.69,9.61,9.1,25.64,18.95,28.24,18.5,18.87,15.36,96.26,39.31,6611013000.0
7819,SHOBIDO Corporation,Consumer Defensive,125.24,3.33,10.95,,5.88,4.96,-0.38,1.64,3.49,7.33,6.64,0.26,2.65,4.74,97.57,6.64,4.83,4.25,3.67,5.75,2.33,18.31,7.82,13.06,6.49,4.25,3.57,55.1,31.93,5009946000.0
7820,"Nihon Flush Co., Ltd.",Industrials,162.71,5.03,0.54,,7.56,12.11,9.13,12.6,9.6,10.73,15.63,10.47,14.83,12.28,21.62,7.44,3.23,5.79,8.44,-2.17,-7.42,-5.23,3.5,5.3,3.11,3.06,5.02,93.41,24.99,11626733000.0
7821,"Maeda Kosen Co., Ltd.",Basic Materials,1322.38,1.62,13.9,,4.48,8.45,6.86,2.71,6.6,8.28,10.14,9.09,6.15,9.17,29.04,16.86,18.77,19.24,16.93,11.36,14.82,11.21,11.1,16.87,12.8,12.03,9.75,95.59,37.18,26185000000.0
7822,"Eidai Co.,Ltd.",Consumer Cyclical,114.91,3.85,,,-13.7,-38.56,70.97,-16.67,6.24,10.69,-20.06,86.57,2.29,25.73,51.32,0.98,-0.41,0.51,-1.64,3.61,-0.65,2.69,1.3,1.42,-0.97,0.64,-2.03,60.72,21.7,5623000000.0
7823,Artnature Inc.,Consumer Defensive,269.27,3.41,14.37,,10.58,-0.05,0.55,6.35,3.69,19.32,9.58,7.94,10.87,12.28,79.6,7.22,5.03,6.2,8.27,2.91,1.14,-0.83,7.12,24.01,4.44,8.1,8.16,,66.81,19915000000.0
7826,"Furuya Metal Co., Ltd.",Technology,2878.12,3.22,18.29,,-1.39,0.38,-0.96,-1.04,-0.66,0.32,1.12,-0.16,-0.43,0.43,32.86,,16.62,20.65,23.87,,20.73,-1.22,,,8.1,10.34,16.22,84.62,30.23,13047000000.0
7827,Orvis Corporation,Industrials,32.07,3.45,16.2,,18.31,12.27,27.27,45.78,19.28,21.14,16.21,30.49,50.06,22.61,16.1,5.21,5.07,5.78,6.8,10.44,-1.31,2.27,4.2,4.71,3.75,5.22,5.04,55.8,18.42,1129637000.0
7831,Wellco Holdings Corporation,Industrials,10.24,3.03,,,-82.19,-128.85,4.2,35.53,-68.95,-65.3,-46.95,23.91,50.07,-29.45,-39.28,13.74,17.06,0.16,0.7,-1.42,-2.45,-2.4,35.02,52.28,29.32,0.03,0.61,63.86,14.26,1121000000.0
7832,BANDAI NAMCO Holdings Inc.,Consumer Cyclical,35602.22,0.91,25.52,,3.34,4.07,1.52,1.74,2.98,4.63,5.26,2.5,2.69,4.13,29.91,14.06,14.52,8.63,11.76,8.6,18.22,6.07,15.48,30.73,15.82,8.97,12.58,,39.4,433262000000.0
7833,IFIS Japan Ltd.,Industrials,65.9,4.39,11.51,,6.45,7.23,6.75,10.5,6.81,7.71,8.84,9.2,11.54,8.58,20.4,12.24,11.5,12.58,15.36,18.72,5.48,3.23,9.36,61.04,7.42,8.5,11.27,,41.52,5037597000.0
7836,"AVIX,Inc.",Technology,26.0,0.0,11.14,,12.31,5.65,21.56,-23.52,13.17,15.32,8.45,23.2,-19.77,15.66,19.95,4.23,6.18,2.85,0.47,24.36,16.63,12.08,9.96,18.22,9.98,3.95,-0.57,90.59,24.76,1134314000.0
7837,"R. C. Core Co., Ltd.",Real Estate,14.94,0.0,,,-28.99,-66.36,-29.44,-46.76,-41.6,-17.75,-58.23,-18.03,-36.11,-31.34,-46.86,-5.64,-4.47,-4.09,-6.32,-4.03,-9.49,-12.89,-28.36,,-17.94,-8.25,-11.02,72.67,28.39,2569635000.0
7839,"Shoei Co., Ltd.",Consumer Cyclical,,2.8,17.5,,,,,,,,,,,,,27.5,28.86,29.23,28.95,-9.58,6.47,16.11,19.36,49.65,24.22,25.53,25.47,98.54,46.42,19941931000.0
7840,"France Bed Holdings Co., Ltd.",Consumer Cyclical,436.85,3.83,17.8,,2.09,5.72,7.02,9.45,4.94,14.5,17.05,17.92,20.44,16.49,70.97,7.02,7.76,7.75,7.65,1.99,2.38,0.98,5.31,7.39,5.63,5.88,5.95,76.08,54.74,14855000000.0
7841,"Endo Manufacturing Co., Ltd.",Consumer Cyclical,96.41,3.68,22.57,,-1.99,3.68,16.38,9.23,6.02,15.12,18.22,24.86,19.97,19.4,75.67,5.63,8.88,7.49,12.7,4.71,10.87,7.73,2.3,3.58,4.8,3.95,4.3,99.82,16.44,8388904000.0
7844,Marvelous Inc.,Communication Services,301.53,2.81,16.36,,32.53,-11.79,-0.42,-3.53,6.77,37.62,-0.33,9.59,3.24,15.63,-1100.61,5.92,6.5,8.19,9.82,35.83,-5.19,16.38,6.28,17.06,3.46,6.94,5.59,,35.54,17525000000.0
7846,Pilot Corporation,Industrials,2263.48,2.25,15.88,,2.42,4.95,0.39,4.08,2.59,7.51,10.04,4.5,6.08,7.35,69.91,13.17,14.11,16.02,18.83,0.18,6.39,5.09,7.26,9.89,9.02,9.71,12.3,95.84,50.99,39992000000.0
7847,Graphite Design Inc.,Consumer Cyclical,45.01,4.55,31.21,,-22.3,4.62,2.69,1.22,-5.0,-4.24,14.65,5.43,8.06,5.28,-102.15,5.77,17.39,5.75,21.71,-11.78,15.88,-25.3,1.67,3.43,6.21,1.88,9.6,73.3,54.64,3157578000.0
7849,Starts Publishing Corporation,Communication Services,114.94,4.28,9.91,,6.35,14.2,14.18,10.01,11.58,6.95,14.67,14.78,10.84,12.13,5.32,21.57,27.25,27.25,22.59,-5.11,2.87,18.78,11.62,24.08,17.29,20.9,17.14,98.9,51.35,5573685000.0
7850,"Sougou Shouken Co.,Ltd.",Industrials,23.91,2.52,7.66,,18.56,22.64,22.55,14.22,21.25,25.52,36.13,26.86,24.46,29.5,26.89,2.16,1.6,1.26,0.79,2.78,-0.42,3.61,4.41,5.71,3.13,2.27,1.24,59.72,30.95,1298768000.0
7851,Kawase Computer Supplies Co Ltd,Industrials,8.07,3.57,8.64,,21.78,12.8,6.93,-38.22,13.84,30.24,14.98,20.6,-2.84,21.94,36.29,1.75,2.79,-1.04,-1.54,-1.21,9.17,3.64,1.47,2.39,2.68,-1.11,-1.49,83.37,26.17,1126280000.0
7856,Hagihara Industries Inc.,Consumer Cyclical,289.23,4.0,21.33,,7.05,3.74,0.59,-12.65,3.79,15.51,15.27,15.83,3.64,15.54,75.46,4.6,6.33,6.33,4.6,-3.57,5.99,4.31,2.84,3.4,4.22,3.95,3.23,88.13,26.24,5857015000.0
7857,"Seki Co., Ltd.",Communication Services,53.53,2.04,21.17,,0.14,-0.24,2.83,18.4,0.91,9.63,14.95,8.67,20.27,11.08,89.15,-0.54,1.82,2.17,3.7,-1.38,2.61,0.69,-0.26,-0.33,0.9,1.12,1.98,99.05,22.5,3703599000.0
7859,Almedio Inc.,Technology,55.3,0.0,,,-1.37,3.23,21.33,-9.76,7.73,8.48,15.67,40.68,8.1,21.61,81.03,-34.8,14.95,29.11,10.84,-59.1,-49.81,133.92,-5.7,-10.66,5.86,29.97,5.04,97.82,22.36,3765646000.0
7860,Avex Inc.,Communication Services,542.9,3.94,15.2,,-0.62,-17.5,0.24,10.33,-5.96,3.82,-8.61,6.8,16.93,0.67,36.45,2.79,-1.38,0.95,2.79,11.3,-1.27,9.73,6.4,19.11,-1.29,0.98,3.8,98.75,28.5,34305000000.0
7863,"Hiraga Co.,Ltd.",Industrials,27.11,4.31,14.39,,2.68,0.96,7.99,12.3,3.88,12.99,20.23,22.14,17.35,18.45,79.52,2.17,3.73,4.97,5.09,1.79,-1.64,10.48,2.72,4.94,5.5,9.68,8.05,55.75,19.64,2338376000.0
7864,"Fuji Seal International, Inc.",Consumer Cyclical,1800.36,2.59,8.71,,2.37,8.01,7.57,-1.86,5.98,11.97,11.85,11.07,4.59,11.63,48.08,9.4,8.87,6.77,4.45,2.55,8.0,6.84,10.13,12.79,8.31,7.11,5.5,93.42,22.2,35801000000.0
7865,"People Co., Ltd.",Consumer Cyclical,12.74,0.0,,,-15.96,-13.64,59.3,27.16,9.9,-12.25,-7.31,60.74,37.56,13.73,-38.13,-10.77,-2.58,8.04,6.96,-15.8,-64.21,-28.09,-11.66,-37.31,-8.14,12.45,15.42,,44.37,1154565000.0
7867,"TOMY Company, Ltd.",Consumer Cyclical,3512.3,1.73,31.12,,3.53,2.58,6.98,3.88,4.36,5.71,4.84,8.31,4.62,6.29,33.58,8.96,9.94,9.03,7.0,8.08,20.12,11.23,12.92,23.3,15.45,11.25,8.06,94.95,40.27,51086000000.0
7868,"KOSAIDO Holdings Co., Ltd.",Industrials,799.98,2.45,16.88,,21.94,-13.41,8.73,5.53,5.75,26.07,-10.57,12.5,7.87,9.33,6.37,18.6,21.68,15.02,11.67,-5.41,8.02,-3.3,7.14,10.88,7.58,5.43,6.56,76.99,38.1,22423000000.0
7871,"Fukuvi Chemical Industry Co.,Ltd.",Industrials,197.49,3.04,12.11,,0.77,17.75,-0.2,4.51,6.11,6.85,22.46,4.03,9.03,11.11,71.55,4.27,3.88,4.41,3.93,1.55,0.6,0.42,3.19,4.82,3.21,3.6,3.37,97.7,30.48,13499000000.0
7872,"Estelle Holdings Co.,Ltd.",Consumer Cyclical,65.07,4.37,141.46,,28.06,1.81,15.12,-17.67,15.0,28.06,1.81,15.12,-17.67,15.0,0.0,2.03,0.6,0.52,0.36,8.38,-1.35,6.99,0.63,0.83,1.49,-9.76,0.38,56.39,53.57,5111000000.0
7874,"LEC, Inc.",Consumer Defensive,316.35,2.89,10.8,,20.44,8.54,10.0,2.07,12.99,28.54,13.32,18.78,10.65,20.21,37.01,6.06,4.19,2.68,1.64,3.0,9.08,9.6,3.37,5.8,2.54,1.21,0.74,47.76,30.29,34697000000.0
7875,"Takeda iP Holdings Co.,Ltd.",Communication Services,140.48,2.76,12.88,,-6.14,7.1,0.72,8.96,0.56,8.04,20.05,8.89,15.91,12.33,110.98,3.79,4.04,2.61,2.99,0.82,7.99,-3.87,3.92,5.54,6.56,3.46,4.09,85.33,21.74,6382000000.0
7877,"Eidai Kako Co.,Ltd.",Basic Materials,26.77,3.25,8.21,,29.25,27.19,6.29,-18.84,20.91,35.04,33.2,15.05,-2.6,27.76,30.93,5.17,3.28,1.64,-3.77,4.1,-2.54,9.55,3.9,5.89,2.37,1.41,-3.27,89.35,23.77,2850116000.0
7878,"Kohsai Co.,Ltd.",Consumer Cyclical,17.6,2.59,4.96,,-12.2,2.8,5.43,-17.32,-1.32,-7.44,8.0,7.05,-14.32,2.54,7.97,4.24,3.8,3.05,0.11,7.91,11.49,5.0,4.25,5.23,3.82,3.76,0.11,70.69,18.45,506805000.0
7879,Noda Corporation,Industrials,99.0,4.43,,,-37.03,8.02,3.46,34.1,-8.52,16.62,36.84,37.51,59.07,30.32,163.96,-0.07,0.66,6.42,12.09,-3.51,-8.45,-9.61,-0.13,-0.22,2.64,7.01,15.89,73.97,20.21,19228728000.0
7883,"Sun Messe Co., Ltd.",Industrials,75.33,2.47,16.31,,6.82,7.83,9.68,9.93,8.11,12.47,13.38,13.87,15.48,13.24,39.01,1.9,0.82,1.55,1.4,4.23,-1.18,-3.0,1.39,1.8,0.89,1.2,1.31,92.78,22.23,3586926000.0
7885,"Takano Co.,Ltd.",Consumer Cyclical,174.59,1.75,28.37,,5.79,3.66,9.24,4.2,6.23,6.36,4.79,9.65,4.2,6.93,12.29,3.39,1.88,3.5,4.34,3.48,-4.78,9.27,1.91,2.63,0.94,1.79,2.43,99.93,23.97,8900463000.0
7886,"Yamato Mobility & Mfg. Co.,Ltd.",Basic Materials,9.87,0.0,,,-74.04,16.13,32.49,-18.84,-8.47,-43.57,32.11,51.33,10.08,13.29,5.51,-4.54,1.26,0.31,1.38,-39.46,4.61,-1.13,-13.7,-16.78,5.12,1.23,1.98,15.6,12.17,608281000.0
7887,"Nankai Plywood Co.,Ltd.",Consumer Cyclical,75.16,2.56,4.1,,13.52,6.99,23.43,-41.49,14.65,30.66,32.74,45.43,-21.12,36.28,60.99,7.2,3.86,3.57,3.93,16.91,4.82,3.09,3.15,3.51,0.4,1.56,5.03,70.95,31.85,3884675000.0
7888,Sanko Gosei Ltd.,Technology,273.13,1.78,35.98,,7.93,12.16,2.86,14.79,7.65,30.81,31.36,20.86,24.86,27.68,73.92,7.24,6.21,4.41,4.3,7.55,-2.86,15.62,3.89,5.27,8.52,6.45,5.48,56.31,17.34,14955000000.0
7893,PRONEXUS Inc.,Industrials,276.87,3.96,13.5,,3.01,9.75,12.85,7.9,8.54,12.74,15.48,19.23,13.0,15.82,48.86,8.85,0.67,8.09,8.25,5.89,2.92,12.36,8.81,14.57,0.22,6.62,6.04,89.09,37.45,9375824000.0
7896,"Seven Industries Co., Ltd.",Industrials,22.45,3.98,,,-40.98,-7.75,28.86,1.16,-6.62,-11.76,14.61,39.15,12.52,14.0,-23.05,-0.31,1.24,0.31,1.89,1.11,1.02,-13.54,-0.83,-0.91,2.35,0.64,2.72,61.23,13.45,743000000.0
7897,"Hokushin Co., Ltd.",Basic Materials,30.62,1.87,,,16.53,-1.97,4.15,4.68,6.24,30.16,8.77,8.48,15.14,15.8,72.9,-0.36,-0.67,1.16,3.8,0.42,-6.88,-14.81,-0.26,-0.31,-0.32,0.81,3.43,47.77,13.51,1670580000.0
7898,"Wood One Co.,Ltd.",Consumer Cyclical,87.41,2.57,,,-33.9,-5.03,-10.67,-38.2,-16.53,29.81,45.56,46.08,1.25,40.48,149.3,1.87,2.01,-1.45,1.16,1.29,0.58,-1.6,6.34,6.66,1.08,-1.05,0.5,50.3,26.67,4127000000.0
7901,Matsumoto Inc.,Basic Materials,9.06,0.0,5.81,,-34.82,-21.0,-22.42,-32.91,-26.08,-31.07,-15.06,-7.6,-8.17,-17.91,-82.13,-7.49,-12.23,-6.61,0.54,-1.98,-2.05,-1.26,-10.97,-20.75,-30.71,-8.25,0.59,57.27,16.53,676676000.0
7902,"Sonocom Co.,Ltd.",Technology,41.11,1.16,13.51,,6.48,-5.45,5.4,-7.96,2.14,12.76,-1.93,11.11,-2.71,7.31,-27.15,12.25,8.34,6.42,10.2,11.96,13.53,-4.67,2.36,4.55,1.45,0.99,1.78,,32.2,4509916000.0
7906,"YONEX Co., Ltd.",Consumer Cyclical,2078.08,1.18,17.17,,-0.21,3.38,2.41,-0.64,1.86,4.56,6.25,6.01,1.44,5.61,70.13,10.12,10.25,9.98,9.41,18.35,18.75,8.8,12.19,18.88,12.9,12.04,12.84,83.86,44.32,34312000000.0
7908,"Kimoto Co., Ltd.",Technology,108.29,2.86,19.7,,2.9,13.25,1.24,-5.13,5.8,5.35,16.97,4.75,-1.75,9.02,47.21,10.14,11.9,2.2,-6.47,-6.62,13.97,2.98,2.89,7.0,5.03,1.06,-3.89,,38.95,11140000000.0
7911,TOPPAN Holdings Inc.,Industrials,13836.79,0.59,21.68,,-4.47,-5.66,3.99,1.59,-2.05,6.22,4.79,11.36,7.67,7.46,151.61,3.72,4.95,4.43,4.68,4.97,2.46,2.41,2.47,3.25,2.61,3.2,3.43,72.76,23.5,441366000000.0
7912,"Dai Nippon Printing Co., Ltd.",Industrials,12904.33,1.38,12.8,,-2.53,4.64,-0.17,-1.87,0.65,3.13,10.29,5.62,2.94,6.35,112.91,6.68,6.42,5.3,4.46,3.77,2.3,3.76,4.77,6.0,4.86,4.41,3.72,84.09,24.2,298135000000.0
7914,"Kyodo Printing Co., Ltd.",Industrials,493.58,4.53,12.64,,3.37,5.32,-0.51,33.15,2.73,13.35,13.66,6.29,47.44,11.1,81.34,2.18,2.34,1.63,0.83,-1.77,3.08,3.89,1.95,2.34,2.22,1.38,0.7,87.64,21.28,12438000000.0
7915,"Nissha Co., Ltd.",Technology,569.44,4.19,56.52,,2.38,7.3,-7.01,10.49,0.89,16.17,21.62,2.61,21.14,13.47,173.36,2.26,2.96,-2.13,4.94,-0.36,16.62,-13.53,0.96,1.24,2.12,-2.5,4.92,61.99,22.42,39738000000.0
7916,"Mitsumura Printing Co., Ltd.",Industrials,58.66,2.62,16.6,,-16.54,2.7,-6.72,-4.78,-6.85,-4.51,15.32,7.99,20.9,6.27,0.04,-0.49,-1.08,-0.43,-0.59,-4.22,0.38,-0.61,-1.18,-1.73,-0.5,-0.14,-0.23,89.1,18.57,6564643000.0
7917,ZACROS Corporation,Consumer Cyclical,899.95,2.87,11.99,,-11.1,-12.8,3.49,3.59,-6.8,13.09,7.32,11.2,9.29,10.54,176.14,6.97,6.71,6.13,4.55,5.17,10.71,5.25,7.99,9.29,8.11,6.73,5.23,89.6,23.22,14844000000.0
7918,"VIA Holdings,Inc.",Consumer Cyclical,47.91,0.0,,,-5.36,-8.16,6.12,13.96,-2.47,3.49,2.55,11.94,17.87,5.99,241.05,-0.4,1.15,1.91,-6.41,0.18,2.31,16.68,-2.36,-3.19,-5.6,8.62,-22.75,34.61,66.15,935000000.0
7919,"Nozaki Insatsu Shigyo Co., Ltd.",Industrials,36.32,4.44,10.15,,-15.86,-10.98,9.88,15.12,-5.65,12.73,17.99,30.41,25.07,20.38,151.04,3.68,4.74,4.39,2.48,-3.8,2.92,5.36,4.58,5.59,7.26,9.03,4.36,62.14,19.57,1398679000.0
7921,Takara & Company Ltd.,Industrials,533.73,4.39,15.78,,-0.44,6.39,4.32,7.31,3.42,7.05,8.18,6.29,8.85,7.17,53.17,14.19,13.64,14.45,13.83,4.97,1.37,6.2,8.99,19.74,9.05,10.44,9.96,99.75,43.61,17694523000.0
7927,Muto Seiko Co.,Technology,166.15,4.91,8.36,,14.05,-2.68,6.4,7.27,5.92,22.29,13.69,23.23,15.58,19.74,76.34,7.83,7.43,6.94,6.67,7.67,4.78,0.56,6.58,11.29,5.82,6.1,6.95,82.13,19.91,10873709000.0
7928,"Asahi Kagaku Kogyo Co.,Ltd.",Industrials,18.69,1.63,25.75,,-27.46,0.7,24.34,-9.76,-0.81,7.37,15.85,40.43,13.56,21.22,202.68,-0.55,0.45,1.96,4.92,0.23,-3.73,-19.19,-0.34,-0.48,0.38,0.48,5.95,,9.49,1596243000.0
7931,"Mirai Industry Co.,Ltd.",Industrials,597.99,4.64,12.73,,5.94,8.07,3.02,3.7,5.68,11.84,12.59,7.82,6.69,10.75,49.03,14.73,15.3,16.64,10.23,1.24,2.32,11.43,8.38,14.39,9.04,10.12,5.57,99.07,38.65,23241000000.0
7932,"Nippi,Incorporated",Consumer Cyclical,322.27,6.1,11.58,,7.66,11.84,10.62,4.94,10.04,9.36,14.44,12.94,8.28,12.25,17.99,8.79,7.38,7.37,3.28,-3.84,0.19,9.45,6.03,7.26,4.92,5.05,2.05,78.63,29.65,8754000000.0
7936,ASICS Corporation,Consumer Cyclical,29377.27,1.17,23.18,,2.7,2.74,2.53,-1.12,2.66,3.74,3.56,3.07,-0.73,3.46,22.72,17.58,14.75,9.5,7.02,19.51,18.94,17.72,32.82,51.53,23.21,13.21,8.92,78.11,56.8,112267000000.0
7937,"Tsutsumi Jewelry Co.,Ltd.",Consumer Cyclical,400.35,4.51,10.84,,-0.47,-5.02,-3.17,0.18,-2.89,1.51,-3.32,-2.42,1.61,-1.41,16.26,14.88,9.7,8.4,8.09,41.84,24.76,9.87,5.08,9.4,2.86,1.68,1.39,,43.42,32225000000.0
7938,Regal Corporation,Consumer Cyclical,61.51,3.55,26.69,,-23.72,0.05,-24.71,-13.35,-16.13,-15.17,3.67,-17.05,1.66,-9.52,-0.87,-1.65,1.71,2.21,1.33,-3.04,-0.73,5.19,-1.25,-1.48,1.63,1.77,1.6,58.87,46.91,3533000000.0
7939,"Kensoh Co.,Ltd.",Industrials,22.69,3.81,10.96,,9.62,17.04,-19.39,-13.52,2.42,12.39,21.38,-9.84,-9.42,7.98,-18.17,4.02,4.5,4.41,5.21,9.25,-0.33,-2.19,4.04,4.66,3.84,3.62,5.53,22.75,28.96,616212000.0
7942,JSP Corporation,Consumer Cyclical,795.38,3.32,12.05,,20.55,11.18,19.69,10.97,17.14,20.55,11.18,19.69,10.97,17.14,0.0,5.34,4.84,5.6,2.25,2.25,5.33,2.53,4.58,5.37,3.97,4.95,1.89,82.13,26.41,19313000000.0
7943,Nichiha Corporation,Industrials,989.3,3.73,40.95,,4.28,6.06,0.83,-4.69,3.72,8.3,10.53,6.99,5.6,8.61,59.67,6.51,4.68,7.15,8.48,-3.19,3.98,3.42,4.03,4.91,1.85,5.09,6.19,88.45,35.92,24696000000.0
7944,Roland Corporation,Consumer Cyclical,999.63,4.55,67.12,,7.31,9.18,11.95,-0.59,9.48,13.7,11.72,15.43,0.79,13.62,30.33,9.32,10.01,11.59,11.22,1.53,-2.94,6.89,6.16,8.23,10.46,13.9,15.22,68.88,42.24,15876000000.0
7946,Koyosha Inc.,Industrials,8.71,3.06,10.73,,10.77,-9.42,-0.08,3.41,0.42,15.94,1.62,25.03,6.69,14.2,271.13,2.12,1.28,1.59,0.64,2.2,5.17,4.49,2.83,5.42,1.59,2.45,0.82,84.23,22.15,1037781000.0
7947,FP Corporation,Consumer Cyclical,2291.24,2.6,15.4,,5.87,5.48,7.58,-3.61,6.31,13.09,12.19,12.73,8.76,12.67,50.19,8.99,7.84,7.4,7.91,2.06,6.09,5.12,6.19,6.91,5.43,4.8,4.78,65.97,32.61,25478000000.0
7949,"Komatsu Wall Industry Co., Ltd.",Industrials,500.04,4.95,16.38,,-5.44,3.63,6.46,1.95,1.55,8.77,6.65,8.55,3.35,7.99,77.29,8.77,8.15,8.36,6.11,4.73,2.45,15.3,7.68,11.15,6.68,7.05,4.22,,36.11,12245000000.0
7951,Yamaha Corporation,Consumer Cyclical,5558.1,2.08,24.0,,5.82,5.69,3.76,-6.4,5.09,9.95,8.24,7.89,-2.67,8.69,41.55,6.29,4.48,6.27,10.3,0.7,-0.17,2.54,4.04,5.25,2.68,4.49,7.66,95.47,37.6,113159000000.0
7952,"Kawai Musical Instruments Manufacturing Co., Ltd.",Consumer Cyclical,289.9,2.88,25.4,,-12.81,-15.68,0.35,-7.12,-9.38,-2.63,-5.86,4.97,-2.11,-1.17,-154.3,0.16,0.43,4.06,5.75,-1.19,-9.07,-8.63,0.14,0.18,0.7,4.21,7.03,79.96,26.01,10758000000.0
7953,"Kikusui Chemical Industries Co., Ltd.",Industrials,50.91,4.94,18.81,,10.38,3.36,10.18,-3.72,7.97,16.5,9.73,21.28,9.83,15.84,51.59,1.87,1.24,2.47,2.54,0.99,-4.47,-0.14,2.01,3.26,1.48,2.97,3.1,88.07,23.45,4515263000.0
7955,Cleanup Corporation,Consumer Cyclical,341.72,4.19,10.02,,1.93,-0.37,-10.6,2.69,-3.01,12.24,12.72,7.12,12.59,10.69,145.33,2.94,1.59,1.0,2.43,3.46,1.57,3.2,4.59,6.42,2.27,1.43,3.5,88.12,32.88,19375000000.0
7956,Pigeon Corporation,Consumer Defensive,2436.83,3.75,26.62,,4.07,4.94,3.63,3.14,4.21,5.36,5.86,5.95,5.42,5.72,26.26,12.05,11.65,11.35,12.85,4.8,10.28,-0.48,10.36,19.55,9.73,9.15,10.32,,50.23,39609000000.0
7957,"Fujicopian Co., Ltd.",Industrials,39.9,6.54,,,-11.91,-9.08,-22.08,-7.04,-14.36,2.55,7.51,-1.17,17.71,2.96,-333.28,-2.72,-0.17,-9.41,5.54,-5.66,9.23,-16.51,-2.21,-2.91,-0.1,-6.61,2.92,78.16,21.18,2541657000.0
7962,"King Jim Co., Ltd.",Industrials,226.13,1.88,22.69,,6.01,2.56,1.9,-2.08,3.49,9.35,6.5,4.63,0.74,6.83,51.77,2.88,1.36,-0.61,0.93,-1.27,0.22,0.4,2.23,2.86,0.92,6.1,0.61,84.53,38.56,6832976000.0
7963,Koken Ltd.,Healthcare,87.1,1.94,10.51,,-2.67,5.11,10.18,5.19,4.21,1.56,7.65,12.42,7.11,7.21,107.23,10.72,9.38,9.52,11.17,10.17,1.66,-0.16,4.71,5.46,3.99,3.93,4.79,71.58,45.4,2684275000.0
7965,Zojirushi Corporation,Consumer Cyclical,927.67,3.17,15.29,,8.98,3.51,3.2,-2.15,5.23,10.7,5.94,5.32,-0.3,7.32,32.34,8.16,6.83,5.99,5.65,4.51,4.46,1.16,5.87,9.29,4.75,4.12,3.64,98.31,33.36,33177000000.0
7966,LINTEC Corporation,Basic Materials,3451.96,2.1,21.75,,5.28,2.77,7.03,-2.26,5.03,9.69,9.77,11.36,1.72,10.27,51.74,7.88,7.77,3.85,4.85,1.08,14.35,-2.91,6.81,8.84,7.52,2.45,4.37,97.47,25.51,60271000000.0
7970,"Shin-Etsu Polymer Co.,Ltd.",Basic Materials,1888.74,2.83,19.21,,5.41,2.68,-1.57,-0.96,2.17,7.65,8.48,6.34,4.83,7.49,74.17,12.2,12.0,10.59,11.77,4.1,5.94,-3.6,7.87,12.83,7.7,7.21,9.1,,30.03,50073000000.0
7971,TOLI Corporation,Industrials,392.11,4.89,8.99,,9.92,-7.25,3.86,0.29,2.18,23.25,6.3,13.49,9.18,14.35,114.59,4.54,4.14,4.86,3.71,6.27,3.16,7.6,5.84,6.97,5.33,6.75,5.05,82.97,29.92,10110000000.0
7972,Itoki Corporation,Consumer Cyclical,1229.3,3.58,12.08,,2.38,-5.72,1.44,1.35,-0.63,7.27,-0.81,5.14,4.72,3.87,-154.77,8.91,7.28,6.41,3.72,10.99,4.12,7.83,10.06,13.21,8.4,8.42,4.1,62.69,42.17,21629000000.0
7974,"Nintendo Co., Ltd.",Communication Services,93382.73,2.67,22.21,,2.81,-0.07,4.78,3.22,2.51,3.1,0.13,4.95,3.46,2.73,56.79,15.57,24.26,31.64,31.49,98.56,-30.32,4.38,9.1,36.46,7.77,14.64,16.03,,39.3,2216856000000.0
7975,"Lihit Lab.,Inc.",Industrials,39.46,2.16,58.8,,-34.86,-0.19,-4.98,-20.92,-13.34,1.21,7.36,16.81,-18.9,8.46,1071.54,0.39,1.94,-3.17,-1.8,-1.04,4.74,3.4,0.2,0.21,1.26,-1.99,-1.09,97.75,34.01,728513000.0
7976,"Mitsubishi Pencil Co., Ltd.",Industrials,1697.81,1.57,24.69,,1.42,3.81,6.93,4.29,4.05,1.42,3.81,6.93,4.29,4.05,0.0,10.79,13.72,15.84,13.4,1.12,18.74,8.41,4.2,5.54,6.05,7.34,6.01,82.72,49.57,37067000000.0
7979,Shofu Inc.,Healthcare,819.27,2.43,16.74,,-0.28,2.6,1.68,1.88,1.33,4.11,4.21,3.77,3.87,4.03,66.82,13.07,13.93,13.42,12.07,3.35,10.31,10.74,7.99,10.13,8.9,7.84,7.48,97.49,59.36,10264000000.0
7980,"Shigematsu Works Co., Ltd.",Healthcare,61.23,1.74,8.72,,-24.8,-32.36,2.06,9.37,-18.37,19.84,3.73,15.78,18.36,13.12,426.82,6.76,7.58,6.04,7.5,10.49,8.6,0.93,4.77,5.57,5.95,5.05,6.74,58.06,29.56,2445871000.0
7981,"Takara Standard Co.,Ltd.",Consumer Cyclical,1983.96,3.99,13.53,,4.5,6.5,-7.95,-1.02,1.02,12.81,11.78,-0.66,3.33,7.98,-330.09,7.55,6.42,5.29,4.81,3.85,3.68,3.22,6.77,9.76,5.45,4.37,3.98,97.83,35.66,61409000000.0
7983,Miroku Corporation,Industrials,34.12,0.87,,,-38.94,-102.75,-47.1,-43.26,-62.93,36.25,-1.23,-14.22,5.18,6.93,-2757.83,-0.2,-4.75,4.66,5.75,14.65,-8.15,3.63,-0.15,-0.17,-3.26,1.93,2.72,61.17,9.87,1663732000.0
7984,"Kokuyo Co., Ltd.",Industrials,3725.4,2.73,17.25,,0.83,2.31,7.62,1.05,3.59,3.86,4.4,9.32,2.57,5.86,48.07,7.29,6.65,7.25,6.36,6.21,3.07,9.25,7.16,12.64,5.47,6.33,6.15,98.61,40.14,110746000000.0
7985,NEPON Inc,Industrials,7.03,1.06,,,34.89,5.38,8.24,-40.52,16.17,54.89,24.31,31.01,-1.44,36.74,62.58,0.95,0.49,0.45,4.86,1.93,-6.39,-2.73,1.02,1.18,-6.0,0.62,5.86,58.29,34.31,592590000.0
7986,"Nihon Isk Co.,Ltd.",Basic Materials,29.58,1.56,6.07,,11.88,10.51,-6.32,-5.56,5.36,13.53,11.13,12.8,-1.03,12.49,55.72,9.83,8.79,8.89,2.48,2.76,3.29,8.89,9.16,13.17,8.82,8.94,2.43,,30.6,1410760000.0
7987,"Nakabayashi Co., Ltd.",Industrials,154.61,3.88,8.06,,17.04,12.41,-2.92,-10.52,8.84,20.98,18.05,8.59,-0.56,15.87,61.32,4.68,2.86,0.77,0.75,-1.86,2.82,-0.87,4.57,5.47,3.63,0.62,1.9,76.68,26.39,6796000000.0
7988,Nifco Inc.,Consumer Cyclical,4620.8,1.7,13.71,,10.21,11.73,10.23,8.06,10.72,10.21,11.73,10.23,8.06,10.72,0.0,13.63,13.94,11.82,10.71,-0.11,-5.01,15.5,10.24,19.18,13.36,9.29,7.42,92.28,30.48,149965000000.0
7989,Tachikawa Corporation,Consumer Cyclical,542.73,5.2,16.54,,6.46,0.84,2.58,-0.72,3.29,8.33,3.03,7.95,3.94,6.44,54.06,10.35,10.53,9.8,9.26,2.94,0.25,0.02,5.47,7.96,5.43,5.8,5.78,,41.13,17675363000.0
7990,"Globeride, Inc.",Consumer Cyclical,521.5,4.11,10.24,,9.93,-4.23,12.21,-0.23,5.97,15.4,3.92,23.79,7.97,14.37,97.4,5.12,5.25,5.95,9.01,2.4,-1.61,-6.37,5.25,6.11,5.38,6.52,11.72,67.52,38.1,13025000000.0
7991,"Mamiya-OP Co., Ltd.",Industrials,109.58,4.73,6.4,,-38.09,56.59,15.62,-5.79,11.37,-6.53,60.95,24.13,-2.16,26.18,-147.01,9.02,18.99,17.66,11.83,-38.02,23.04,72.18,3.93,5.57,13.97,12.17,6.82,75.93,27.94,10342901000.0
7992,"The Sailor Pen Co., Ltd.",Industrials,30.24,0.0,,,-1.36,-15.9,-28.65,-48.4,-15.3,1.15,-13.41,-14.42,-9.23,-8.89,33.85,-4.62,-5.77,-7.49,-2.95,-8.06,2.61,-9.35,-7.47,-9.14,-8.75,-8.74,-3.25,34.94,32.57,534069000.0
7994,Okamura Corporation,Industrials,2239.02,4.49,9.99,,7.34,-7.97,1.92,0.05,0.43,12.16,0.44,9.54,6.03,7.38,678.18,7.34,7.61,8.06,6.27,4.61,5.44,7.68,7.91,9.2,7.85,8.68,7.08,87.16,34.64,32725000000.0
7995,"Valqua, Ltd.",Industrials,1192.06,2.54,22.78,,0.07,-1.76,-2.57,1.44,-1.42,4.22,4.09,1.47,3.69,3.26,171.88,12.13,9.43,11.51,14.28,-2.59,-2.64,-0.7,7.73,8.72,6.73,8.49,12.54,79.85,42.67,7915000000.0
7997,Kurogane Kosakusho Ltd.,Consumer Cyclical,18.33,1.84,4.54,,-0.15,-38.75,-24.33,9.4,-21.08,4.17,-13.58,-23.38,9.88,-10.93,-28.56,-1.94,-0.38,-1.94,-3.77,-11.96,0.32,3.76,-1.57,-2.14,-0.43,-2.38,-4.69,82.17,23.73,1526351000.0
8001,ITOCHU Corporation,Industrials,154546.96,1.98,17.29,,5.48,4.98,5.02,5.0,5.16,7.32,6.45,6.33,6.07,6.7,22.9,4.74,4.64,5.07,5.1,0.67,4.95,0.6,5.35,5.8,5.94,6.29,6.93,57.83,16.73,801461000000.0
8002,Marubeni Corporation,Industrials,79878.97,2.36,14.89,,4.78,5.26,3.62,6.29,4.55,6.7,7.49,5.54,7.59,6.58,31.01,3.11,3.5,3.81,3.71,6.11,7.44,-21.11,3.19,3.83,3.62,4.01,5.82,63.43,14.31,1137768000000.0
8005,Scroll Corporation,Consumer Cyclical,598.07,5.41,22.52,,10.15,9.72,4.98,9.2,8.28,11.6,10.24,5.74,9.79,9.19,10.28,6.47,7.2,6.66,7.56,5.38,5.27,-1.47,9.24,12.92,11.16,9.56,10.91,,41.43,10721000000.0
8006,"Yuasa Funashoku Co., Ltd.",Consumer Defensive,261.93,2.24,11.56,,13.37,-4.55,6.06,-0.84,4.96,15.8,2.19,10.75,3.29,9.58,122.2,2.29,2.22,1.55,1.24,2.71,2.94,1.44,4.38,6.21,4.52,3.22,2.85,95.6,7.94,13402000000.0
8007,"Takashima & Co., Ltd.",Basic Materials,273.59,5.71,22.34,,7.05,-12.24,19.29,-0.08,4.7,10.29,-10.01,22.14,2.56,7.47,7.39,2.33,2.26,1.94,2.22,-4.09,4.86,13.1,3.21,4.59,3.83,3.79,4.78,62.0,14.99,10532000000.0
8008,Yondoshi Holdings Inc.,Consumer Cyclical,452.04,4.07,25.24,,0.87,4.88,3.5,4.61,3.08,2.44,6.69,5.9,6.86,5.01,43.97,4.01,4.27,5.31,5.01,52.42,16.33,-0.13,2.93,3.0,2.07,3.17,2.97,70.75,33.23,1335000000.0
8011,Sanyo Shokai Ltd.,Consumer Cyclical,398.47,8.19,10.37,,-0.98,5.81,9.02,6.76,4.62,2.5,6.73,11.09,10.58,6.77,57.14,2.22,4.49,4.97,3.84,-3.43,-1.35,5.29,2.2,4.38,5.15,5.81,7.62,84.22,60.9,23992000000.0
8012,"Nagase & Co., Ltd.",Basic Materials,4836.61,2.38,15.01,,4.07,4.37,11.41,-1.55,6.62,9.88,7.51,15.08,1.95,10.82,41.64,4.6,4.14,3.4,3.66,2.94,4.98,-1.4,5.52,5.98,4.81,3.92,4.55,68.09,19.29,45599000000.0
8013,"Naigai Co.,Ltd.",Consumer Cyclical,29.93,0.0,18.63,,-9.46,-1.17,-11.93,-17.64,-7.52,-9.46,-1.17,-11.93,-17.64,-7.52,0.0,-0.98,0.49,0.2,-9.27,1.47,1.08,2.41,-0.94,-1.45,0.57,0.28,-15.73,76.5,36.71,2980000000.0
8014,"Chori Co., Ltd.",Industrials,1047.43,4.05,8.72,,10.04,4.08,7.02,8.19,7.05,11.02,6.82,9.25,9.16,9.03,24.41,4.36,4.65,4.89,3.84,-3.93,1.25,-6.58,10.78,15.12,11.13,11.66,10.41,99.49,13.74,29537000000.0
8015,Toyota Tsusho Corporation,Industrials,69847.82,1.7,21.21,,3.98,4.48,4.91,3.77,4.46,6.6,7.33,7.76,6.36,7.23,38.47,4.77,4.85,4.4,4.1,12.15,1.18,3.46,7.31,10.14,8.07,7.28,7.56,51.75,10.94,1485702000000.0
8016,"Onward Holdings Co., Ltd.",Consumer Cyclical,988.04,4.55,9.77,,2.87,-1.73,2.06,3.56,1.07,8.35,3.16,4.05,5.75,5.19,89.82,4.9,4.87,5.94,2.96,13.63,9.9,7.7,6.19,7.2,6.07,10.69,4.18,66.64,54.65,19715000000.0
8018,"Sankyo Seiko Co., Ltd.",Consumer Cyclical,314.74,3.19,15.74,,5.15,-0.48,-6.51,8.38,-0.61,9.07,3.54,10.16,8.8,7.59,106.94,11.22,15.58,11.66,11.54,-2.54,15.69,9.27,2.45,3.03,5.1,3.1,4.05,90.71,43.92,11785000000.0
8020,Kanematsu Corporation,Industrials,3891.52,3.02,12.0,,13.39,12.44,7.92,-1.5,11.25,14.82,14.99,9.14,-0.08,12.98,13.35,4.61,4.01,4.27,4.34,1.59,6.59,8.18,9.56,11.81,8.27,7.43,7.69,54.57,15.82,69246000000.0
8022,Mizuno Corporation,Consumer Cyclical,3183.02,1.61,17.46,,4.21,0.91,6.09,-4.19,3.74,5.44,2.2,6.73,-2.53,4.79,30.25,8.73,8.65,7.52,6.11,7.78,4.62,8.33,8.55,11.16,8.66,8.15,6.47,88.73,41.87,46018000000.0
8023,"DAIKO XTECH, Ltd.",Technology,131.46,3.6,9.18,,4.98,9.21,30.33,3.0,14.84,5.74,10.04,31.42,4.23,15.73,8.3,4.48,5.65,6.68,4.98,-0.44,-1.59,15.32,8.11,22.54,11.13,13.54,9.8,88.51,25.15,9986911000.0
8025,"Tsukamoto Corporation Co., Ltd.",Consumer Cyclical,52.73,2.3,29.79,,-22.41,-8.77,4.78,6.91,-8.8,-19.82,-4.95,5.21,7.92,-6.52,-27.25,0.17,-3.43,-2.27,0.11,4.39,-1.2,-23.92,0.05,0.06,-2.19,-0.78,0.06,67.91,31.33,1325711000.0
8029,Look Holdings Incorporated,Consumer Cyclical,204.11,3.72,11.0,,7.76,6.64,-1.44,9.81,4.32,12.47,12.01,5.59,13.91,10.02,69.42,3.38,4.62,5.53,6.77,-4.79,-1.33,1.44,1.99,2.39,3.59,4.98,5.83,79.72,60.36,8690000000.0
8030,"Chuo Gyorui Co., Ltd.",Consumer Defensive,156.77,3.02,5.32,,-8.78,19.46,13.93,15.03,8.2,0.45,25.0,22.92,21.32,16.12,709.5,2.06,2.15,1.79,1.46,5.8,8.95,0.08,3.95,4.51,4.42,3.63,2.53,63.77,9.71,7406000000.0
8031,"Mitsui & Co., Ltd.",Industrials,144124.98,2.78,17.43,,-1.08,4.66,3.95,5.95,2.51,6.61,7.06,6.0,7.27,6.56,61.48,3.04,2.73,3.94,4.85,-4.55,10.04,-6.86,2.34,2.94,2.63,3.54,5.03,61.11,9.49,2952534000000.0
8032,Japan Pulp and Paper Company Limited,Basic Materials,1396.74,2.84,32.31,,13.13,11.76,11.9,-5.74,12.26,17.58,15.04,14.96,0.22,15.86,22.52,1.79,2.72,3.26,3.72,9.42,3.8,-2.03,2.47,2.79,3.96,5.23,6.04,55.4,17.38,25825000000.0
8035,Tokyo Electron Limited,Technology,256768.58,1.39,45.18,,1.25,1.61,1.21,1.36,1.36,2.1,2.27,1.69,1.66,2.02,32.76,25.58,28.68,24.93,27.96,0.49,32.83,-17.13,23.18,30.68,28.96,19.93,29.15,,45.34,506250000000.0
8037,Kamei Corporation,Energy,1596.02,2.64,13.39,,11.05,16.23,9.63,3.14,12.3,18.6,24.04,15.69,8.55,19.44,37.21,2.91,2.76,2.73,2.83,1.46,0.4,3.85,5.3,7.98,5.07,5.06,5.11,84.94,17.1,70654000000.0
8039,"Tsukiji Uoichiba Company, Limited",Consumer Defensive,77.16,1.01,19.97,,9.45,-8.85,12.88,-5.51,4.49,12.66,-5.82,15.54,1.85,7.46,-3.21,0.25,0.49,0.06,0.32,8.07,6.33,1.24,0.83,0.98,1.87,0.37,1.21,58.18,7.02,1813000000.0
8040,"Tokyo Soir Co., Ltd.",Consumer Cyclical,36.42,4.3,109.98,,9.4,-5.0,-3.41,42.19,0.33,11.81,-1.88,-2.58,44.52,2.45,-59.52,1.08,1.55,3.46,2.38,2.62,4.48,5.52,1.07,1.31,2.57,4.49,3.91,95.06,52.33,2058553000.0
8041,OUG Holdings Inc.,Consumer Defensive,249.1,3.7,4.63,,4.87,4.1,5.6,-1.47,4.86,10.37,10.9,8.06,2.74,9.78,48.64,1.74,1.46,0.94,1.23,3.88,5.07,2.52,7.17,7.33,5.86,5.28,5.19,56.61,9.37,1375000000.0
8043,Starzen Company Limited,Consumer Defensive,882.02,3.36,10.77,,3.34,-2.57,14.48,8.18,5.08,3.34,-2.57,14.48,8.18,5.08,0.0,1.95,2.07,2.19,1.92,2.77,6.23,-3.44,4.07,4.61,4.8,5.21,5.38,58.69,9.85,18242000000.0
8045,"Yokohama Maruuo Co., Ltd.",Consumer Defensive,125.54,1.63,21.21,,5.53,2.17,11.53,-2.19,6.41,5.84,2.65,13.53,1.48,7.34,12.79,1.14,0.89,0.72,0.3,2.01,3.18,-5.06,1.56,1.8,1.48,1.45,0.76,97.97,8.7,2804694000.0
8046,"Marufuji Sheet Piling Co.,Ltd.",Basic Materials,171.04,3.85,8.97,,3.32,2.32,15.93,2.91,7.19,13.18,8.46,18.71,4.42,13.45,54.08,5.24,4.44,4.09,3.04,13.36,3.02,-1.6,4.41,5.08,3.55,3.19,2.33,98.48,19.42,4379000000.0
8050,Seiko Group Corporation,Consumer Cyclical,8510.82,1.03,38.66,,2.68,2.23,2.55,-0.34,2.49,4.32,3.83,3.85,1.09,4.0,37.84,9.2,6.97,5.32,4.31,10.15,10.09,6.26,7.9,9.41,5.37,3.78,2.35,64.61,46.23,43487000000.0
8051,Yamazen Corporation,Industrials,1751.0,2.8,20.31,,-0.08,1.78,5.0,2.52,2.23,2.93,4.77,6.37,4.43,4.69,62.36,2.22,1.85,1.95,3.14,4.99,1.83,-3.87,4.21,9.59,4.61,4.47,9.11,74.08,15.32,109128000000.0
8052,"Tsubakimoto Kogyo Co., Ltd.",Industrials,546.52,4.1,10.87,,-6.5,6.57,9.18,12.29,3.08,-6.5,6.57,9.18,12.29,3.08,0.0,4.97,4.84,4.61,4.73,5.4,9.53,5.13,8.79,16.99,9.41,9.08,10.27,,15.41,24100000000.0
8053,Sumitomo Corporation,Industrials,84990.13,2.26,14.42,,8.33,5.99,6.07,1.91,6.8,9.57,7.2,7.16,2.74,7.98,15.05,5.43,5.55,6.0,6.2,0.62,5.52,1.36,4.19,5.11,4.49,4.38,5.06,49.51,20.58,1582959000000.0
8056,BIPROGY Inc.,Technology,4633.7,2.92,14.98,,8.67,6.89,6.24,2.98,7.27,12.42,9.69,9.0,6.13,10.37,29.93,9.52,9.46,8.95,8.53,7.35,9.15,8.9,12.91,16.36,14.16,13.22,12.24,71.01,26.75,48385000000.0
8057,"Uchida Yoko Co., Ltd.",Industrials,1108.23,3.42,8.87,,2.59,4.79,-6.91,,0.16,4.38,6.56,-4.89,,2.02,8.75,,3.36,3.42,3.56,,12.73,11.13,,,9.61,10.88,10.04,97.83,13.91,0.0
8058,Mitsubishi Corporation,Industrials,177970.32,2.62,23.16,,6.39,7.16,4.65,8.29,6.07,8.37,9.32,7.57,10.85,8.42,28.5,2.21,1.99,3.41,4.42,1.6,-4.85,-9.29,2.31,2.74,2.05,3.54,5.56,61.49,8.75,2425996000000.0
8059,"Daiichi Jitsugyo Co., Ltd.",Industrials,1170.04,3.44,11.96,,13.01,9.25,-2.09,6.93,6.72,13.79,9.91,-1.46,7.64,7.41,-10.42,6.25,5.91,4.84,4.38,-1.18,18.09,22.2,9.58,20.99,10.39,8.04,6.76,92.99,17.85,53007000000.0
8060,Canon Marketing Japan Inc.,Industrials,7694.41,2.58,17.67,,3.66,4.6,2.32,3.63,3.53,5.97,6.2,3.66,4.9,5.28,33.63,8.56,8.12,8.61,8.49,3.96,7.29,3.63,9.59,15.6,9.49,8.33,8.64,99.22,32.02,160073000000.0
8061,Seika Corporation,Industrials,1083.9,3.85,14.93,,3.94,6.79,1.75,-2.93,4.16,5.01,7.45,2.34,-0.67,4.93,18.49,7.4,6.92,6.43,4.97,15.74,8.01,-6.99,7.15,9.64,9.77,9.34,9.02,74.73,26.2,20066000000.0
8065,Sato Shoji Corporation,Basic Materials,648.19,3.55,10.09,,-1.45,-3.4,5.03,-2.46,0.06,2.14,3.3,12.7,1.34,6.05,143.66,2.63,2.4,2.36,2.23,2.68,3.86,-0.37,5.04,5.32,4.85,5.05,4.87,71.28,8.2,5977000000.0
8066,Mitani Corporation,Industrials,3043.67,2.57,13.04,,7.1,6.87,8.87,5.92,7.61,9.17,8.35,10.38,6.77,9.3,18.28,9.55,9.29,7.99,6.77,0.01,4.38,1.4,11.73,43.81,12.34,10.61,9.75,95.43,18.47,143779000000.0
8070,"Tokyo Sangyo Co., Ltd.",Industrials,268.78,3.91,10.7,,15.96,14.7,-1.65,-6.94,9.67,17.8,19.91,0.04,-5.22,12.58,1278.83,5.42,3.21,-6.98,1.11,-10.58,8.75,-0.64,8.1,18.53,4.4,46.26,2.03,66.89,17.87,19872000000.0
8074,"Yuasa Co., Ltd.",Industrials,1358.24,3.67,11.33,,9.27,6.88,-7.56,3.93,2.86,14.41,11.77,17.74,6.14,14.64,73.27,3.07,2.98,2.8,2.89,3.15,0.35,4.31,9.53,15.62,8.99,9.37,9.81,96.79,11.93,48646000000.0
8075,Shinsho Corporation,Basic Materials,852.12,3.52,10.28,,7.45,6.66,9.61,7.69,7.91,9.91,8.2,10.67,8.99,9.59,17.82,1.9,2.14,2.25,2.3,-1.46,4.35,1.12,4.85,5.48,5.72,6.07,6.93,64.24,6.49,17428000000.0
8076,Canox Corporation,Basic Materials,210.81,4.98,9.79,,32.2,21.83,23.14,-31.14,25.72,35.51,22.13,23.55,-30.73,27.06,4.14,1.58,1.45,1.47,1.56,-8.24,0.31,13.72,2.8,3.27,2.76,2.74,2.63,55.14,5.54,9042926000.0
8077,TORQ Inc.,Industrials,47.72,2.86,6.29,,42.61,-1.42,37.16,-42.59,26.12,43.2,-0.42,39.09,-18.23,27.29,-77.36,4.48,4.04,3.55,2.05,0.57,3.0,6.25,2.57,2.97,2.32,2.05,1.24,53.78,22.87,3631113000.0
8078,"Hanwa Co., Ltd.",Industrials,3730.2,3.46,10.05,,18.89,0.44,2.29,72.75,7.21,19.93,2.72,4.88,76.2,9.18,47.32,2.19,2.41,2.04,2.4,4.23,5.04,-8.85,5.31,5.98,5.7,5.09,6.54,54.71,5.3,86398000000.0
8079,Shoei Foods Corporation,Consumer Defensive,739.38,2.03,19.2,,-3.31,0.67,5.87,-1.46,1.08,-0.83,4.17,8.56,1.13,3.97,-62.1,3.96,4.21,3.68,3.63,8.41,5.12,6.21,4.44,5.21,4.49,4.0,3.99,73.7,15.73,11505001000.0
8081,Kanaden Corporation,Industrials,586.38,3.84,14.8,,14.91,7.94,5.89,-1.86,9.58,15.75,8.72,6.5,-0.59,10.32,7.88,3.66,3.58,3.91,3.73,15.87,8.08,9.26,6.94,13.17,6.33,6.39,5.99,,13.83,24126000000.0
8084,Ryoden Corporation,Technology,1055.33,2.65,20.26,,1.58,16.38,8.92,-2.6,8.96,5.75,17.49,9.42,-0.19,10.89,28.07,2.47,2.54,3.21,3.6,-1.4,-16.69,-0.5,3.91,5.99,4.34,6.29,7.23,97.89,13.98,33590000000.0
8085,"Narasaki Sangyo Co., Ltd.",Industrials,218.18,3.2,9.9,,8.09,-7.19,12.76,9.27,4.55,13.81,0.28,14.48,11.16,9.52,908.47,2.55,2.73,2.78,2.81,6.91,4.71,7.53,6.76,11.95,7.76,7.91,9.23,93.39,10.69,13493000000.0
8086,Nipro Corporation,Healthcare,2365.7,2.22,19.78,,23.1,28.94,30.83,4.39,27.62,23.1,28.94,30.83,4.39,27.62,0.0,5.7,4.13,3.81,3.25,2.47,9.85,7.63,2.27,2.55,1.08,1.69,0.8,34.07,31.53,97835000000.0
8088,Iwatani Corporation,Industrials,4917.69,2.21,10.31,,2.71,-0.45,2.83,4.18,1.7,12.02,10.66,11.15,10.47,11.28,85.44,4.22,5.23,5.97,4.42,2.89,4.14,-6.44,3.91,4.07,5.0,5.83,6.41,69.36,25.96,27670000000.0
8089,Nice Corporation,Industrials,231.1,4.83,9.09,,-29.84,-39.13,29.96,45.44,-13.0,-13.86,-21.34,43.72,56.06,2.84,-55.75,2.05,1.9,1.95,2.24,6.62,7.61,-4.43,3.18,4.13,3.26,3.99,4.89,56.08,13.98,23822000000.0
8091,"Nichimo Co., Ltd.",Consumer Defensive,205.67,4.13,9.38,,-12.73,-17.73,27.13,-3.76,-1.11,-5.65,-6.54,32.23,4.43,6.68,-93.57,1.97,2.24,1.58,2.27,4.39,4.81,0.73,2.91,3.23,3.74,2.36,3.69,45.42,8.87,6869000000.0
8093,"Kyokuto Boeki Kaisha, Ltd.",Technology,215.5,4.09,12.0,,23.62,-3.7,-4.69,7.37,5.08,23.62,-3.7,-4.69,7.37,5.08,0.0,4.01,3.85,2.56,2.36,21.81,21.35,2.35,4.25,5.85,4.51,2.71,2.53,88.29,18.37,9909000000.0
8095,"Astena Holdings Co., Ltd.",Industrials,212.59,3.44,9.18,,1.03,7.77,-11.86,-17.75,-1.02,15.96,22.8,7.73,-3.49,15.5,137.63,4.81,4.86,2.17,1.65,8.19,11.56,4.73,4.64,5.84,11.65,1.85,0.79,58.69,34.85,10190000000.0
8097,"San-Ai Obbli Co., Ltd.",Energy,1537.16,4.0,16.83,,9.92,-3.79,12.28,8.2,6.14,15.04,0.61,17.71,12.31,11.12,261.91,2.02,1.8,2.56,2.35,-6.55,-0.79,1.81,7.08,12.17,6.78,9.7,9.0,97.92,9.72,49728000000.0
8098,"Inabata & Co.,Ltd.",Basic Materials,2420.87,3.18,11.94,,2.62,5.68,10.63,2.88,6.31,8.71,8.22,12.47,4.1,9.8,38.51,3.14,3.08,2.77,2.76,-0.61,9.38,4.13,5.95,7.78,6.59,5.95,5.91,71.56,10.06,76836000000.0
8101,GSI Creos Corporation,Consumer Cyclical,313.96,4.07,12.57,,15.43,8.64,0.11,-5.7,8.06,15.43,8.64,0.58,-5.48,8.22,27.14,1.91,1.79,1.97,1.4,13.98,13.23,11.55,5.16,6.31,5.5,4.83,3.25,75.14,9.9,7935000000.0
8103,Meiwa Corporation,Industrials,376.4,4.71,12.03,,10.82,11.0,14.43,10.67,12.08,11.71,11.51,15.03,10.8,12.75,5.33,2.51,2.28,1.88,2.33,5.23,-0.98,1.03,6.14,8.18,6.54,4.75,4.72,94.18,8.65,11486000000.0
8104,KUWAZAWA Holdings Corporation,Basic Materials,118.05,3.7,11.06,,21.56,21.75,-11.12,11.15,10.73,21.56,21.75,-11.12,11.15,10.73,0.0,2.13,2.24,2.01,1.33,-0.92,0.89,0.81,4.55,8.94,5.45,4.26,2.61,96.45,15.0,9330000000.0
8105,Bitcoin Japan Corporation,Consumer Cyclical,49.63,0.0,,,-8.5,-7.04,1.25,-5.55,-4.76,-8.35,-6.66,1.51,-5.26,-4.5,3.2,-15.61,-11.46,-5.16,-3.0,-4.51,-16.11,-4.48,-11.7,-47.47,-13.59,-4.56,-3.96,,33.53,3015005000.0
8107,Kimuratan Corporation,Consumer Cyclical,82.61,0.0,,,8.45,3.59,0.37,-0.58,4.14,12.93,4.0,0.81,-0.46,5.91,32.91,3.6,7.67,2.9,-20.41,44.06,36.86,-63.79,1.8,1.89,-3.25,0.43,-10.5,17.88,29.58,413417000.0
8111,Goldwin Inc.,Consumer Cyclical,2985.17,3.23,12.19,,8.8,8.19,6.21,6.77,7.73,8.8,8.19,6.21,6.77,7.73,0.0,18.8,16.56,18.79,19.04,3.94,4.25,10.3,14.9,27.0,16.01,17.59,20.02,99.24,53.05,58497000000.0
8113,Unicharm Corporation,Consumer Defensive,16462.9,2.31,25.75,,6.25,5.94,7.53,3.6,6.57,7.99,8.33,9.87,5.6,8.73,24.7,10.79,13.63,13.88,12.83,-4.42,5.01,4.87,8.51,15.16,11.92,13.36,12.08,98.55,39.1,353371000000.0
8115,"MOONBAT Co.,Ltd.",Consumer Cyclical,60.4,5.06,10.59,,4.26,11.52,13.83,17.71,9.87,5.68,12.97,15.07,17.81,11.24,14.81,5.14,5.88,4.1,1.19,-0.11,12.6,10.74,6.45,7.48,7.39,7.81,1.14,69.48,44.33,1107773000.0
8117,Central Automotive Products Ltd.,Consumer Cyclical,1220.11,3.03,12.57,,7.23,5.23,5.05,2.43,5.84,7.42,6.93,6.19,4.66,6.85,15.19,24.37,26.57,25.85,23.29,12.36,5.66,9.62,12.93,24.16,13.85,14.22,13.88,,42.0,29250222000.0
8118,"KING Co., Ltd.",Consumer Cyclical,188.12,1.53,29.9,,3.76,2.57,3.66,5.99,3.33,7.58,4.68,5.3,8.2,5.85,42.15,10.08,10.6,11.63,12.75,-3.95,-4.57,1.5,2.25,3.87,2.97,2.5,3.36,98.4,57.93,9827000000.0
8119,Sanyei Corporation,Consumer Cyclical,75.09,3.91,13.21,,9.77,48.09,2.57,10.76,20.14,11.81,50.28,7.05,12.96,23.05,28.38,2.83,5.26,3.17,0.62,-8.85,8.65,-5.09,2.32,4.14,7.1,4.22,-2.03,84.82,23.87,8092398000.0
8123,"T.Kawabe & Co., Ltd.",Consumer Cyclical,25.33,3.58,13.56,,21.57,6.3,5.69,30.51,11.19,28.06,15.19,13.58,33.07,18.94,46.58,1.48,2.41,1.93,0.98,2.09,-2.29,4.12,1.21,1.49,3.29,2.05,0.71,78.19,43.25,1783715000.0
8125,"Wakita & Co.,LTD.",Industrials,981.15,5.09,28.31,,12.02,15.39,11.51,-1.8,12.97,12.72,15.91,13.02,4.25,13.88,6.81,5.67,6.92,6.25,7.31,0.98,4.14,12.41,3.29,4.08,3.89,3.22,3.68,98.54,29.37,19763000000.0
8127,Yamato International Inc.,Consumer Cyclical,107.3,2.69,74.02,,-12.29,8.12,3.02,9.52,-0.38,-8.41,9.67,4.41,10.47,1.89,0.55,-1.04,1.24,1.46,0.75,-8.02,1.62,7.23,-0.65,-1.0,1.28,1.69,0.68,96.25,56.37,6380134000.0
8129,"Toho Holdings Co., Ltd.",Healthcare,2627.53,4.43,15.57,,3.7,-12.34,21.37,-0.96,4.24,7.32,-10.15,22.81,-0.0,6.66,11.39,1.05,1.24,1.31,1.18,2.3,2.83,6.08,3.88,5.87,4.82,4.67,3.92,97.83,7.88,94361000000.0
8130,Sangetsu Corporation,Consumer Cyclical,1901.9,4.81,12.98,,5.35,7.26,4.1,7.46,5.57,7.53,10.13,6.74,9.13,8.13,32.15,9.4,9.05,10.06,11.52,3.03,5.54,7.86,10.13,13.82,9.84,12.08,13.31,89.52,31.36,35714000000.0
8131,"Mitsuuroko Group Holdings Co.,Ltd.",Energy,1375.45,2.67,15.26,,1.89,9.41,1.61,4.06,4.3,7.53,13.06,7.66,9.06,9.42,60.6,3.64,2.58,3.99,3.81,-0.05,9.89,-4.51,6.3,9.24,5.33,7.0,6.78,75.76,13.9,44401000000.0
8132,"Sinanen Holdings Co., Ltd.",Energy,830.32,1.59,18.73,,7.93,12.68,-1.14,0.47,6.49,7.93,12.68,-1.14,0.47,6.49,0.0,1.47,1.26,-0.2,0.26,-5.79,-8.95,1.76,5.39,7.33,6.06,-16.37,-0.22,94.33,13.1,16871000000.0
8133,"Itochu Enex Co.,Ltd.",Industrials,2680.57,2.91,16.68,,11.02,5.71,7.52,7.39,8.08,16.81,11.83,12.88,12.98,13.84,42.59,2.67,3.0,1.97,2.17,-7.92,-4.03,-4.81,8.72,13.41,11.42,7.93,9.12,79.89,10.69,64347000000.0
8135,Zett Corporation,Consumer Cyclical,84.37,4.19,8.65,,2.16,23.63,6.58,16.4,10.79,3.38,24.26,8.11,17.47,11.92,19.2,2.14,1.94,1.69,2.01,6.05,6.45,4.15,5.38,12.92,5.22,5.15,5.61,98.56,17.37,9099000000.0
8136,"Sanrio Company, Ltd.",Consumer Cyclical,14670.41,1.32,27.06,,3.2,2.52,1.35,0.72,2.36,3.58,2.78,1.51,0.79,2.62,10.22,40.12,35.65,26.96,18.25,33.94,44.93,37.67,31.8,121.85,26.54,14.47,10.8,92.86,77.32,125433000000.0
8137,Sun-Wa Technos Corporation,Technology,757.18,2.76,22.83,,4.8,11.94,5.43,-0.82,7.39,4.97,12.01,5.58,-0.72,7.52,2.26,2.74,2.51,3.74,4.22,6.27,-15.98,-8.22,4.64,7.81,3.93,7.07,10.06,85.78,14.08,24591000000.0
8138,Sankyo Kasei Corporation,Basic Materials,37.09,2.43,4.93,,28.12,-18.25,30.33,12.5,13.4,29.6,-17.97,32.04,16.39,14.56,2.91,1.89,1.71,1.46,1.27,0.3,3.4,-1.91,3.93,5.39,3.29,3.13,2.22,,9.93,2500149000.0
8139,Nagahori Corporation,Consumer Cyclical,333.23,0.69,30.3,,-5.47,-3.29,-2.17,-0.26,-3.64,-2.91,-2.92,-1.55,-0.06,-2.46,-47.08,5.86,3.16,4.68,3.1,28.35,4.91,23.46,4.49,5.05,2.18,3.34,0.86,49.42,24.52,3086322000.0
8141,"Shinko Shoji Co., Ltd.",Technology,447.66,1.18,40.54,,12.62,70.64,10.16,-2.33,31.14,13.0,70.85,10.49,-2.02,31.45,2.13,1.21,0.55,2.77,3.98,-14.56,-34.03,-1.8,0.83,1.74,0.48,4.7,7.18,92.32,10.56,30333000000.0
8142,"Toho Co., Ltd.",Consumer Defensive,443.71,4.44,8.61,,17.88,14.63,20.97,9.26,17.83,17.88,14.63,20.97,9.26,17.83,0.0,3.02,3.04,3.19,1.69,5.39,0.63,13.62,9.22,11.69,9.58,9.86,10.88,67.74,19.24,11200000000.0
8143,"Lapine Co., Ltd.",Consumer Cyclical,3.92,0.0,,,-120.6,-118.84,-169.24,92.02,-136.23,-120.6,-115.19,-168.38,92.02,-134.72,-1.23,-14.72,-17.65,-14.64,-19.68,-8.28,-12.77,-29.03,-11.3,-14.02,-15.28,-13.83,-20.66,31.68,62.16,490325000.0
8144,"Denkyo Group Holdings Co.,Ltd.",Technology,79.44,3.13,24.16,,-3.29,12.75,-14.95,-7.55,-1.83,-0.4,14.27,-0.89,8.14,4.33,-759.4,0.34,0.2,-0.49,0.11,-4.1,-0.51,3.41,0.39,0.46,0.24,-0.18,0.06,95.94,20.36,4524000000.0
8147,"Tomita Co., Ltd.",Industrials,75.21,1.72,11.27,,24.64,3.67,-11.34,11.98,5.66,25.18,4.71,-10.27,12.39,6.54,4.59,2.96,3.56,2.85,2.76,5.81,1.7,5.54,3.49,8.99,4.09,3.46,3.28,99.01,18.22,7989418000.0
8150,"Sanshin Electronics Co., Ltd.",Technology,406.45,4.25,8.21,,13.12,1.51,12.97,-2.19,9.2,14.04,9.79,14.12,-1.92,12.65,33.11,4.01,3.68,4.1,4.25,9.55,12.23,-12.98,7.53,8.82,6.37,6.52,8.05,75.59,10.7,9680000000.0
8151,TOYO Corporation,Technology,404.35,3.71,16.62,,3.26,5.28,-4.89,-14.4,1.22,5.43,10.17,-0.26,4.52,5.11,-562.4,5.88,9.61,5.23,8.81,-7.09,24.39,6.35,3.78,4.65,8.5,3.56,5.39,94.8,43.64,5740090000.0
8152,SOMAR Corporation,Basic Materials,139.52,1.38,9.18,,7.58,3.54,11.6,-6.96,7.57,14.64,11.04,16.51,-2.74,14.06,48.63,8.35,8.47,6.74,3.18,2.76,13.93,6.34,5.59,9.32,7.91,7.57,3.03,79.13,21.85,11391043000.0
8153,"Mos Food Services, Inc.",Consumer Cyclical,1199.25,0.87,26.21,,3.91,3.82,4.79,-2.47,4.17,7.69,6.13,8.47,1.19,7.43,43.41,6.38,5.43,4.5,0.05,6.85,3.36,9.4,7.39,13.59,6.21,4.75,-0.22,90.9,46.47,28391000000.0
8154,"Kaga Electronics Co.,Ltd.",Technology,2583.12,2.73,8.63,,-2.72,7.5,9.15,10.22,4.64,-0.96,9.7,11.38,11.83,6.71,-47.26,4.22,4.31,4.76,5.3,20.29,0.94,-10.75,8.14,12.34,8.47,10.27,13.51,77.29,12.95,89847000000.0
8157,"Tsuzuki Denki Co., Ltd.",Industrials,794.24,4.45,12.24,,6.32,2.65,5.05,4.0,4.67,7.96,4.29,6.24,5.37,6.16,25.98,7.88,6.6,5.16,4.13,5.56,-21.3,0.77,10.25,45.35,8.76,8.77,7.78,85.0,24.07,43467000000.0
8158,"Soda Nikka Co., Ltd.",Basic Materials,304.47,3.33,12.97,,5.1,1.32,2.9,-1.89,3.11,6.73,10.82,11.26,0.71,9.6,62.1,3.73,3.24,3.45,2.78,2.37,1.58,2.22,4.58,5.89,4.28,4.27,3.74,95.63,14.42,8116000000.0
8159,"Tachibana Eletech Co., Ltd.",Technology,969.18,2.8,13.37,,6.13,16.06,0.74,-0.7,7.64,8.12,16.99,2.19,-0.29,9.1,32.07,3.3,3.74,4.66,4.54,3.36,-4.73,1.66,4.49,5.82,5.33,7.2,8.0,91.03,12.92,26186000000.0
8160,"Kisoji Co., Ltd.",Consumer Cyclical,669.64,1.25,38.69,,5.06,-0.92,2.47,-1.38,2.2,8.11,2.14,6.34,3.04,5.53,80.55,5.34,5.09,4.24,-1.26,2.52,0.46,15.36,4.77,7.9,9.44,4.96,-1.55,80.92,68.43,15368000000.0
8163,"SRS Holdings Co.,Ltd.",Consumer Cyclical,618.67,0.66,40.57,,2.96,2.21,2.44,0.15,2.54,7.87,5.94,6.02,3.36,6.61,61.57,3.99,3.97,3.58,-1.11,13.25,12.04,10.5,5.43,8.9,5.14,8.3,-2.41,54.04,65.6,13287030000.0
8165,"Senshukai Co., Ltd.",Consumer Cyclical,47.24,0.0,0.79,,-75.1,-82.78,-89.58,-161.57,-82.49,-65.09,-73.22,-82.57,-124.23,-73.63,-12.31,-6.14,-7.53,-11.28,-13.81,-8.26,-6.84,-16.45,-14.68,-24.47,-21.82,-27.05,-31.79,96.09,50.71,6937000000.0
8166,"Taka-Q Co., Ltd.",Consumer Cyclical,32.5,0.0,6.44,,-9.71,-6.39,-9.98,-1.31,-8.69,-4.62,-3.02,-7.95,4.6,-5.2,-82.27,0.23,2.11,-0.4,-6.56,-10.19,-3.76,-16.28,0.48,1.11,7.08,-5.75,-40.11,91.08,61.84,2039848000.0
8167,"Retail Partners Co., Ltd.",Consumer Defensive,599.74,2.81,12.11,,16.06,14.74,19.18,13.67,16.66,16.06,14.74,19.18,13.67,16.66,0.0,2.33,2.56,2.68,2.25,4.29,5.78,7.4,4.37,5.8,4.81,4.8,3.73,87.13,26.64,26018000000.0
8173,Joshin Corporation,Consumer Cyclical,1152.94,2.26,35.12,,7.49,8.73,-3.7,-1.88,4.17,11.35,14.2,1.98,6.17,9.18,119.95,1.24,0.91,2.07,2.03,8.28,-0.11,-1.17,2.33,2.41,1.47,3.36,3.69,76.04,24.68,4529000000.0
8174,"Nippon Gas Co., Ltd.",Utilities,3284.4,1.22,22.98,,6.21,5.96,4.2,3.63,5.46,8.58,8.5,7.14,5.97,8.07,32.9,10.21,9.27,8.98,7.28,4.21,2.93,-6.53,13.62,17.41,11.95,11.1,9.78,56.64,36.81,23929000000.0
8179,"ROYAL HOLDINGS Co., Ltd.",Consumer Cyclical,1290.81,1.35,21.98,,4.34,1.92,5.52,4.17,3.93,12.22,8.03,9.71,5.72,9.99,61.23,4.65,4.84,4.38,2.11,8.77,9.51,33.58,9.7,12.78,10.43,8.49,3.38,54.71,71.08,19554000000.0
8181,"Totenko Co., Ltd.",Consumer Cyclical,25.94,1.51,4.19,,18.52,23.86,18.95,-9.77,20.44,24.18,28.02,20.15,-9.73,24.12,14.74,10.72,10.4,9.08,-16.38,2.06,0.67,26.32,6.76,8.29,4.92,3.92,-6.47,84.38,60.02,1873805000.0
8185,"Chiyoda Co., Ltd.",Consumer Cyclical,340.17,5.38,12.05,,-15.19,5.55,6.19,-12.61,-1.15,-12.14,8.3,8.78,-8.76,1.65,12.51,1.34,2.39,1.15,-2.42,-11.39,-1.59,1.3,0.43,0.86,5.59,2.03,-4.94,98.79,47.09,26398000000.0
8194,Life Corporation,Consumer Defensive,2347.22,2.61,12.48,,26.36,-0.16,10.89,0.77,12.36,31.73,9.51,17.77,10.18,19.67,52.44,2.95,2.97,2.98,2.5,3.62,5.04,5.79,10.7,12.5,8.45,9.45,7.12,84.97,33.95,26592000000.0
8198,"Maxvalu Tokai Co.,Ltd.",Consumer Defensive,1082.53,2.52,10.56,,12.17,-0.64,10.97,3.16,7.5,18.17,9.02,16.84,9.7,14.68,58.35,3.52,3.73,3.68,2.93,2.0,2.91,4.45,10.91,12.55,11.03,10.81,8.9,,28.46,12882000000.0
8200,"Ringer Hut Co.,Ltd.",Consumer Cyclical,586.44,0.57,33.98,,1.69,1.52,1.59,-1.21,1.6,5.02,5.32,4.94,2.33,5.09,68.55,3.15,3.87,2.5,-0.77,2.94,8.92,6.56,7.24,8.07,5.61,3.8,-5.76,62.5,65.75,2375178000.0
8202,"Laox Holdings CO.,LTD.",Consumer Cyclical,136.21,2.68,39.21,,-7.42,-3.71,-7.48,-17.11,-6.2,-2.41,-0.51,-1.37,-15.23,-1.43,-424.86,0.12,0.23,0.47,0.09,-6.47,2.21,9.18,0.37,0.56,0.55,1.1,0.21,87.69,34.3,8962000000.0
8203,Mr Max Holdings Ltd.,Consumer Defensive,251.27,3.86,9.29,,-1.45,13.03,4.35,3.77,5.31,16.0,21.65,15.66,15.8,17.77,73.7,3.01,2.8,2.33,3.65,8.14,5.4,2.1,5.14,5.33,4.78,4.74,6.74,63.78,24.84,2110000000.0
8207,"Ten Allied Co.,Ltd.",Consumer Cyclical,120.9,0.0,,,-1.6,1.29,0.59,-4.47,0.09,0.41,2.43,2.46,-2.59,1.77,206.17,-1.0,1.95,1.51,-14.0,1.73,6.65,17.46,-3.21,-8.16,3.51,1.22,-27.84,66.6,70.17,2567456000.0
8214,AOKI Holdings Inc.,Consumer Cyclical,1467.21,6.92,15.36,,3.62,7.5,3.88,8.27,5.0,12.02,14.81,11.99,11.91,12.94,62.29,8.71,8.12,7.38,5.81,0.96,2.65,6.55,6.13,7.25,6.04,4.72,4.05,84.67,42.61,27008000000.0
8217,"Okuwa Co., Ltd.",Consumer Cyclical,326.68,3.25,125.27,,23.32,20.19,29.67,18.16,24.39,23.32,20.19,29.67,18.16,24.39,0.0,0.75,0.53,1.17,1.19,1.0,1.12,0.2,0.71,0.81,1.31,1.66,2.55,77.95,31.48,11374000000.0
8218,"Komeri Co.,Ltd.",Consumer Cyclical,1821.78,1.48,12.69,,3.33,3.04,3.31,4.72,3.23,13.08,12.69,11.73,10.91,12.5,74.11,5.98,5.91,5.96,6.87,1.63,2.28,-2.28,5.47,5.71,5.39,5.54,6.87,88.63,34.54,12130000000.0
8219,"Aoyama Trading Co., Ltd.",Consumer Cyclical,,5.02,15.88,,,,,,,,,,,,,5.6,6.42,6.15,4.03,-3.42,1.05,4.37,3.02,3.97,3.72,4.03,2.02,70.91,51.94,59513000000.0
8225,"Takachiho Co.,Ltd.",Consumer Cyclical,25.84,2.98,7.78,,18.95,11.1,10.84,13.67,13.63,23.45,14.58,12.9,15.17,16.98,19.68,5.01,5.12,5.48,4.49,13.52,6.5,9.29,10.23,15.59,9.59,13.91,13.2,71.58,28.48,1133686000.0
8226,Rikei Corporation,Technology,60.48,1.75,8.1,,16.7,-6.06,-16.81,-16.02,-2.06,17.66,-5.33,-16.26,-15.9,-1.31,-3.91,6.33,5.95,4.68,2.13,4.33,54.35,17.95,9.43,17.01,8.92,5.72,2.11,55.68,19.08,4111943000.0
8227,"SHIMAMURA Co., Ltd.",Consumer Cyclical,6677.0,2.5,15.9,,3.57,6.16,5.0,5.57,4.91,7.2,7.91,6.16,6.22,7.09,30.44,8.77,8.88,8.69,8.63,5.2,4.75,3.07,8.74,21.47,8.86,9.07,9.19,,34.97,296995000000.0
8230,"Hasegawa Co., Ltd.",Consumer Cyclical,56.03,4.9,19.21,,-1.21,-29.58,-5.09,8.8,-11.96,7.62,2.68,11.42,18.49,7.24,488.38,3.66,5.68,7.59,8.21,-0.5,-0.34,-1.43,2.16,2.53,5.25,7.58,8.67,75.06,63.85,2467000000.0
8233,"Takashimaya Company, Limited",Consumer Cyclical,6255.86,1.89,16.21,,1.37,6.98,5.06,1.68,4.47,8.61,11.59,9.52,5.83,9.91,56.85,10.87,11.54,9.86,7.34,-1.23,6.94,5.12,4.64,5.2,6.06,5.64,4.29,53.69,60.85,79187000000.0
8237,"Matsuya Co., Ltd.",Consumer Cyclical,1120.85,0.55,52.67,,2.84,-1.29,-0.33,-1.51,0.41,4.21,2.74,2.05,2.1,3.0,98.55,5.78,9.33,7.22,1.02,-5.02,16.65,19.92,3.26,3.61,5.85,6.37,0.73,51.86,54.28,4744000000.0
8242,H2O Retailing Corporation,Consumer Defensive,3212.67,1.69,11.25,,7.06,4.76,5.84,-0.13,5.89,15.04,14.4,15.36,9.43,14.93,60.66,4.76,5.06,3.98,1.81,-0.23,3.71,4.67,6.32,7.26,5.27,6.53,2.26,69.04,45.31,57812000000.0
8244,"Kintetsu Department Store Co., Ltd.",Consumer Cyclical,763.84,1.06,20.25,,13.89,3.14,8.63,6.12,8.55,19.94,8.81,13.31,9.9,14.02,43.28,5.36,4.65,3.44,1.45,8.99,1.41,5.25,8.67,9.6,8.71,6.45,3.24,95.54,50.83,4658000000.0
8247,"Daiwa Co.,Ltd.",Consumer Cyclical,20.75,0.0,,,42.11,6.79,-7.0,19.64,13.97,52.71,32.07,19.77,27.44,34.85,78.12,1.19,1.19,1.35,0.65,-2.74,-0.62,4.32,0.95,1.19,1.25,2.21,0.34,45.21,53.02,2562620000.0
8252,"Marui Group Co., Ltd.",Financial Services,5028.91,4.68,18.24,,-9.14,-0.89,7.56,3.32,-0.82,-9.14,-0.89,7.56,3.32,-0.82,0.0,18.14,17.5,17.44,17.8,8.83,8.15,7.97,3.61,3.83,3.43,3.18,3.1,22.69,87.51,53548000000.0
8253,"Credit Saison Co., Ltd.",Financial Services,6678.53,3.49,10.95,,-23.03,-40.43,-34.84,-21.82,-32.77,-20.31,-37.31,-31.95,-19.48,-29.86,-10.25,36.34,32.73,28.27,24.64,10.98,17.11,9.88,3.17,3.26,2.84,2.36,1.99,17.65,86.54,112317000000.0
8254,"Saikaya Department Store Co.,Ltd.",Consumer Cyclical,18.93,1.68,44.71,,-4.72,-2.58,15.63,-56.89,2.78,21.67,13.72,19.39,-46.07,18.26,86.66,2.48,2.23,2.77,-2.52,-6.41,-4.89,-62.32,1.16,1.37,1.1,0.98,-3.88,13.97,49.54,1434255000.0
8255,Axial Retailing Inc.,Consumer Defensive,1171.74,2.2,13.52,,10.65,3.53,4.61,2.49,6.26,14.46,10.08,14.59,10.75,13.04,53.26,4.13,4.28,4.36,4.1,4.85,4.31,5.98,8.76,12.8,9.44,9.45,8.46,97.94,28.6,30715000000.0
8260,"Izutsuya Co., Ltd.",Consumer Cyclical,43.22,1.81,8.84,,33.78,20.8,31.21,36.16,28.6,42.36,31.67,44.23,46.52,39.42,28.01,2.91,4.71,4.45,5.23,-3.95,-1.61,-0.23,2.34,2.62,5.42,3.89,4.19,49.94,50.42,2646000000.0
8267,"Aeon Co., Ltd.",Consumer Cyclical,35966.12,1.08,48.31,,31.32,15.74,10.25,12.06,19.1,31.32,15.74,10.25,12.06,19.1,0.0,2.52,2.35,2.63,2.3,5.73,6.08,4.79,3.1,6.23,2.22,3.27,2.53,35.02,36.49,2639139000000.0
8273,"Izumi Co., Ltd.",Consumer Cyclical,2066.31,3.07,12.38,,21.14,10.42,1.51,12.66,11.02,31.22,19.51,15.28,18.54,22.0,56.33,4.78,4.91,6.67,7.31,8.62,11.24,2.4,4.26,4.57,3.82,6.14,6.73,72.7,39.07,28088000000.0
8275,Forval Corporation,Technology,262.7,3.2,17.76,,8.39,12.72,5.91,9.41,9.01,11.7,15.76,12.06,12.5,13.17,32.86,5.21,5.15,5.09,4.1,-1.52,14.33,6.7,10.34,28.88,11.28,9.56,9.08,90.1,36.86,13306388000.0
8276,"Heiwado Co.,Ltd.",Consumer Cyclical,1327.37,2.48,14.18,,0.32,5.12,2.59,0.76,2.68,13.4,17.31,17.1,11.82,15.94,84.29,2.92,3.0,3.12,2.71,2.5,4.58,2.35,4.27,4.78,4.53,4.03,3.42,90.45,36.4,23227000000.0
8278,"Fuji Co., Ltd.",Consumer Cyclical,1764.12,1.47,21.57,,11.0,-0.02,8.32,1.75,6.43,21.39,9.49,17.35,13.7,16.08,66.95,1.38,1.6,1.89,1.44,0.66,0.99,2.05,4.24,4.97,2.35,3.42,2.74,85.49,30.67,38943000000.0
8281,"Xebio Holdings Co., Ltd.",Consumer Cyclical,470.51,3.09,9.96,,-0.27,6.67,-6.08,2.93,0.11,20.58,25.63,9.08,14.92,18.43,114.06,0.94,2.8,1.73,3.48,0.69,3.37,1.31,2.05,2.36,1.78,1.96,4.06,90.8,37.69,15808000000.0
8282,K's Holdings Corporation,Consumer Cyclical,2898.62,2.55,20.32,,9.77,8.74,10.82,-7.45,9.78,12.94,12.48,16.85,-0.75,14.09,30.09,3.53,2.95,2.61,4.09,2.94,2.74,-2.57,6.59,7.06,4.82,2.87,5.78,81.09,27.67,19158000000.0
8285,"Mitani Sangyo Co., Ltd.",Industrials,506.11,1.92,13.94,,13.51,4.14,8.7,4.1,8.78,16.92,8.37,11.07,7.23,12.12,30.71,2.88,2.02,1.75,1.09,14.03,7.53,6.02,3.67,4.25,2.24,1.7,0.89,83.11,19.32,9026000000.0
8291,"Nissan Tokyo Sales Holdings Co., Ltd.",Consumer Cyclical,332.98,4.8,12.19,,-6.99,-24.7,11.57,-2.18,-6.71,19.26,14.77,33.6,9.29,22.54,156.39,3.69,5.23,5.85,4.65,-8.9,-4.95,8.22,4.08,5.22,7.26,9.12,7.61,79.19,24.95,15654000000.0
8303,"SBI Shinsei Bank, Limited",Financial Services,14360.53,1.27,11.78,,131.94,137.11,81.75,90.18,116.93,133.29,138.2,82.74,91.01,118.08,1.0,,,,,18.44,9.53,17.56,,,,,,,0.0,4787504000000.0
8304,"Aozora Bank, Ltd.",Financial Services,40141.96,2.76,19.01,,3.12,-1.57,3.15,-1.68,1.57,3.3,-1.42,3.34,-1.53,1.74,0.12,,,,,14.06,2.51,1.13,,,,,,,0.0,1508492000000.0
8306,"Mitsubishi UFJ Financial Group, Inc.",Financial Services,418039.11,2.69,15.7,,-56.78,-1.08,-24.66,31.17,-27.51,-55.17,0.02,-23.55,32.13,-26.23,2370.55,,,,,9.98,16.3,-2.93,,,,,,,0.0,90045500000000.0
8308,"Resona Holdings, Inc.",Financial Services,56867.35,1.53,22.34,,-83.82,-5.64,-13.26,-91.93,-34.24,-83.31,-5.16,-12.9,-91.57,-33.79,-4.23,,,,,16.72,14.34,2.8,,,,,,,0.0,13785507000000.0
8309,"Sumitomo Mitsui Trust Group, Inc.",Financial Services,49612.25,2.7,13.65,,22.77,78.43,85.02,51.47,62.07,24.6,80.15,86.56,52.73,63.77,3.78,,,,,2.5,24.76,6.61,,,,,,,0.0,24040669000000.0
8316,"Sumitomo Mitsui Financial Group, Inc.",Financial Services,262888.09,1.35,15.86,,-40.93,17.05,0.95,-23.56,-7.64,-39.12,18.44,2.45,-22.42,-6.08,21.3,,,,,14.32,14.28,19.19,,,,,,,0.0,73696930000000.0
8331,"The Chiba Bank, Ltd.",Financial Services,19593.9,2.34,19.39,,-68.5,0.48,39.69,-1.61,-9.44,-67.3,1.24,40.21,-1.04,-8.62,20.29,,,,,22.36,13.03,0.09,,,,,,,0.0,2680390000000.0
8334,"The Gunma Bank, Ltd.",Financial Services,12142.27,2.33,20.72,,-14.52,-49.68,-33.09,-54.52,-32.43,-13.83,-49.18,-32.49,-54.04,-31.83,-2.63,,,,,20.89,5.75,-0.77,,,,,,,0.0,1359989000000.0
8336,"The Musashino Bank, Ltd.",Financial Services,2869.59,2.88,19.02,,-5.83,-10.96,-11.53,-79.43,-9.44,-4.84,-9.86,-10.34,-78.62,-8.35,-14.34,,,,,20.29,0.25,-2.86,,,,,,,0.0,217459000000.0
8337,"The Chiba Kogyo Bank, Ltd.",Financial Services,1594.38,0.75,26.29,,21.22,7.47,6.44,-271.12,11.71,22.81,8.62,8.27,-269.84,13.23,14.18,,,,,15.04,-0.77,7.28,,,,,,,0.0,225696000000.0
8338,"Tsukuba Bank, Ltd.",Financial Services,649.39,0.69,9.85,,-217.87,-37.22,8.62,-405.72,-82.16,-214.95,-35.47,11.07,-403.35,-79.78,5.29,,,,,13.97,-3.46,10.99,,,,,,,0.0,164257000000.0
8341,"The 77 Bank, Ltd.",Financial Services,9363.43,2.57,17.32,,-48.76,-36.35,-11.44,-73.1,-32.18,-48.55,-36.01,-11.08,-72.82,-31.88,-1.55,,,,,17.71,10.06,23.9,,,,,,,0.0,601976000000.0
8343,"The Akita Bank, Ltd.",Financial Services,1824.27,0.42,23.69,,-35.36,-72.25,-29.46,-92.2,-45.69,-34.75,-71.53,-28.72,-91.62,-45.0,-1.78,,,,,7.51,21.73,-10.65,,,,,,,0.0,369134000000.0
8344,"The Yamagata Bank, Ltd.",Financial Services,1746.93,1.87,27.3,,10.37,-26.55,-84.43,-269.87,-33.54,15.14,-24.48,-83.2,-268.65,-30.85,7.2,,,,,13.88,-4.01,5.15,,,,,,,0.0,190890000000.0
8345,"The Bank of Iwate, Ltd.",Financial Services,2006.78,2.12,22.53,,10.54,-76.52,-17.57,-56.17,-27.85,11.25,-75.96,-16.91,-55.66,-27.21,0.55,,,,,53.9,7.24,-8.6,,,,,,,0.0,389094000000.0
8346,"The Toho Bank, Ltd.",Financial Services,2741.26,2.08,22.19,,-34.3,-77.27,39.88,-280.16,-23.9,-32.94,-75.58,41.69,-277.19,-22.28,-0.68,,,,,16.5,11.54,1.01,,,,,,,0.0,946713000000.0
8349,"The Tohoku Bank, Ltd.",Financial Services,156.57,3.05,15.83,,29.77,-100.51,377.77,-711.85,102.34,35.08,-96.35,382.65,-708.32,107.13,4.04,,,,,10.34,-2.39,9.89,,,,,,,0.0,68251000000.0
8354,"Fukuoka Financial Group, Inc.",Financial Services,15133.61,2.74,17.72,,-17.28,-34.6,96.38,-8.59,14.83,-15.56,-33.3,97.85,-7.35,16.33,-4.49,,,,,38.07,9.38,3.59,,,,,,,0.0,7097546000000.0
8358,Suruga Bank Ltd.,Financial Services,4866.91,2.13,14.56,,-31.05,-43.26,-19.59,4.56,-31.3,-30.44,-42.84,-19.12,5.03,-30.8,-1.8,,,,,2.31,8.0,10.65,,,,,,,0.0,433998000000.0
8359,"Hachijuni Nagano Bank, Ltd.",Financial Services,12909.37,2.39,20.13,,-34.12,-49.54,35.24,-45.59,-16.14,-34.12,-49.54,35.24,-45.59,-16.14,0.0,,,,,20.56,19.96,-3.76,,,,,,,0.0,2818818000000.0
8360,"The Yamanashi Chuo Bank,Ltd.",Financial Services,2338.16,0.45,23.4,,-95.6,-7.42,-125.17,-126.63,-76.06,-94.53,-6.18,-124.36,-125.69,-75.02,-7.29,,,,,32.62,2.5,-5.83,,,,,,,0.0,282651000000.0
8361,"The Ogaki Kyoritsu Bank, Ltd.",Financial Services,3635.87,0.36,19.01,,2.01,1.62,-32.45,-343.16,-9.61,2.95,2.73,-30.94,-341.89,-8.42,22.51,,,,,31.55,-4.6,9.17,,,,,,,0.0,836506000000.0
8362,"The Fukui Bank, Ltd.",Financial Services,1935.07,1.93,22.49,,-26.74,57.28,14.61,-134.49,15.05,-26.14,57.92,15.7,-133.72,15.83,1.9,,,,,16.43,10.18,1.57,,,,,,,0.0,800280000000.0
8364,"The Shimizu Bank, Ltd.",Financial Services,371.26,1.94,18.5,,-30.57,193.25,-389.17,154.6,-75.5,-27.5,198.93,-385.98,157.1,-71.52,-3.06,,,,,7.98,1.31,2.75,,,,,,,0.0,225088000000.0
8365,"The Bank of Toyama, Ltd.",Financial Services,129.22,2.33,12.34,,68.53,-34.38,16.86,-153.83,17.0,72.52,-31.28,20.44,-148.74,20.56,4.36,,,,,36.13,-7.92,-6.53,,,,,,,0.0,31806000000.0
8366,"The Shiga Bank, Ltd.",Financial Services,6942.36,1.75,32.76,,-0.62,-59.96,65.12,-70.37,1.51,0.34,-58.43,65.29,-69.64,2.4,93.73,,,,,18.46,5.52,-3.45,,,,,,,0.0,1011233000000.0
8367,"The Nanto Bank, Ltd.",Financial Services,3279.46,2.79,19.21,,-135.16,-54.78,-9.45,-158.61,-66.46,-133.01,-51.2,-7.96,-156.69,-64.06,-9.09,,,,,8.04,22.49,2.72,,,,,,,0.0,435470000000.0
8368,"The Hyakugo Bank, Ltd.",Financial Services,6290.61,1.71,23.66,,3.83,-113.92,12.59,-88.91,-32.5,4.6,-112.89,13.38,-88.46,-31.64,7.24,,,,,28.07,-1.06,14.35,,,,,,,0.0,658273000000.0
8370,"The Kiyo Bank, Ltd.",Financial Services,3471.88,2.0,15.87,,-3.47,-54.78,32.1,-168.58,-8.72,-2.38,-53.63,33.14,-167.72,-7.62,-15.01,,,,,15.46,17.6,-6.38,,,,,,,0.0,837737000000.0
8377,"Hokuhoku Financial Group, Inc.",Financial Services,10501.46,0.18,18.25,,6.18,-73.89,5.67,-140.35,-20.68,8.14,-73.1,7.85,-139.66,-19.04,16.92,,,,,23.27,5.11,-1.99,,,,,,,0.0,3558769000000.0
8381,"The San-in Godo Bank,Ltd.",Financial Services,3962.95,2.64,17.75,,32.04,219.09,15.42,-65.59,88.85,34.39,220.0,16.02,-64.74,90.14,3.66,,,,,7.47,4.54,5.48,,,,,,,0.0,1630970000000.0
8383,"The Tottori Bank, Ltd.",Financial Services,184.94,2.62,11.68,,-27.37,-205.44,301.27,-208.65,22.82,-25.58,-203.53,306.35,-206.56,25.75,-2.09,,,,,4.36,7.31,6.4,,,,,,,0.0,71205000000.0
8386,"The Hyakujushi Bank, Ltd.",Financial Services,3669.72,2.25,19.53,,-39.51,-36.75,-26.26,-42.14,-34.17,-38.17,-35.62,-25.19,-41.46,-32.99,-3.65,,,,,21.88,11.95,-13.06,,,,,,,0.0,919077000000.0
8387,"The Shikoku Bank, Ltd.",Financial Services,1941.33,1.97,11.09,,-15.0,43.68,-45.14,-187.52,-5.49,-13.98,44.51,-44.11,-186.59,-4.53,-2.6,,,,,23.78,-3.52,-13.59,,,,,,,0.0,296385000000.0
8388,"The Awa Bank, Ltd.",Financial Services,4291.97,0.35,27.81,,2.44,5.84,-8.08,-75.92,0.07,3.16,6.57,-7.33,-74.97,0.8,7.95,,,,,17.55,6.36,-16.33,,,,,,,0.0,346435000000.0
8392,"The Oita Bank, Ltd.",Financial Services,2483.5,1.61,23.65,,-88.88,-48.38,52.82,-39.81,-28.15,-87.72,-47.6,53.43,-38.63,-27.3,-0.61,,,,,19.99,5.02,-0.82,,,,,,,0.0,618940000000.0
8393,"The Miyazaki Bank, Ltd.",Financial Services,2479.65,2.03,17.73,,-45.17,-51.13,0.8,-80.12,-31.83,-44.6,-50.12,1.97,-79.15,-30.92,18.7,,,,,10.14,7.85,-7.2,,,,,,,0.0,772172000000.0
8395,The Bank of Saga Ltd.,Financial Services,1196.59,1.64,14.14,,-66.75,-23.12,92.48,-158.93,0.87,-63.05,-19.83,94.48,-157.8,3.87,-6.78,,,,,25.85,8.16,5.46,,,,,,,0.0,278282000000.0
8399,"Bank of The Ryukyus, Limited",Financial Services,1406.52,2.98,15.49,,9.34,-116.92,-36.45,-40.24,-48.01,15.44,-107.75,-26.49,-37.16,-39.6,-2.19,,,,,10.96,7.35,8.72,,,,,,,0.0,161544000000.0
8410,"Seven Bank, Ltd.",Financial Services,4049.45,3.23,28.56,,14.24,-20.73,15.18,10.19,2.9,20.73,-9.6,24.88,16.44,12.0,-15.22,,,,,3.11,9.33,28.58,,,,,,,0.0,896249000000.0
8411,"Mizuho Financial Group, Inc.",Financial Services,208801.62,1.81,15.39,,-24.7,-19.95,7.8,41.59,-12.28,-23.17,-18.3,9.03,42.47,-10.81,-0.66,,,,,15.82,22.69,11.27,,,,,,,0.0,61567751000000.0
8416,"The Bank Of Kochi, Ltd.",Financial Services,118.83,2.23,24.85,,181.62,213.03,-199.52,-277.44,65.04,192.66,217.63,-185.74,-269.1,74.85,0.14,,,,,12.63,0.37,0.92,,,,,,,0.0,98659000000.0
8418,"Yamaguchi Financial Group, Inc.",Financial Services,7154.38,2.8,22.6,,-35.83,85.33,3.31,-20.66,17.6,-34.26,85.97,4.47,-20.04,18.73,7.36,,,,,23.08,18.06,8.79,,,,,,,0.0,1663969000000.0
8424,"Fuyo General Lease Co., Ltd.",Industrials,4128.52,3.82,19.26,,-39.95,-33.03,-27.15,-5.85,-33.38,-39.95,-33.03,-27.15,-5.85,-33.38,0.0,5.14,9.55,8.47,7.49,16.26,-4.25,2.89,0.72,0.89,1.36,1.44,1.28,16.22,13.09,670695000000.0
8425,"Mizuho Leasing Company, Limited",Financial Services,3860.97,3.82,8.11,,-4.77,-101.87,-49.78,-30.51,-52.14,-4.77,-101.87,-49.78,-30.51,-52.14,0.0,4.85,7.04,6.02,6.0,32.52,5.99,23.87,0.86,1.01,0.94,0.94,0.87,11.51,9.64,566710000000.0
8439,Tokyo Century Corporation,Industrials,13394.52,3.37,12.06,,-5.74,3.84,-13.2,-2.35,-5.03,-5.74,3.84,-13.2,-2.35,-5.03,0.0,10.17,8.55,7.74,6.88,6.51,1.67,1.6,1.8,2.01,1.29,1.3,0.71,19.46,22.52,649566000000.0
8473,"SBI Holdings, Inc.",Financial Services,21318.0,3.23,5.28,,77.52,68.35,61.09,43.3,68.99,79.5,70.77,63.13,45.07,71.13,3.05,25.18,20.26,11.34,12.14,31.37,19.27,26.49,4.52,16.55,2.81,1.92,1.74,24.82,57.76,6400580000000.0
8508,"J Trust Co., Ltd.",Financial Services,1061.8,2.1,7.66,,4.99,13.27,-45.43,45.4,-9.06,10.01,16.13,-44.33,46.64,-6.06,21.81,8.77,4.99,7.05,17.78,-2.46,11.48,39.3,4.02,17.03,2.33,6.57,7.38,69.24,36.15,185654000000.0
8511,"Japan Securities Finance Co., Ltd.",Financial Services,2041.75,3.79,19.47,,66.0,-262.2,187.72,148.36,-2.83,66.14,-262.07,187.79,148.67,-2.71,0.07,,,,,10.89,2.86,-4.63,,,,,,0.99,22.07,1559712000000.0
8518,"Japan Asia Investment Co., Ltd.",Financial Services,42.6,0.0,,,-3.03,33.49,10.7,3.69,13.72,-3.03,33.49,10.7,3.69,13.72,0.0,-13.13,9.02,-39.03,4.05,-31.53,26.51,-36.88,-1.58,-2.83,1.37,-6.22,1.29,49.85,32.59,7824000000.0
8522,"The Bank of Nagoya, Ltd.",Financial Services,3675.01,2.8,18.13,,37.12,59.1,21.26,-92.96,39.16,38.15,59.71,23.0,-92.45,40.29,3.77,,,,,12.1,-0.52,26.53,,,,,,,0.0,767469000000.0
8524,"North Pacific Bank,Ltd.",Financial Services,5144.11,2.43,20.26,,-75.03,-14.64,191.25,-265.68,33.86,-72.92,-13.12,192.09,-264.79,35.35,-4.67,,,,,51.71,8.59,5.13,,,,,,,0.0,2282601000000.0
8537,"The Taiko Bank, Ltd.",Financial Services,320.2,3.28,11.43,,10.15,125.57,2.29,-436.06,46.0,13.39,127.83,4.99,-435.35,48.74,26.71,,,,,25.33,-3.97,0.78,,,,,,,0.0,143404000000.0
8541,"The Ehime Bank, Ltd.",Financial Services,1445.8,1.38,19.56,,64.08,29.41,-19.57,-53.15,24.64,65.07,30.51,-17.27,-51.61,26.1,-2.74,,,,,4.82,1.75,12.85,,,,,,,0.0,346760000000.0
8542,"Tomato Bank, Ltd.",Financial Services,221.04,2.63,19.15,,40.44,36.62,28.59,-500.43,35.22,43.82,39.09,30.79,-498.78,37.9,7.05,,,,,-3.57,4.27,4.99,,,,,,,0.0,108987000000.0
8544,"The Keiyo Bank, Ltd.",Financial Services,3494.87,2.33,23.01,,-33.29,-25.62,-53.31,-148.21,-37.41,-32.07,-23.88,-52.0,-145.98,-35.98,-4.54,,,,,26.87,8.97,11.31,,,,,,,0.0,869308000000.0
8550,"The Tochigi Bank, Ltd.",Financial Services,1257.92,2.68,15.16,,-142.34,-82.66,9.02,-232.29,-71.99,-136.08,-77.67,11.57,-231.25,-67.39,3.66,,,,,11.94,-7.42,-0.63,,,,,,,0.0,465687000000.0
8551,"The Kita-Nippon Bank, Ltd.",Financial Services,729.11,0.76,17.47,,24.46,-24.61,-39.2,-290.85,-13.12,27.29,-23.41,-37.52,-289.33,-11.21,0.25,,,,,9.67,-14.69,25.24,,,,,,,0.0,124393000000.0
8558,"The Towa Bank, Ltd.",Financial Services,561.67,3.34,,,-1.7,-34.72,-2.86,-376.07,-13.09,2.47,-28.31,1.68,-372.79,-8.05,138.99,,,,,13.54,0.03,1.38,,,,,,,0.0,281491000000.0
8562,"The Fukushima Bank, Ltd.",Financial Services,138.79,1.3,19.32,,-168.27,-119.23,3.1,-55.26,-94.8,-166.71,-109.51,8.53,-53.54,-89.23,17.96,,,,,2.99,-2.88,0.24,,,,,,,0.0,31279000000.0
8563,"The Daito Bank, Ltd.",Financial Services,152.33,3.39,9.06,,-38.53,-206.74,-66.8,-613.24,-104.02,-34.71,-205.07,-59.82,-609.37,-99.87,-7.83,,,,,8.16,-5.75,2.61,,,,,,,0.0,34323000000.0
8566,"Ricoh Leasing Company, Ltd.",Financial Services,2139.22,2.71,16.7,,-24.18,-44.13,-0.35,-7.9,-22.89,-24.18,-44.13,-0.35,-7.9,-22.89,0.0,6.09,6.96,6.81,7.1,8.46,1.24,3.16,1.03,1.04,1.22,1.3,1.33,17.78,14.82,7208000000.0
8570,"AEON Financial Service Co., Ltd.",Financial Services,3501.64,3.31,16.6,,76.18,87.89,-27.37,20.35,45.57,86.72,99.19,-14.5,30.03,57.14,-21.73,,,,,4.33,7.84,7.67,,,,,,,0.0,676814000000.0
8572,"Acom Co., Ltd.",Financial Services,7624.71,4.56,9.65,,0.82,-0.87,-5.43,-0.79,-1.83,1.59,0.11,-4.82,-0.17,-1.04,297.0,29.73,18.43,29.3,31.88,6.28,7.81,7.65,5.83,6.17,2.72,4.46,5.27,51.17,97.11,80397000000.0
8584,"JACCS Co., Ltd.",Financial Services,1679.18,5.4,9.87,,7.21,-32.27,-63.54,-133.13,-29.53,13.78,-26.9,-58.38,-127.44,-23.83,6.3,10.61,13.47,17.93,18.26,0.7,3.35,6.5,0.4,0.44,0.54,0.74,0.74,9.49,83.59,251940000000.0
8585,Orient Corporation,Financial Services,1449.94,4.73,11.25,,3.41,-8.42,-39.4,13.15,-14.8,15.26,1.81,-29.98,22.21,-4.3,204.03,5.83,5.03,7.04,10.13,0.96,7.08,0.6,0.54,0.57,0.3,0.43,0.94,10.36,87.84,154579000000.0
8591,ORIX Corporation,Financial Services,64177.55,2.8,10.97,,0.58,-0.9,0.66,-2.6,0.11,21.34,20.26,19.37,14.23,20.32,99.43,,,,,18.57,1.79,10.17,,,,,,43.43,43.61,1334945000000.0
8593,Mitsubishi HC Capital Inc.,Financial Services,19764.93,3.81,14.53,,-18.6,-15.02,-2.49,2.37,-12.04,-18.6,-15.02,-2.49,2.37,-12.04,0.0,10.85,8.95,7.49,7.32,5.96,7.19,2.87,1.5,1.56,1.29,1.14,1.16,16.72,22.58,374891000000.0
8595,"JAFCO Group Co., Ltd.",Financial Services,1204.85,5.85,18.49,,4.62,8.65,-8.2,-6.05,1.69,4.64,8.67,-7.94,-6.01,1.79,-0.85,25.94,42.8,33.45,-31.37,-23.31,15.34,73.7,3.0,13.8,5.79,4.55,-2.23,89.84,44.64,116805000000.0
8596,"Kyushu Leasing Service Co., Ltd.",Industrials,357.13,3.95,9.07,,-21.92,-9.34,-41.82,-3.95,-24.36,-21.77,-9.1,-41.62,-3.64,-24.16,-1.25,16.99,14.38,13.85,14.9,-8.9,17.4,-8.96,2.11,2.18,2.13,1.82,2.43,23.35,26.57,6325000000.0
8600,"TOMONY Holdings, Inc.",Financial Services,2356.57,2.54,14.84,,5.81,49.22,23.67,-86.21,26.23,7.42,50.15,24.44,-85.47,27.34,8.88,,,,,0.05,5.01,13.64,,,,,,,0.0,484242000000.0
8601,Daiwa Securities Group Inc.,Financial Services,25626.04,3.89,14.86,,12.77,-21.05,25.0,-10.34,5.57,17.13,-17.72,27.52,-7.17,8.98,5.28,,,,,13.69,0.91,27.46,,,,,,7.57,82.04,4366362000000.0
8604,"Nomura Holdings, Inc.",Financial Services,46352.31,3.29,11.9,,-25.82,-18.74,-0.28,-18.68,-14.95,-18.19,-14.64,2.86,-14.99,-9.99,13.32,,,,,10.8,20.64,20.35,,,,,,9.56,77.98,5648974000000.0
8609,Okasan Securities Group Inc.,Financial Services,2515.98,3.26,11.77,,23.57,-9.62,-2.58,-3.63,3.79,24.98,-8.22,-1.89,-0.54,4.96,-15.83,,,,,19.33,-1.89,29.23,,,,,,30.38,85.94,109347000000.0
8613,"Marusan Securities Co., Ltd.",Financial Services,859.38,3.29,17.16,,9.37,-1.28,8.13,12.38,5.41,10.81,-0.19,8.79,12.79,6.47,-189.71,24.76,18.9,19.88,2.57,15.25,1.31,24.62,7.3,27.86,5.35,4.65,0.54,98.28,99.77,38968000000.0
8614,"Toyo Securities Co., Ltd.",Financial Services,479.49,7.13,12.18,,-1.89,1.08,6.15,-6.02,1.78,-1.04,1.78,7.28,-5.37,2.67,-8.94,20.73,6.17,9.54,-25.95,20.25,-6.11,44.17,5.23,10.53,1.47,2.02,-5.06,69.51,97.33,22805000000.0
8616,"Tokai Tokyo Financial Holdings, Inc.",Financial Services,2299.58,5.07,13.84,,0.48,7.89,3.64,45.31,4.0,2.06,9.04,5.57,46.66,5.56,41.42,15.17,13.6,17.16,4.31,13.19,-3.22,21.56,1.28,2.48,0.91,1.2,0.2,24.44,94.07,447879000000.0
8617,"The Kosei Securities Co., Ltd.",Financial Services,57.39,1.64,27.36,,-4.13,-29.57,13.42,6.45,-6.76,-4.01,-29.5,14.48,6.67,-6.34,1.35,4.32,-93.35,29.3,-113.39,99.64,-62.81,245.27,0.24,0.36,-3.25,2.16,-3.15,,94.95,5446000000.0
8622,"Mito Securities Co., Ltd.",Financial Services,554.15,4.59,17.92,,6.2,-1.11,12.31,-1.72,5.8,7.09,-0.84,12.49,-0.08,6.25,-5.94,19.6,13.31,16.46,-2.36,14.95,-3.92,30.01,4.92,11.27,3.22,3.46,-0.55,92.02,99.53,26203000000.0
8624,"Ichiyoshi Securities Co., Ltd.",Financial Services,549.94,5.19,12.59,,6.42,-0.17,5.62,2.4,3.96,7.32,0.63,6.9,2.92,4.95,52.78,25.07,12.17,14.89,7.0,30.72,-0.19,13.04,13.93,33.3,5.4,6.32,2.56,98.95,99.71,18215000000.0
8628,"Matsui Securities Co., Ltd.",Financial Services,2985.52,4.9,19.33,,-0.19,-15.75,-3.84,-6.36,-6.59,1.16,-14.52,-1.98,-5.2,-5.11,4.61,,,,,32.25,5.25,24.05,,,,,,13.82,80.51,825161000000.0
8630,"Sompo Holdings, Inc.",Financial Services,61081.73,2.96,27.43,,10.58,8.44,8.87,5.84,9.3,11.57,9.38,10.38,6.24,10.44,11.04,6.63,14.81,11.78,1.53,-10.35,9.47,23.38,4.37,5.41,13.51,11.37,1.04,85.01,16.85,1134996000000.0
8697,"Japan Exchange Group, Inc.",Financial Services,23850.23,3.61,39.76,,4.16,2.98,2.68,2.33,3.27,4.52,3.61,3.34,2.8,3.82,15.02,54.26,57.68,54.51,49.77,-17.52,26.14,17.33,15.57,50.31,20.33,16.01,12.67,86.43,54.26,274481000000.0
8698,"Monex Group, Inc.",Financial Services,1832.44,4.3,16.8,,7.0,4.76,0.74,-21.17,4.17,9.72,7.26,4.4,-16.9,7.13,48.46,26.04,20.97,40.77,17.64,15.71,-6.9,44.84,6.62,8.5,13.36,9.98,1.53,51.78,97.99,52786000000.0
8699,"HS Holdings Co., Ltd.",Financial Services,339.78,0.88,2.31,,4.74,7.8,-78.38,44.5,-21.95,6.4,13.34,-75.3,54.46,-18.52,21.11,,,,,57.44,-12.35,-23.81,,,,,,97.98,87.96,18797000000.0
8700,"Maruhachi Securities Co., Ltd.",Financial Services,80.91,4.69,12.64,,13.05,-0.84,19.41,-0.73,10.54,13.34,-0.43,20.12,0.86,11.01,-29.05,20.68,14.16,20.19,4.91,16.04,-5.53,30.36,5.87,10.5,3.64,5.46,0.85,,99.55,3795074000.0
8704,"Traders Holdings Co.,Ltd.",Financial Services,378.82,3.31,9.14,,-3.26,16.15,12.6,1.83,8.5,-2.1,17.09,13.64,3.49,9.54,-14.08,46.64,49.43,43.72,40.74,-1.58,32.92,9.89,20.14,34.27,24.51,20.66,23.6,94.61,99.42,8687000000.0
8705,"Nissan Securities Group Co., Ltd.",Financial Services,111.36,2.65,11.91,,44.6,-36.53,51.83,-5.41,19.97,51.03,-36.09,54.2,-4.68,23.05,5.24,17.0,9.67,11.68,4.16,17.06,-4.78,17.23,5.88,19.71,2.59,3.45,1.16,86.86,98.93,12942147000.0
8706,"Kyokuto Securities Co., Ltd.",Financial Services,591.22,5.88,12.49,,-4.0,-7.0,-0.04,0.05,-3.68,-4.0,-6.93,-0.04,0.05,-3.66,-0.31,,,,,1.8,10.76,73.7,,,,,,81.84,99.76,21712000000.0
8707,"IwaiCosmo Holdings, Inc.",Financial Services,1114.54,4.94,10.67,,2.02,2.35,0.93,-5.28,1.77,2.07,2.81,1.42,-5.2,2.1,17.58,40.34,33.6,31.63,24.25,25.28,7.11,22.09,8.88,9.88,6.78,5.49,3.62,87.93,98.76,10375000000.0
8708,"Aizawa Securities Group Co., Ltd.",Financial Services,547.66,2.72,19.86,,7.81,-11.4,15.0,-17.77,3.8,8.22,-10.52,15.42,-17.32,4.37,-0.25,0.14,9.18,6.13,-21.79,1.88,8.47,48.84,0.03,0.05,1.82,1.04,-5.49,66.62,94.91,35323000000.0
8713,FIDEA Holdings Co. Ltd.,Financial Services,515.52,2.73,12.54,,-83.46,-296.59,128.09,-786.56,-83.99,-79.82,-295.11,130.99,-784.73,-81.31,-0.95,,,,,0.62,1.01,-3.93,,,,,,,0.0,436689000000.0
8714,"Senshu Ikeda Holdings, Inc.",Financial Services,3171.49,2.52,18.33,,6.82,50.77,36.33,-327.31,31.31,8.67,52.26,38.26,-326.07,33.06,9.77,,,,,18.87,4.49,0.61,,,,,,,0.0,707974000000.0
8715,"Anicom Holdings, Inc.",Financial Services,747.15,1.32,34.49,,-0.79,6.87,6.47,4.78,4.18,6.45,8.57,7.59,5.92,7.54,48.96,4.48,7.1,6.98,6.31,9.49,11.75,6.95,6.68,11.03,8.46,7.85,6.92,74.34,40.73,13392000000.0
8725,"MS&AD Insurance Group Holdings, Inc.",Financial Services,71829.01,2.82,9.51,,9.35,7.96,6.47,1.57,7.93,10.62,9.19,7.65,2.7,9.15,13.58,4.83,7.04,7.46,6.07,14.32,106.11,25.39,9.41,14.11,15.37,7.36,5.83,79.86,28.36,1920411000000.0
8729,Sony Financial Group Inc.,Financial Services,10887.81,5.03,20.94,,38.28,,,,38.28,40.92,,,,40.92,6.44,6.23,,,,3.49,-24.37,53.65,5.08,6.24,,,,33.49,0.0,403340000000.0
8737,Akatsuki Corp.,Financial Services,185.84,4.89,4.59,,-24.2,-20.02,3.93,-4.59,-13.43,-23.06,-18.02,4.4,-2.55,-12.23,-1.76,9.3,7.47,7.43,4.72,20.71,21.95,18.67,6.54,8.48,4.76,4.0,2.48,33.71,36.73,15086715000.0
8739,"SPARX Group Co., Ltd.",Financial Services,1059.79,4.18,16.87,,5.38,4.15,4.17,2.64,4.57,5.57,4.78,5.7,2.93,5.35,14.53,46.1,42.96,45.31,42.69,9.0,8.87,23.49,12.48,20.97,11.91,12.87,10.99,80.21,100.0,19527000000.0
8742,"Kobayashi Yoko Co., Ltd.",Financial Services,69.14,0.99,25.16,,5.83,3.35,-1.13,1.7,2.68,8.32,6.42,3.48,3.92,6.07,70.06,3.61,3.87,6.82,4.34,7.85,4.31,9.07,1.43,2.22,1.41,3.02,1.55,,67.21,3592351000.0
8746,"Unbanked,Inc.",Financial Services,18.73,0.0,,,-215.87,-5.61,-53.95,0.62,-91.81,-215.76,-3.84,-53.88,2.06,-91.16,-15.34,-29.72,1.98,-2.82,-5.25,-1.0,78.69,14.51,-90.46,-255.57,3.33,-2.67,-5.25,93.07,13.04,2059000000.0
8747,"Yutaka Trusty Securities Co., Ltd.",Financial Services,130.96,9.04,2.95,,22.37,13.19,14.16,14.53,16.57,22.86,13.48,14.9,15.69,17.08,3.09,48.37,27.07,26.94,22.26,69.56,3.51,7.67,22.48,,10.27,9.86,8.03,96.09,99.83,64280045000.0
8750,"Daiichi Life Group, Inc.",Financial Services,68693.79,3.85,15.73,,9.79,7.11,13.16,-4.28,10.02,11.53,8.63,14.52,-1.93,11.56,14.03,6.55,7.12,4.45,3.45,15.58,-13.23,24.68,8.57,13.24,10.26,7.22,5.43,76.84,24.28,1974671000000.0
8766,"Tokio Marine Holdings, Inc.",Financial Services,151829.53,1.65,28.62,,8.11,12.39,6.92,6.47,9.14,9.16,13.26,7.06,6.64,9.83,6.66,,18.93,11.98,8.45,6.51,10.2,12.13,,,14.0,8.67,9.35,91.51,0.0,2332406000000.0
8769,"Advantage Risk Management Co., Ltd.",Healthcare,83.07,3.64,12.09,,14.49,11.71,5.01,0.94,10.4,23.19,20.53,15.55,11.21,19.76,49.45,10.05,11.96,10.37,8.64,16.01,22.23,9.26,11.6,16.95,16.27,11.49,10.02,75.03,66.28,1848950000.0
8771,"eGuarantee, Inc.",Financial Services,793.68,4.74,23.17,,4.85,4.94,3.68,3.44,4.49,5.06,5.17,3.95,4.08,4.73,5.1,47.16,49.92,52.92,48.86,7.88,11.56,7.89,17.77,47.24,14.66,15.09,14.0,,73.19,12713611000.0
8772,"Asax Co., Ltd.",Financial Services,295.14,2.47,7.47,,-22.4,-13.24,-12.48,-38.77,-16.04,-22.31,-12.68,-12.34,-38.69,-15.78,-1.98,66.29,69.35,70.27,69.62,16.75,11.33,9.29,2.97,3.17,2.95,2.88,2.84,41.06,86.47,8106992000.0
8783,"abc Co., Ltd.",Financial Services,22.94,0.0,,,-112.21,-69.29,-148.13,-51.99,-109.88,-105.52,-64.18,-144.51,-42.08,-104.74,-5.6,-79.02,-51.42,-81.91,-58.42,-20.67,77.4,96.65,-59.33,-66.64,-59.38,-43.69,-54.89,75.47,51.14,581823000.0
8789,FinTech Global Incorporated,Financial Services,310.77,3.11,7.9,,-2.14,13.05,1.98,-2.26,4.3,-2.14,13.05,1.98,-2.26,4.3,0.0,23.6,18.61,14.45,6.32,4.53,48.44,0.0,12.59,18.79,11.7,7.65,3.15,63.4,61.45,7462988000.0
8793,NEC Capital Solutions Limited,Industrials,923.2,3.56,10.06,,-71.57,-36.83,-23.12,0.03,-43.84,-71.57,-36.83,-23.12,0.03,-43.84,0.0,3.47,3.05,4.57,4.54,20.12,-0.38,-0.87,0.55,0.6,0.47,0.76,0.91,11.82,11.95,100870000000.0
8795,"T&D Holdings, Inc.",Financial Services,23692.11,3.36,17.87,,5.77,-16.02,10.44,-13.93,0.06,6.34,-15.19,11.09,-12.98,0.75,3.13,7.28,7.32,5.93,-4.81,16.57,1.49,8.33,7.88,10.23,8.44,6.6,-11.64,87.83,30.9,422810000000.0
8798,"Advance Create Co., Ltd.",Financial Services,49.54,0.0,,,-84.16,-46.9,-18.32,-5.16,-49.79,-78.81,-33.81,-4.17,7.36,-38.93,-128.21,-9.18,-9.05,-12.56,17.38,-15.9,-24.27,-12.53,-10.82,-171.62,,,17.12,,78.98,5339373000.0
8801,"Mitsui Fudosan Co., Ltd.",Real Estate,40584.67,2.47,14.92,,-2.25,8.08,0.51,-1.6,2.11,3.58,14.77,5.96,7.34,8.1,99.8,14.68,14.2,14.25,13.46,3.21,10.16,5.03,3.44,3.48,3.34,3.07,3.02,39.67,24.9,88024000000.0
8802,"Mitsubishi Estate Co., Ltd.",Real Estate,43794.72,1.38,20.11,,-0.43,-2.73,-3.29,-0.38,-2.15,11.62,7.4,7.02,6.16,8.68,129.18,18.88,19.57,18.52,21.53,10.53,4.99,9.21,3.54,4.57,3.42,3.23,4.25,43.52,26.04,1404234000000.0
8803,"Heiwa Real Estate Co., Ltd.",Real Estate,1567.85,3.71,14.39,,-3.82,-5.47,0.84,-10.63,-2.82,9.47,10.24,12.49,15.28,10.73,129.0,29.72,31.37,29.31,24.23,20.87,-5.31,-0.2,2.68,2.91,2.79,2.55,2.18,32.03,41.92,31114000000.0
8804,"Tokyo Tatemono Co., Ltd.",Real Estate,6877.02,3.95,11.18,,4.67,2.75,2.99,-0.48,3.47,4.67,2.75,2.99,-0.48,3.47,0.0,20.18,17.18,18.75,18.43,2.34,23.35,7.43,3.34,3.63,3.16,2.98,3.16,28.74,29.99,152294000000.0
8818,"Keihanshin Building Co., Ltd.",Real Estate,1036.09,2.78,22.42,,6.71,3.23,1.21,-3.84,3.72,7.42,7.04,7.94,8.61,7.47,49.48,27.87,25.45,26.32,28.47,3.43,1.42,2.29,2.34,2.61,2.16,2.34,2.71,49.96,37.63,16911000000.0
8830,"Sumitomo Realty & Development Co., Ltd.",Real Estate,29620.37,1.62,14.05,,-0.62,2.96,1.47,-9.6,1.27,4.3,8.55,7.83,5.57,6.89,87.0,28.28,26.77,26.32,25.67,4.29,4.81,2.96,3.25,3.28,3.14,2.96,2.96,39.07,36.31,59172000000.0
8835,Taiheiyo Kouhatsu Incorporated,Industrials,61.61,5.11,17.96,,18.02,14.7,8.16,37.85,13.63,18.02,14.7,8.16,37.85,13.63,0.0,2.0,2.04,2.96,2.76,1.73,2.36,-19.43,1.42,1.67,1.75,2.45,2.89,46.34,10.54,5074000000.0
8836,RISE Inc.,Real Estate,24.96,0.0,,,2.16,2.24,-0.8,0.44,1.2,2.16,2.32,-0.72,0.48,1.25,-2.55,10.88,9.14,4.31,0.88,12.79,10.06,2.65,1.48,2.03,0.33,-0.34,0.05,99.41,85.88,466000000.0
8841,"TOC Co., Ltd.",Real Estate,894.53,1.07,38.45,,3.74,-1.13,1.75,-0.83,1.45,6.41,0.49,3.14,1.03,3.35,138.51,16.25,10.78,16.66,27.2,15.23,-4.1,-12.57,1.61,2.29,0.91,1.52,2.84,99.2,27.82,31148000000.0
8844,"Cosmos Initia Co., Ltd.",Real Estate,407.37,4.37,4.98,,7.17,-10.41,-23.23,-8.44,-8.82,9.45,-8.7,-22.86,-6.75,-7.37,0.95,8.4,7.3,5.96,3.99,15.26,3.97,0.98,5.73,6.86,3.9,3.31,4.6,31.01,21.39,25148000000.0
8848,Leopalace21 Corporation,Real Estate,3272.75,0.98,24.61,,11.45,7.76,6.45,3.04,8.55,11.75,7.91,6.55,3.22,8.74,1.99,8.09,6.77,5.52,2.43,3.01,2.17,3.99,32.46,179.64,17.46,62.66,130.98,62.13,20.05,57908000000.0
8850,Starts Corporation Inc.,Real Estate,2263.51,3.16,9.07,,0.23,7.4,3.47,10.37,3.7,7.61,11.45,11.37,15.09,10.14,67.29,14.4,14.0,13.07,12.01,8.13,-0.18,-0.2,9.62,14.35,9.23,8.8,9.17,73.04,33.24,84509000000.0
8860,Fuji Corporation Limited,Real Estate,268.96,4.3,5.69,,-13.18,-50.34,-8.26,8.97,-23.93,33.14,10.18,22.27,33.45,21.86,290.41,6.0,6.37,6.03,5.48,11.62,2.94,4.99,3.3,3.77,3.3,3.39,3.08,33.35,15.19,21703980000.0
8864,"Airport Facilities Co., Ltd.",Real Estate,481.46,4.34,14.01,,20.65,10.88,1.63,4.19,11.05,20.65,10.88,1.63,4.19,11.05,0.0,18.28,14.38,12.27,9.81,18.22,19.92,1.7,5.04,5.92,3.87,2.38,2.23,73.53,25.03,13234000000.0
8869,Meiwa Estate Company Limited,Real Estate,190.63,4.96,4.98,,-0.08,-178.15,-12.82,1.13,-63.68,3.28,-175.07,-9.62,2.2,-60.47,22.45,8.6,6.56,6.98,9.53,12.77,12.14,14.33,4.08,4.92,3.15,3.91,6.16,29.56,21.28,20920000000.0
8871,"GOLDCREST Co.,Ltd.",Real Estate,1070.17,4.99,18.27,,-101.05,-8.24,4.57,-3.93,-34.91,-4.69,-7.9,4.76,-3.84,-2.61,-684.3,29.27,25.67,23.08,38.44,3.93,17.91,-9.5,2.0,2.48,2.55,2.15,3.92,45.41,52.1,58423000000.0
8876,"Relo Group, Inc.",Industrials,3515.74,3.27,17.75,,4.39,5.53,4.15,0.36,4.69,6.41,7.38,5.31,1.53,6.37,26.17,20.4,21.3,20.83,18.39,5.71,7.79,7.18,15.49,29.86,20.43,32.06,9.73,49.83,46.54,65070000000.0
8877,Eslead Corporation,Real Estate,820.84,4.59,7.35,,-48.6,-44.24,-39.96,-21.77,-44.27,-48.16,-43.18,-39.24,-15.67,-43.53,-1.74,15.82,15.35,14.49,11.86,23.38,18.03,0.47,5.02,5.39,4.63,5.06,5.1,30.67,25.17,17400390000.0
8881,"NISSHIN GROUP HOLDINGS Company, Limited",Real Estate,308.72,5.61,7.38,,-26.45,-18.29,-2.0,1.98,-15.58,-20.8,-17.89,-1.21,2.56,-13.3,-31.42,7.61,4.52,4.36,5.09,15.19,-5.91,-1.61,3.54,6.45,2.05,2.25,2.91,55.27,15.97,58079247000.0
8887,"SYLA Holdings Co., Ltd.",Real Estate,136.26,3.9,2.05,,-61.84,3.8,6.42,16.3,-17.21,-13.17,4.05,6.5,17.46,-0.87,-120.68,8.1,3.71,6.2,14.55,625.78,13.72,-35.99,4.46,5.39,1.58,1.53,6.1,28.36,19.73,10969000000.0
8891,"AMG Holdings Co.,Ltd.",Real Estate,59.47,3.84,5.13,,-9.55,70.29,-51.9,-66.85,2.95,-7.38,71.75,-51.12,-64.92,4.42,-9.61,6.16,5.1,6.24,6.29,3.07,4.57,27.55,4.8,5.53,4.25,4.29,5.51,45.71,16.16,3483504000.0
8892,ES-CON JAPAN Ltd.,Real Estate,1072.04,4.81,8.78,,9.67,-23.1,-45.94,1.4,-19.79,9.67,-23.1,-45.94,1.4,-19.79,0.0,19.05,18.76,16.31,15.58,20.62,10.03,3.84,3.87,4.49,3.35,3.32,3.62,17.56,29.93,62873000000.0
8894,"Revolution Co., Ltd.",Real Estate,22.64,0.0,,,-378.08,45.61,25.66,-31.98,-102.27,8.73,46.4,26.95,-31.46,27.36,1479.03,-12.01,5.99,-17.27,-3.43,521.07,131.61,18.62,-32.23,-41.12,1.25,-24.45,-1.1,8.25,2.49,2778559000.0
8897,"MIRARTH HOLDINGS,Inc.",Real Estate,603.96,5.11,13.03,,-44.45,-23.53,15.39,-33.55,-17.53,9.27,13.04,60.89,-1.2,27.73,311.6,8.23,7.31,8.35,4.58,9.08,6.12,20.67,2.58,3.1,3.39,3.57,1.9,23.78,21.3,59027000000.0
8898,Century21 Real Estate of Japan Ltd,Real Estate,119.65,4.82,14.04,,6.6,7.98,6.52,9.96,7.03,9.21,8.68,7.25,10.82,8.38,15.51,24.76,26.49,24.31,23.06,6.29,5.06,1.4,10.73,68.17,11.04,10.08,9.49,,73.85,5866734000.0
8904,"Avantia Co., Ltd.",Consumer Cyclical,119.22,4.63,8.92,,7.73,30.34,-35.52,-51.93,0.85,36.28,32.46,-34.6,-51.16,11.38,27.51,1.9,1.33,3.3,3.96,-2.47,22.11,-1.01,1.15,1.6,0.95,1.98,3.38,42.85,13.16,18275884000.0
8908,"Mainichi Comnet Co., Ltd.",Real Estate,152.91,4.36,8.19,,39.04,9.42,5.39,5.53,17.95,40.93,15.97,9.44,8.32,22.11,29.51,10.86,11.32,11.03,9.8,21.57,7.14,-2.24,8.87,14.85,6.56,6.44,6.22,61.0,26.93,9204504000.0
8912,Area Quest Inc.,Real Estate,23.14,2.53,19.33,,3.63,1.94,8.57,0.49,4.71,12.84,2.71,8.96,7.98,8.17,34.72,,11.75,4.85,10.03,,6.32,0.44,,,7.38,3.11,6.67,73.69,29.55,414327000.0
8914,"Arealink Co., Ltd.",Real Estate,454.42,3.24,11.17,,-6.25,-3.3,-2.86,-1.39,-4.14,11.48,11.71,7.77,3.53,10.32,139.8,20.71,19.87,18.5,17.92,6.97,9.94,7.59,7.17,10.37,7.42,7.17,7.92,52.93,36.12,16671735000.0
8917,"First Juken Co., Ltd.",Consumer Cyclical,151.66,3.96,10.05,,11.49,29.7,7.92,-40.41,16.37,19.25,39.8,16.8,-35.43,25.28,39.5,5.81,5.08,6.28,8.06,19.17,-17.03,8.53,2.99,5.03,2.75,4.08,4.87,75.66,16.38,22308338000.0
8918,"LAND Co., Ltd.",Real Estate,153.79,0.0,34.48,,-6.18,13.68,-9.05,7.28,-0.52,-6.18,13.68,-9.05,7.28,-0.52,0.0,14.16,19.19,10.96,31.54,-40.94,142.3,-48.77,4.02,50.52,9.29,2.49,14.9,94.43,36.62,9034417000.0
8919,"KATITAS CO., Ltd.",Consumer Cyclical,2797.85,2.52,22.42,,-1.9,0.36,3.33,-0.56,0.6,-1.86,0.42,3.4,-0.52,0.65,4.54,12.04,10.98,10.0,11.59,17.23,2.22,4.43,16.09,17.95,13.56,13.09,17.44,60.13,23.29,8228000000.0
8920,"Tosho Co., Ltd.",Industrials,243.47,1.46,7.26,,21.25,26.59,30.16,-58.52,26.0,32.45,63.36,44.77,-51.12,46.86,41.73,27.08,16.52,12.8,13.93,-22.53,15.17,37.42,9.48,15.63,6.35,-7.03,2.81,72.65,33.34,20702952000.0
8923,Tosei Corporation,Real Estate,1670.44,3.2,10.33,,-1.16,-7.95,3.16,-0.22,-1.98,-1.04,-7.81,3.43,-0.12,-1.81,-1.69,23.59,22.49,20.46,19.05,15.2,3.46,11.97,5.61,6.52,4.98,4.88,4.63,38.64,42.13,39604289000.0
8927,"Meiho Enterprise Co., Ltd.",Real Estate,154.81,3.38,5.61,,18.29,-29.85,-36.78,-12.64,-16.11,18.69,-29.43,-36.63,-12.2,-15.79,0.1,,11.32,11.39,8.56,,44.91,34.85,,,9.3,8.54,6.58,38.96,20.27,5093162000.0
8928,Anabuki Kosan Inc.,Real Estate,246.3,3.47,4.57,,-8.98,-13.1,-44.3,0.69,-22.13,0.22,-4.62,-31.92,7.3,-12.11,1298.31,4.34,4.25,6.12,6.26,-2.62,18.15,2.24,3.2,3.4,3.43,4.03,4.69,36.97,20.03,6972573000.0
8929,"Aoyama Zaisan Networks Company,Limited",Real Estate,334.27,5.12,12.76,,2.3,19.74,7.31,6.26,9.78,2.7,19.93,7.44,6.64,10.02,5.88,9.24,7.69,9.05,7.31,-8.4,26.37,0.41,15.88,74.94,15.85,12.21,10.95,55.6,20.34,14099000000.0
8931,Wadakohsan Corporation,Real Estate,147.82,5.17,5.63,,-80.47,-27.08,-12.98,5.96,-40.18,-61.0,-13.12,-7.96,14.57,-27.36,-67.14,11.84,13.17,11.66,10.27,5.02,3.36,-9.1,3.39,3.88,4.07,3.76,4.13,32.85,22.69,12615383000.0
8934,"Sun Frontier Fudousan Co., Ltd.",Real Estate,1376.99,3.33,8.28,,-18.05,-6.18,-9.97,6.32,-11.4,-13.61,-3.08,-7.99,12.01,-8.23,-52.79,21.84,20.63,22.04,18.01,12.51,29.18,-3.51,7.47,8.95,7.53,7.19,8.69,51.02,32.83,39274000000.0
8935,"FJ Next Holdings Co., Ltd.",Real Estate,663.23,4.03,6.63,,10.29,-21.08,6.97,-6.9,-1.27,10.71,-20.93,7.04,-6.84,-1.06,1.41,10.12,8.44,9.4,9.75,26.63,11.98,18.56,10.48,14.32,7.14,8.02,7.35,82.54,18.87,25740000000.0
8938,"GLOME Holdings,Inc.",Real Estate,33.93,0.92,,,-7.04,-12.08,-6.4,21.49,-8.51,-6.96,-7.66,-5.51,22.25,-6.71,-25.0,-1.65,-2.01,-11.15,5.34,-1.96,65.02,-31.15,-0.46,-0.7,-0.38,-1.9,1.08,99.51,44.13,2546000000.0
8944,"Land Business Co.,Ltd.",Real Estate,49.81,2.41,36.54,,10.61,-96.49,-33.61,-4.35,-39.83,61.03,-53.07,-0.16,16.36,2.6,-7129.49,3.41,-15.56,-0.94,6.59,86.49,122.15,-3.34,-7.67,-9.05,-4.48,-0.06,0.26,36.94,47.31,7551300000.0
8945,SUNNEXTA GROUP Inc.,Real Estate,101.81,4.04,17.51,,5.47,-4.98,4.16,,1.55,9.4,-3.31,7.27,,4.45,11.37,,7.81,10.37,10.15,,0.29,-4.02,,,5.63,7.12,,96.9,25.16,7340737000.0
8946,Asian Star Co.,Real Estate,19.51,0.0,,,-11.05,28.55,7.21,22.79,8.24,-10.49,29.13,7.46,23.33,8.7,0.03,4.31,1.53,2.51,1.94,35.49,57.66,-14.62,4.59,7.46,1.16,1.77,1.58,68.03,24.79,1219887000.0
8995,"Makoto Construction Co,Ltd",Real Estate,39.25,1.31,157.21,,-6.04,-22.73,-0.31,-7.98,-9.69,-6.0,-18.74,-0.29,-7.92,-8.34,-9.68,1.33,0.62,5.6,9.14,-4.41,2.67,-8.01,0.45,0.52,0.2,2.24,4.23,64.84,14.15,902505000.0
8996,"HouseFreedom Co.,Ltd.",Real Estate,40.9,5.25,4.46,,12.31,37.53,-25.6,-24.66,8.08,15.66,41.98,4.44,-11.09,20.69,236.35,6.58,6.09,5.82,5.11,16.84,22.91,-9.09,4.86,7.02,3.87,2.64,3.36,23.52,29.76,4799395000.0
8999,Grandy House Corporation,Real Estate,164.99,5.63,17.92,,4.86,50.49,-16.97,-63.86,12.79,10.98,52.35,-13.48,-53.61,16.62,11.15,3.57,2.25,2.28,6.03,-1.81,4.73,-6.67,1.91,2.27,1.25,0.82,3.44,39.0,14.81,9937169000.0
9001,"Tobu Railway Co., Ltd.",Industrials,5807.28,2.54,10.5,,-0.33,-3.58,1.51,7.55,-0.8,18.36,15.51,15.79,17.41,16.55,105.12,10.96,11.81,11.62,9.22,3.8,-0.71,3.45,3.59,3.7,3.81,4.11,2.89,44.09,30.85,44370000000.0
9003,"Sotetsu Holdings, Inc.",Industrials,2531.18,2.67,10.24,,-4.42,-2.43,-14.9,1.74,-7.25,9.0,14.49,8.12,14.36,10.54,183.11,12.63,12.94,10.73,5.75,5.27,8.2,8.16,4.29,4.59,4.64,3.31,1.7,31.44,37.09,41261000000.0
9005,Tokyu Corporation,Consumer Cyclical,9265.84,1.95,10.89,,13.79,16.74,15.68,10.3,15.4,13.79,16.74,15.68,10.3,15.4,0.0,9.5,9.81,9.14,4.79,2.96,1.65,11.44,3.66,3.8,3.76,3.15,1.44,40.28,31.44,83525000000.0
9006,Keikyu Corporation,Industrials,4084.35,2.97,15.4,,-10.13,-15.77,-1.63,-7.63,-9.18,11.73,3.64,16.21,6.07,10.53,276.72,11.03,12.13,9.99,4.28,3.52,4.72,10.92,2.8,3.03,3.26,2.34,1.01,41.44,26.31,67246000000.0
9007,"Odakyu Electric Railway Co., Ltd.",Industrials,6106.38,3.38,16.46,,-4.05,-8.56,1.85,2.44,-3.59,9.81,9.15,11.73,10.31,10.23,139.66,12.58,12.17,12.39,6.73,-0.94,3.14,3.71,3.31,3.42,3.42,3.93,1.79,42.75,29.21,39943000000.0
9008,Keio Corporation,Industrials,4602.7,2.78,10.75,,-6.62,-4.4,1.73,-6.75,-3.1,8.06,6.22,11.35,5.44,8.54,145.93,10.53,11.96,10.73,6.19,9.72,10.82,17.73,4.22,4.46,5.04,3.75,1.78,48.6,22.92,47793000000.0
9009,"Keisei Electric Railway Co., Ltd.",Industrials,6522.29,1.64,13.57,,6.36,6.31,9.21,7.24,7.29,6.36,6.31,9.21,7.24,7.29,0.0,10.22,11.28,8.51,4.05,4.11,7.69,17.5,3.22,3.35,3.17,2.34,1.19,58.4,26.67,34386000000.0
9010,"Fuji Kyuko Co., Ltd.",Industrials,1389.77,1.25,3.87,,1.92,2.97,4.96,2.76,3.28,8.44,7.8,9.35,6.46,8.53,62.02,16.37,15.92,16.08,9.89,2.46,3.02,18.12,7.09,8.32,6.8,6.93,3.26,49.47,19.07,12424413000.0
9012,"Chichibu Railway Co., Ltd.",Industrials,31.0,0.0,8.09,,10.02,17.37,1.11,10.76,9.5,10.02,17.37,1.11,10.76,9.5,0.0,9.57,5.78,0.34,-7.71,6.85,7.4,4.79,4.51,4.87,2.39,0.15,-2.79,51.24,32.96,790988000.0
9017,"Niigata Kotsu Co., Ltd.",Industrials,76.44,0.5,6.65,,26.51,20.42,26.95,17.26,24.63,36.76,33.61,37.68,35.09,36.02,31.87,11.01,10.08,8.66,7.86,1.67,2.99,11.15,3.43,3.64,3.04,2.95,2.67,47.57,33.22,2617679000.0
9020,East Japan Railway Company,Industrials,39065.77,2.43,15.76,,-3.15,-0.99,-0.69,0.67,-1.61,19.58,18.74,17.61,14.89,18.64,108.42,13.43,13.05,12.64,5.85,6.83,5.77,13.49,3.9,4.03,3.81,3.42,1.59,38.08,36.69,262247000000.0
9021,West Japan Railway Company,Industrials,13820.89,3.24,11.04,,26.17,20.36,23.03,19.82,23.19,26.17,20.36,23.03,19.82,23.19,0.0,10.73,10.55,10.99,6.02,8.07,4.46,17.16,5.36,5.86,5.0,5.0,4.15,46.46,25.05,235207000000.0
9022,Central Japan Railway Company,Industrials,35867.58,0.85,6.62,,6.25,4.45,7.51,0.91,6.07,20.86,17.41,18.76,13.57,19.01,68.16,41.38,38.37,35.51,26.74,9.52,7.1,22.15,6.38,6.64,5.67,5.07,3.31,52.22,52.19,368593000000.0
9023,"Tokyo Metro Co., Ltd.",Industrials,8920.87,2.87,15.12,,4.71,0.85,3.47,-20.81,3.01,14.99,13.85,15.14,9.88,14.66,79.86,21.21,21.32,19.62,8.04,3.58,4.77,12.71,3.42,3.55,3.49,3.02,2.18,40.15,34.03,68280000000.0
9024,Seibu Holdings Inc.,Industrials,9114.82,1.18,23.76,,-16.76,40.2,2.37,1.12,8.6,0.17,52.04,10.09,7.37,20.77,3398.36,8.87,32.49,9.99,5.62,-43.04,88.68,11.46,3.25,3.44,17.81,2.57,1.97,45.51,18.46,66252000000.0
9025,"Konoike Transport Co.,Ltd.",Industrials,1565.91,3.74,10.97,,7.15,8.65,6.05,8.3,7.28,15.88,14.99,11.3,12.0,14.06,47.91,6.41,6.2,5.28,4.25,3.06,9.51,1.02,7.14,10.32,7.33,5.6,4.2,73.99,12.19,65866000000.0
9028,"ZERO Co., Ltd.",Consumer Cyclical,559.55,4.24,7.84,,15.1,11.77,2.26,,9.71,20.08,15.69,7.07,,14.28,39.27,,4.42,3.82,3.65,,5.94,24.12,,,11.22,9.1,,81.3,14.47,12193000000.0
9029,"Higashi Holdings Co., Ltd.",Industrials,237.31,3.41,9.11,,18.29,-5.14,0.64,1.03,4.6,21.02,9.98,12.75,2.8,14.58,86.49,6.98,5.69,5.39,5.48,20.46,18.43,16.74,9.95,15.38,7.78,8.16,8.23,63.15,19.14,9140119000.0
9031,"Nishi-Nippon Railroad Co., Ltd.",Industrials,2360.65,2.93,7.39,,16.36,6.61,26.35,18.54,16.44,16.36,6.61,26.35,18.54,16.44,0.0,6.37,6.01,6.29,5.29,6.91,7.74,-16.78,3.32,3.58,3.02,3.07,3.48,45.21,13.27,46867000000.0
9033,"Hiroshima Electric Railway Co.,Ltd.",Industrials,191.75,1.26,16.53,,-21.35,-15.86,5.86,-23.91,-10.45,8.94,26.48,28.84,2.34,21.42,192.81,-0.77,-4.21,-3.57,-11.7,11.16,10.64,10.99,-0.35,-0.36,-2.72,-1.41,-4.1,63.05,16.99,3266000000.0
9034,"NANSO Transport Co.,Ltd.",Industrials,158.49,4.75,11.7,,5.25,3.56,12.34,-1.09,7.05,16.46,12.79,16.23,13.49,15.16,54.75,12.24,12.53,12.65,11.04,2.44,4.04,7.32,4.4,5.11,4.63,4.32,3.5,74.2,17.76,4232678000.0
9036,"Tohbu Network Co., Ltd.",Industrials,67.35,1.62,22.97,,1.16,6.93,5.62,5.64,4.57,11.92,10.95,14.21,11.0,12.36,62.47,2.68,1.8,3.06,4.37,-2.83,0.65,4.35,0.72,0.9,0.35,0.45,1.63,97.03,12.45,4304236000.0
9037,"Hamakyorex Co., Ltd.",Industrials,1390.55,2.48,12.97,,7.18,1.24,5.39,8.0,4.6,14.36,10.15,11.42,9.82,11.98,63.52,9.49,9.01,8.94,8.76,6.02,4.34,6.56,8.29,10.84,7.96,8.04,7.92,81.3,12.81,28857000000.0
9039,"Sakai Moving Service Co.,Ltd.",Industrials,1240.0,5.7,14.28,,5.1,4.9,4.6,5.94,4.87,7.5,7.84,7.73,8.21,7.69,36.64,10.08,10.68,10.91,10.81,3.07,3.56,6.67,8.03,11.27,8.64,8.92,9.42,96.97,37.74,29527000000.0
9041,"Kintetsu Group Holdings Co.,Ltd.",Industrials,6761.67,1.99,12.58,,-5.0,0.5,13.87,15.01,3.12,17.46,13.27,22.26,19.82,17.66,87.52,5.11,4.85,5.37,4.3,0.49,6.89,4.39,3.61,4.09,3.11,3.42,3.34,34.34,18.85,220575000000.0
9042,"Hankyu Hanshin Holdings, Inc.",Industrials,10402.83,2.22,13.65,,4.97,8.4,11.87,12.7,8.41,4.97,8.4,11.87,12.7,8.41,0.0,10.56,10.02,10.59,9.23,8.73,10.95,3.03,3.66,3.76,3.22,4.17,3.07,44.58,13.85,72276000000.0
9044,"NANKAI Co., Ltd.",Real Estate,3510.0,1.71,14.25,,13.54,12.48,17.73,11.14,14.58,13.54,12.48,17.73,11.14,14.58,0.0,15.09,13.3,12.76,9.5,1.51,7.94,9.18,3.53,3.72,3.2,3.1,2.27,43.25,18.52,39476000000.0
9045,"Keihan Holdings Co., Ltd.",Industrials,3245.97,2.68,9.67,,12.43,13.56,12.58,5.22,12.86,12.43,13.56,12.58,5.22,12.86,0.0,14.78,13.42,11.22,7.88,6.04,3.77,16.18,4.97,5.08,4.45,3.95,2.31,44.93,30.8,15263000000.0
9046,"Kobe Electric Railway Co., Ltd.",Industrials,195.73,1.01,13.38,,-0.78,1.81,9.84,8.43,3.62,19.62,15.14,19.31,17.48,18.02,80.35,10.37,9.07,8.33,6.53,5.49,-0.82,4.65,2.17,2.21,1.86,1.83,1.4,32.03,22.59,1324000000.0
9048,"Nagoya Railroad Co., Ltd.",Industrials,3672.54,3.23,18.01,,16.73,21.44,15.12,16.67,17.76,16.73,21.44,15.12,16.67,17.76,0.0,5.23,6.09,5.78,4.12,0.12,14.91,9.0,1.51,1.59,2.97,2.76,1.81,42.77,14.18,57291000000.0
9049,"Keifuku Electric Railroad Co.,Ltd.",Industrials,129.36,0.31,7.06,,7.14,5.19,-1.72,6.79,3.54,22.29,28.03,18.99,18.04,23.1,86.16,16.27,15.93,13.63,9.7,2.92,2.97,5.39,8.5,9.66,8.26,8.46,6.41,69.63,16.56,2386000000.0
9051,"Senkon Logistics Co., Ltd.",Industrials,62.45,1.2,38.48,,0.55,14.87,-0.74,6.52,4.89,6.31,23.63,9.06,14.99,13.0,78.83,2.86,4.32,3.2,4.55,5.81,7.3,7.96,1.91,2.34,3.48,3.07,3.78,39.04,17.52,2551459000.0
9052,"Sanyo Electric Railway Co.,Ltd.",Industrials,445.95,2.5,11.03,,5.46,-1.51,-2.47,-4.94,0.49,17.98,13.23,19.08,11.57,16.76,98.0,11.16,10.56,11.03,8.98,4.27,-1.86,0.79,3.04,3.32,2.9,3.25,2.76,59.41,24.76,8829000000.0
9057,"Enshu Truck Co.,Ltd.",Industrials,245.88,2.93,10.88,,0.62,14.39,-11.46,-0.34,1.18,11.16,19.62,11.44,14.48,14.07,107.07,6.22,6.66,5.57,7.09,2.71,3.6,4.75,6.8,8.18,7.1,6.17,8.22,76.02,8.8,5528000000.0
9059,"Kanda Holdings Co.,Ltd.",Industrials,199.69,2.81,8.13,,14.01,13.04,-1.04,10.17,8.67,21.51,19.01,22.91,17.93,21.14,56.94,6.97,6.61,6.72,5.3,0.69,1.73,-0.96,6.96,10.18,6.95,7.05,6.23,82.32,11.53,10830000000.0
9060,Japan Logistic Systems Corp.,Industrials,56.81,1.92,8.29,,44.99,16.46,28.41,-10.85,29.95,103.9,44.62,57.69,35.64,68.74,56.86,2.02,1.86,1.62,1.67,8.05,4.81,0.79,2.2,2.63,2.05,1.64,1.96,43.24,7.14,5802901000.0
9063,"Okayamaken Freight Transportation Co., Ltd.",Industrials,84.2,1.68,3.1,,23.91,5.02,-10.14,-18.4,6.26,38.08,30.78,23.34,34.2,30.73,88.13,3.24,2.37,1.7,2.93,1.44,1.73,-2.03,2.15,2.92,1.62,1.19,2.02,68.62,8.11,10506225000.0
9064,"Yamato Holdings Co., Ltd.",Industrials,6396.87,2.3,48.75,,5.41,-1.13,5.06,8.52,3.11,11.29,7.46,10.06,14.06,9.6,72.31,1.52,0.81,2.28,3.34,5.84,0.23,-2.33,1.87,2.84,1.4,4.6,7.74,73.49,4.76,238812000000.0
9065,Sankyu Inc.,Industrials,4123.91,1.91,13.4,,7.99,4.63,1.68,4.17,4.77,12.61,10.56,5.27,8.07,9.48,53.64,6.85,7.24,6.25,6.59,4.08,7.67,-2.71,7.54,8.56,8.13,6.76,7.88,74.46,12.09,47136000000.0
9068,"Maruzen Showa Unyu Co., Ltd.",Industrials,1420.84,1.64,11.33,,7.21,4.68,5.9,7.32,5.93,12.08,11.45,10.22,11.61,11.25,47.21,10.41,10.14,9.42,9.01,2.79,3.12,-0.47,6.58,8.75,5.96,5.64,5.83,85.2,13.87,41149000000.0
9069,"SENKO Group Holdings Co., Ltd.",Industrials,3985.4,2.38,21.01,,3.75,-2.44,0.25,3.01,0.52,15.34,11.22,12.85,11.97,13.14,98.43,4.11,4.09,3.84,3.67,5.27,9.79,11.79,4.36,5.23,4.39,3.95,4.18,41.12,16.27,94046000000.0
9072,"NIKKON Holdings Co.,Ltd.",Industrials,6356.66,2.21,33.53,,1.57,0.02,1.12,1.54,0.9,6.0,4.35,4.89,5.12,5.08,83.47,8.83,9.34,9.55,9.23,8.86,11.5,4.83,4.28,4.76,4.48,4.59,4.52,65.83,15.88,37512000000.0
9073,"Kyogoku unyu shoji Co., Ltd.",Industrials,36.71,0.95,21.24,,22.01,7.24,8.96,3.55,12.74,24.75,10.71,12.69,9.79,16.05,24.28,1.88,0.2,0.39,0.07,3.33,0.09,-3.57,2.12,2.78,0.26,0.44,0.08,70.34,8.72,1293817000.0
9074,"Japan Oil Transportation Co., Ltd.",Industrials,161.67,1.22,10.83,,22.16,22.42,15.07,22.38,19.88,35.65,31.61,30.83,29.15,32.7,39.35,4.85,4.19,4.46,4.48,3.9,6.02,-0.66,3.56,4.67,3.26,3.33,3.87,76.51,12.24,8743000000.0
9075,"Fukuyama Transporting Co., Ltd.",Industrials,2233.09,1.57,17.16,,2.45,-6.46,-3.39,6.57,-2.47,12.37,10.95,8.29,13.89,10.54,126.69,2.93,2.44,3.63,7.29,5.32,5.19,-1.98,1.59,1.72,1.0,1.63,3.92,71.92,6.1,30906000000.0
9076,"Seino Holdings Co., Ltd.",Industrials,4431.18,4.45,18.73,,4.31,3.3,5.65,3.24,4.42,12.77,11.9,10.93,8.86,11.87,62.27,4.63,4.05,3.64,4.51,10.25,14.71,1.79,4.3,5.14,3.66,2.83,3.65,83.85,12.03,87822000000.0
9081,"Kanagawa Chuo Kotsu Co., Ltd.",Industrials,502.5,2.22,13.89,,18.25,16.78,19.25,9.73,18.09,18.25,16.78,19.25,9.73,18.09,0.0,5.35,6.25,6.42,4.16,7.3,0.92,12.71,3.75,3.85,5.42,5.09,1.96,52.18,16.9,3514000000.0
9082,"Daiwa Motor Transportation Co., Ltd.",Consumer Cyclical,121.76,0.36,53.47,,8.22,4.51,5.62,4.61,6.12,8.22,4.51,5.62,4.61,6.12,0.0,1.93,-0.11,-1.95,0.46,4.54,3.62,3.27,1.22,1.45,-0.04,-2.29,0.78,43.94,12.45,3551000000.0
9083,"Shinki Bus Co.,Ltd.",Industrials,241.26,2.47,7.64,,-6.45,1.34,-11.72,-0.72,-5.61,19.87,19.5,15.19,14.49,18.19,134.24,7.56,6.56,6.36,5.27,4.96,7.02,10.4,5.52,6.16,4.51,4.43,3.41,89.8,25.04,6180000000.0
9087,Takase Corporation,Industrials,41.94,1.62,27.62,,11.43,0.25,11.45,10.84,7.71,13.64,6.15,15.91,17.1,11.9,46.73,2.5,0.95,2.1,3.32,1.75,1.9,-8.02,1.64,2.11,0.76,2.71,2.58,92.11,13.38,1853164000.0
9090,AZ-COM MARUWA Holdings Inc.,Industrials,1217.54,3.53,17.33,,-12.29,-0.22,4.45,1.96,-2.69,10.97,7.31,8.87,9.37,9.05,121.6,5.15,5.26,6.97,6.39,10.64,4.94,11.65,6.77,8.22,6.99,9.41,9.74,51.54,9.57,20222000000.0
9101,Nippon Yusen Kabushiki Kaisha,Industrials,29721.91,3.31,14.59,,5.68,10.24,2.19,21.08,6.04,15.93,17.18,13.51,27.75,15.54,62.84,5.72,8.14,7.32,11.33,-6.37,8.44,-8.75,2.69,2.84,5.62,3.72,9.13,70.03,17.72,214584000000.0
9104,"Mitsui O.S.K. Lines, Ltd.",Industrials,24417.65,2.89,11.47,,18.47,14.76,12.87,22.52,15.37,18.47,14.76,12.87,22.52,15.37,0.0,6.96,8.5,6.34,6.74,2.8,9.06,0.99,2.19,2.28,3.24,2.56,3.46,53.89,17.95,209824000000.0
9107,"Kawasaki Kisen Kaisha, Ltd.",Industrials,20467.64,3.52,16.4,,8.6,6.89,5.76,18.93,7.08,12.94,13.35,9.89,22.28,12.06,41.2,8.26,9.81,8.78,8.37,-2.82,9.4,1.63,4.25,5.05,5.09,3.61,4.34,88.52,16.59,322548000000.0
9110,"NS United Kaiun Kaisha, Ltd.",Industrials,2476.73,2.95,10.28,,12.06,6.59,7.15,14.85,8.6,14.3,14.07,12.52,17.33,13.63,37.26,8.93,8.17,9.27,12.95,-7.12,6.14,-7.07,7.02,9.51,6.98,7.0,11.46,74.6,12.62,65625000000.0
9115,"Meiji Shipping Group Co., Ltd.",Industrials,364.06,0.47,8.66,,10.93,57.49,49.8,-5.53,39.41,53.9,82.95,76.76,72.46,71.2,48.51,6.05,16.31,17.53,15.1,-9.29,3.89,11.98,1.33,1.81,3.77,5.23,3.47,39.42,15.65,55273295000.0
9119,"Iino Kaiun Kaisha, Ltd.",Industrials,1868.48,2.98,12.14,,-18.28,-2.05,9.33,7.28,-3.67,15.98,16.45,15.76,18.88,16.06,122.54,10.56,12.05,13.82,14.16,-10.27,2.84,-2.39,3.82,4.01,5.9,7.14,8.52,53.9,18.72,14084000000.0
9127,"Tamai Steamship Co., Ltd.",Industrials,56.76,3.02,9.17,,-28.79,13.14,16.21,11.04,0.19,19.83,22.59,25.74,20.62,22.72,108.0,12.84,16.48,13.99,18.01,-4.95,-13.36,-14.88,4.47,5.54,5.92,6.19,10.22,79.35,23.27,1974913000.0
9130,"Kyoei Tanker Co., Ltd.",Industrials,133.6,2.31,32.23,,-4.55,-10.3,20.87,24.09,2.01,41.48,35.25,45.19,36.84,40.64,98.0,8.02,9.05,-0.88,4.78,2.31,6.93,-0.65,1.37,1.52,1.39,-0.15,0.73,39.35,15.83,6968264000.0
9142,Kyushu Railway Company,Industrials,5444.18,3.41,11.7,,-2.4,-2.98,-8.2,-7.85,-4.53,13.38,17.76,16.35,11.4,15.83,128.28,14.8,12.98,11.2,8.96,10.12,8.09,9.7,5.87,6.16,5.21,4.45,3.52,49.7,42.58,44974000000.0
9143,"SG Holdings Co.,Ltd.",Industrials,8951.06,3.62,15.28,,4.57,7.31,4.01,14.97,5.3,13.95,13.25,8.67,18.48,11.96,55.29,5.49,5.94,6.77,9.43,11.19,12.32,-8.2,6.53,7.32,7.74,9.01,14.87,58.18,11.55,96706000000.0
9145,"Being Holdings Co., Ltd.",Industrials,136.64,2.61,11.08,,1.39,12.18,2.96,4.73,5.51,16.2,18.05,13.9,9.29,16.05,67.55,6.88,7.43,6.82,5.65,11.01,14.69,14.33,11.68,18.36,12.32,10.79,8.86,57.23,11.28,4995000000.0
9147,"Nippon Express Holdings, Inc.",Industrials,13765.55,1.77,74.22,,11.25,8.59,17.13,,12.32,16.55,13.49,21.45,,17.16,29.48,2.03,1.82,2.6,5.92,-0.11,15.12,-14.5,0.43,0.66,2.53,2.99,10.58,49.57,9.35,412203000000.0
9158,CUC Inc.,Healthcare,232.47,0.0,8.15,,-4.45,-13.27,-3.21,-13.88,-6.98,24.55,10.77,17.88,10.14,17.73,153.1,10.64,11.36,11.31,10.46,15.54,42.45,-6.21,4.74,6.25,5.9,5.14,8.78,37.37,46.76,15897000000.0
9159,W TOKYO Inc.,Communication Services,50.42,0.0,20.0,,6.62,11.0,3.33,16.88,6.98,6.81,11.28,3.71,17.15,7.27,5.11,9.11,8.96,12.84,17.85,11.46,-0.81,9.45,11.07,100.12,9.05,13.17,17.61,79.46,33.77,2044876000.0
9160,"ON THE PAGE, Inc.",Consumer Cyclical,128.34,0.0,12.02,,17.2,19.14,7.97,25.37,14.77,37.06,30.32,23.35,36.0,30.24,52.11,10.2,6.93,8.43,16.12,14.2,5.66,6.06,6.79,8.02,4.07,5.54,8.66,23.62,55.52,3435717000.0
9162,"Bleach, Inc.",Communication Services,58.67,0.0,,,-33.48,37.91,-1.02,,1.14,-31.68,38.51,1.04,,2.62,64.65,,-2.67,13.27,7.03,,-15.69,12.12,,,-7.35,36.95,,89.53,10.14,9642611000.0
9163,Nareru Group Inc.,Industrials,209.74,4.8,10.91,,10.5,10.93,10.76,7.06,10.73,10.96,11.01,11.03,7.41,11.0,2.46,11.7,14.4,13.72,14.03,11.8,20.08,23.76,11.06,14.78,11.7,9.41,8.08,73.98,25.82,4859757000.0
9165,"Qualtec Co.,Ltd.",Industrials,42.42,5.23,11.0,,5.78,0.36,12.06,,6.07,15.03,6.38,16.17,,12.53,60.46,,10.52,9.3,11.03,,10.68,3.75,,,10.69,8.39,,90.35,34.23,1902763000.0
9166,GENDA Inc.,Consumer Cyclical,1222.5,1.18,38.12,,-10.6,-3.28,2.02,2.02,-3.95,11.39,6.45,6.22,5.27,8.02,137.15,4.51,7.08,9.64,9.21,52.79,100.69,20.84,3.11,3.84,4.91,13.73,20.42,38.69,22.99,32161000000.0
9168,"Rise Consulting Group, Inc.",Industrials,101.3,4.94,8.51,,13.4,14.25,12.08,8.5,13.24,13.4,14.29,12.1,8.73,13.26,0.14,20.23,25.5,29.33,28.92,9.65,24.75,29.3,15.21,22.68,18.4,18.39,15.93,82.51,54.72,2720965000.0
9171,"Kuribayashi Steamship Co., Ltd.",Industrials,176.11,2.01,4.95,,10.88,30.29,1.97,4.72,14.38,32.03,38.7,24.58,27.83,31.77,59.91,3.87,5.1,3.14,4.13,1.42,8.56,-1.94,2.99,4.07,4.16,2.44,3.88,64.72,20.59,13053129000.0
9173,"Tokai Kisen Co., Ltd.",Industrials,61.69,0.35,21.53,,5.06,23.03,0.13,24.42,9.41,11.11,36.17,6.3,34.61,17.86,62.92,3.66,3.99,-4.78,3.25,-2.16,10.84,-5.41,2.41,3.21,2.55,-3.31,2.0,39.31,14.02,3882327000.0
9193,"Tokyo Kisen Co.,Ltd.",Industrials,89.08,2.23,1.76,,-0.1,-27.41,-31.41,-11.48,-19.64,20.4,13.55,6.94,16.86,13.63,318.48,0.81,-4.25,2.94,0.78,9.16,-3.79,5.48,0.24,0.41,-1.68,1.07,0.33,91.98,16.52,12836470000.0
9201,"Japan Airlines Co., Ltd.",Industrials,13307.47,3.11,10.09,,29.67,28.67,27.35,22.01,28.56,29.67,28.67,27.35,22.01,28.56,0.0,10.3,9.14,8.53,4.73,9.13,11.64,20.09,6.67,12.86,6.39,5.4,2.41,64.29,52.29,1041401000000.0
9202,ANA Holdings Inc.,Industrials,13074.98,1.99,9.48,,13.86,8.96,13.78,25.46,12.2,33.92,28.53,32.17,34.4,31.54,61.64,8.56,8.69,10.11,7.03,12.26,10.02,20.41,6.26,11.88,6.23,6.37,3.84,54.13,18.29,1256966000000.0
9204,Skymark Airlines Inc.,Industrials,255.63,1.65,15.62,,-43.75,9.69,25.08,17.27,-2.99,45.38,28.09,32.0,23.12,35.16,94.5,1.64,1.69,4.49,4.09,1.42,4.63,22.93,1.17,1.81,7.97,3.22,14.43,42.42,8.38,24481000000.0
9206,Star Flyer Inc.,Industrials,74.27,0.0,58.04,,12.32,65.08,2.34,-1.0,26.58,20.99,70.98,7.12,1.64,33.03,38.91,3.1,2.87,0.23,-4.08,4.42,7.2,24.0,9.66,,17.54,0.93,3.49,25.55,11.42,10048000000.0
9211,f-code Inc.,Communication Services,186.39,0.0,11.5,,5.8,4.39,4.46,0.46,4.88,6.27,4.92,4.71,0.65,5.3,7.89,19.35,25.9,25.97,12.23,132.67,106.72,131.55,8.17,13.8,6.77,5.85,2.86,27.13,59.69,8233207000.0
9212,"Green Earth Institute Co., Ltd.",Basic Materials,35.55,0.0,50.4,,-5.64,-2.18,-9.41,7.98,-5.74,-1.39,0.1,-9.03,9.49,-3.44,696.56,-0.39,-14.84,-11.91,-16.93,7.27,11.71,53.36,-0.15,-1.84,-7.13,-4.82,-4.3,98.05,59.74,2059541000.0
9213,Seyfert Ltd.,Industrials,13.7,1.16,,,-3.7,-2.8,8.55,4.26,0.68,-1.35,4.95,15.03,12.03,6.21,8.31,-5.87,1.02,8.05,10.47,-9.5,-1.68,-3.35,-21.5,,1.45,10.64,14.51,98.55,56.76,963625000.0
9214,"Recovery International Co.,Ltd.",Healthcare,17.06,0.0,16.05,,3.82,6.77,6.34,4.59,5.64,4.15,7.01,6.73,5.14,5.96,5.69,7.56,8.86,9.38,11.18,31.64,27.3,15.85,13.14,34.28,18.48,16.06,19.25,82.93,43.38,587195000.0
9215,"CaSy Co., Ltd.",Technology,18.56,0.0,59.23,,0.69,0.55,1.16,0.98,0.8,2.46,1.48,1.6,1.93,1.85,54.12,2.65,0.44,1.46,2.52,9.15,13.77,15.93,10.37,30.51,2.18,7.14,5.13,60.18,37.49,298622000.0
9216,"Bewith, Inc.",Industrials,245.0,4.51,42.27,,4.07,2.75,7.77,4.47,4.86,5.3,4.8,10.49,6.26,6.86,30.68,3.21,2.94,6.65,6.33,-0.28,-4.78,8.8,6.41,17.32,6.61,19.93,20.89,84.47,14.75,6492000000.0
9218,"Mental Health Technologies Co.,Ltd.",Healthcare,83.74,1.25,35.45,,5.98,2.38,1.34,3.88,3.23,7.55,3.23,2.12,4.51,4.3,28.06,9.3,2.14,19.21,16.17,25.33,96.84,14.0,8.59,13.35,-1.85,29.21,29.45,35.47,33.05,1492051000.0
9219,GiXo Ltd.,Technology,50.37,5.97,30.1,,-1.37,6.48,1.2,,2.1,-1.24,6.54,1.36,,2.22,0.73,,6.32,20.72,9.37,,25.6,59.48,,,4.41,13.59,,79.21,32.95,1772349000.0
9220,"FB Care Service Co.,Ltd.",Healthcare,30.95,3.87,6.77,,35.4,26.27,15.05,6.7,25.57,43.27,34.19,34.36,31.34,37.27,32.53,5.5,6.01,5.09,5.66,5.16,5.85,7.72,6.64,10.0,6.93,5.17,5.06,61.78,15.43,2173246000.0
9221,Fuluhashi EPO Corporation,Industrials,141.67,2.63,15.45,,-3.76,-7.59,7.32,5.74,-1.34,10.62,9.31,12.3,9.05,10.74,119.11,11.74,12.28,11.88,10.39,6.65,7.2,8.38,8.07,9.05,9.33,5.22,6.56,53.83,44.27,1122972000.0
9223,"ASNOVA Co., Ltd.",Industrials,44.15,0.56,,,28.11,-34.23,-31.38,-38.31,-12.5,39.69,33.56,39.19,20.8,37.48,137.07,0.11,1.14,9.24,5.98,15.21,12.7,20.52,0.09,0.1,-0.14,2.55,1.82,28.78,27.28,881997000.0
9225,Bridge Consulting Group Inc.,Industrials,20.13,0.0,21.32,,1.52,9.15,10.29,-0.2,6.99,1.56,9.24,10.29,0.68,7.03,1.22,9.05,11.46,9.39,7.56,10.98,21.94,30.22,11.92,96.16,14.79,12.41,9.48,93.28,53.58,1061305000.0
9227,"Microwave Chemical Co., Ltd.",Basic Materials,131.37,0.0,,,-1.71,-0.69,1.31,-2.68,-0.36,-0.56,1.57,2.84,-1.72,1.28,-2.64,,11.65,7.21,4.92,,-13.68,53.32,,,17.27,6.69,7.35,20.78,32.28,0.0
9229,"Sunwels Co.,Ltd.",Healthcare,35.68,0.0,0.85,,-42.13,-65.34,-82.27,-20.77,-63.25,-9.31,52.78,71.67,31.95,38.38,28.62,-4.35,4.2,11.3,10.45,6.19,31.78,46.6,-13.1,-19.01,20.44,9.14,13.04,18.11,9.82,4092000000.0
9233,"Asia Air Survey Co., Ltd.",Industrials,210.74,3.79,14.51,,-6.15,-4.52,14.35,-3.86,1.23,3.35,2.82,23.31,4.17,9.83,194.19,6.87,7.08,7.36,7.32,3.28,7.95,10.78,6.97,8.52,8.05,9.2,8.71,98.92,27.42,4708960000.0
9235,"Ureru Net Advertising Group Co.,Ltd.",Communication Services,38.51,0.0,,,-13.23,6.87,-1.71,,-2.69,-9.99,6.87,-1.71,,-1.61,-10.8,,-40.76,15.76,-9.23,,-21.13,13.7,,,-48.85,19.19,,11.72,57.86,278019000.0
9236,Japan M&A Solution Incorporated,Industrials,21.71,1.34,42.54,,0.25,-5.51,9.14,0.99,1.29,0.36,-5.44,9.25,1.47,1.39,9.97,-8.66,-2.47,23.4,14.03,8.62,-20.0,73.35,-12.82,,-1.68,21.89,17.13,,27.89,604150000.0
9237,"Emimen Co., Ltd.",Industrials,32.59,0.0,44.41,,1.34,4.32,2.89,1.14,2.85,2.36,4.85,3.22,1.17,3.48,21.42,6.12,16.66,14.08,4.07,43.89,59.85,33.55,9.59,31.96,21.77,20.69,19.86,69.89,86.66,657258000.0
9238,"Value Creation Co.,Ltd.",Communication Services,8.28,0.0,,,-107.3,17.3,35.73,17.39,-18.09,-21.64,28.75,39.44,18.37,15.52,-115.53,-13.55,-7.62,5.86,4.02,1.83,4.16,4.41,-36.58,-172.93,-14.66,9.62,8.34,38.71,25.78,916477000.0
9240,Delivery Consulting Inc.,Technology,18.45,0.0,17.26,,-4.19,12.25,-9.73,11.69,-0.56,-3.6,13.98,-6.14,12.52,1.41,-20.76,1.89,7.83,2.39,16.55,1.37,23.4,2.77,2.64,10.72,13.99,2.94,24.07,99.12,38.5,860933000.0
9241,"Future Link Network Co.,Ltd.",Communication Services,10.71,0.0,22.65,,8.52,-9.85,-3.02,-7.73,-1.45,12.3,-3.57,2.5,-5.27,3.74,25.04,-1.14,-2.54,-4.93,-4.37,1.95,9.59,10.22,-1.8,-31.78,-1.98,-17.19,-17.17,43.41,63.93,489447000.0
9242,"Media Research Institute,Inc.",Industrials,24.32,1.43,15.86,,5.13,5.09,5.03,,5.08,5.27,6.71,6.59,,6.19,16.89,,16.42,21.21,23.48,,20.92,23.08,,,8.62,12.28,,,72.02,1108429000.0
9244,DIGITALIFT Inc.,Communication Services,22.52,0.0,12.78,,10.05,-1.36,3.7,5.48,4.13,10.26,-0.4,3.7,5.52,4.52,-79.66,5.37,1.02,2.82,7.03,4.93,-6.6,35.23,7.0,57.87,2.75,4.33,12.52,47.04,32.43,1466498000.0
9245,Livero Inc.,Communication Services,108.96,2.07,14.19,,7.79,6.37,3.53,-0.52,5.9,8.85,7.6,4.56,0.1,7.0,16.88,17.42,12.7,6.16,3.05,21.69,23.64,13.54,19.86,155.97,14.45,7.02,2.68,,71.85,2320408000.0
9246,"ProjectHoldings, Inc.",Industrials,58.93,0.0,43.44,,9.1,-12.42,7.25,12.84,1.31,9.66,-2.24,7.68,13.28,5.03,-147.75,2.84,-3.56,13.58,22.02,3.9,-15.98,44.37,4.1,10.25,-5.78,12.36,19.67,70.43,36.06,2095905000.0
9247,TRE Holdings Corporation,Industrials,849.73,2.81,5.92,,33.59,23.34,14.35,10.81,23.76,33.59,23.34,14.35,10.81,23.76,0.0,18.74,19.37,8.37,8.28,0.41,27.8,2.37,11.02,14.4,11.16,4.15,4.46,57.85,30.89,33680000000.0
9248,"People, Dreams & Technologies Group Co., Ltd.",Industrials,150.09,3.57,6.13,,-13.38,3.92,3.12,-11.89,-2.11,-7.61,6.55,9.51,-8.17,2.82,10.49,5.83,4.5,7.19,9.04,15.5,0.01,5.87,5.89,8.2,-2.51,5.91,10.53,72.68,27.88,7776000000.0
9249,"Japan Ecosystem Co., Ltd.",Communication Services,143.85,1.09,31.02,,-19.13,-9.22,2.03,2.53,-8.77,4.45,3.54,5.33,6.15,4.44,317.23,3.88,8.17,8.39,11.06,21.07,22.76,4.94,1.62,1.71,7.97,6.87,9.38,46.28,26.44,596698000.0
9250,GRCS Inc.,Technology,15.58,0.0,39.28,,-4.96,18.73,-10.07,-18.11,1.23,1.3,20.07,-7.81,-16.17,4.52,153.0,-2.03,1.34,-5.23,-7.82,1.36,18.14,16.05,-12.43,-73.99,18.25,-27.26,-19.58,0.48,28.61,530760000.0
9251,"AB&Company Co.,Ltd.",Consumer Cyclical,228.36,3.74,20.31,,10.81,11.74,9.46,8.38,10.67,12.61,14.94,11.88,9.98,13.14,18.69,8.42,9.57,10.74,10.85,6.57,8.3,33.34,5.77,6.66,7.56,7.66,6.0,37.08,47.24,2263000000.0
9252,"Last One Mile Co.,Ltd.",Industrials,110.09,0.73,11.15,,12.03,14.07,3.88,2.67,9.99,12.61,14.98,4.18,2.7,10.59,6.01,7.41,7.99,7.99,2.61,31.76,0.0,41.51,10.36,19.7,14.43,36.8,7.02,57.26,71.07,3149480000.0
9253,Slogan Inc.,Industrials,19.43,0.0,10.7,,16.43,8.55,5.68,-4.07,10.22,16.92,9.04,5.96,-3.25,10.64,4.32,17.62,9.21,10.96,14.18,17.75,-4.81,-3.61,11.63,,6.03,7.09,10.25,,98.2,2014364000.0
9254,"Lovable Marketing Group,inc.",Communication Services,17.42,0.0,10.28,,-1.01,14.71,-13.32,13.03,0.13,-0.11,15.01,-10.12,13.04,1.59,-287.09,6.1,6.35,4.86,14.43,21.68,30.73,19.13,10.04,24.77,5.79,4.53,11.89,38.29,48.29,870697000.0
9256,"Succeed co.,ltd.",Consumer Defensive,35.49,1.58,14.5,,2.18,6.61,6.45,5.52,5.08,3.44,7.5,7.64,6.32,6.19,21.4,8.26,10.97,10.29,13.03,23.61,7.49,9.82,9.14,40.56,10.75,10.1,13.03,99.92,19.11,2036343000.0
9258,"CS-C.Co.,Ltd.",Communication Services,20.05,0.0,,,-4.0,-4.43,2.79,7.32,-1.88,1.81,6.45,12.08,14.42,6.78,189.04,-2.4,-0.17,9.16,11.16,16.63,12.26,11.27,-4.29,-16.71,-0.5,6.42,6.79,84.19,56.31,1860214000.0
9259,"TAKAYOSHI Holdings, INC.",Consumer Defensive,47.58,3.52,9.87,,10.97,10.25,0.06,16.62,7.09,14.69,21.36,15.57,25.69,17.21,58.96,11.44,11.56,13.8,14.98,1.83,9.1,11.6,14.81,27.39,11.94,12.25,12.97,89.38,94.35,1616508000.0
9262,"Silver Life Co., Ltd.",Consumer Defensive,74.46,2.93,9.02,,2.04,3.26,-4.43,,0.29,17.66,16.14,16.25,,16.68,98.5,,,5.67,5.46,,,10.5,,,,7.16,,83.74,30.87,1265092000.0
9264,"Puequ CO.,LTD.",Industrials,73.91,4.61,25.09,,-3.35,-3.57,-1.04,0.44,-2.65,14.37,0.45,3.41,4.25,6.08,381.23,9.02,6.63,5.72,4.73,20.81,18.71,21.46,4.25,6.38,3.19,3.02,-0.96,31.1,26.34,4339221000.0
9265,"Yamashita Health Care Holdings,Inc.",Healthcare,96.39,1.77,14.67,,-12.78,3.19,8.31,21.63,-0.43,0.91,6.4,9.11,22.47,5.47,519.67,1.16,1.31,1.58,2.0,-0.52,4.76,5.77,5.53,9.89,6.14,7.56,4.91,,13.72,4127000000.0
9267,"Genky DrugStores Co., Ltd.",Healthcare,1060.31,0.37,13.49,,-2.99,-2.37,2.65,-1.09,-0.9,16.01,11.88,12.5,8.27,13.46,105.78,4.98,4.81,4.88,3.97,9.89,8.62,9.35,7.69,8.34,7.86,8.39,6.54,60.76,20.36,7866000000.0
9268,Optimus Group Company Limited,Consumer Cyclical,281.99,4.36,12.64,,-3.31,4.35,-13.55,-8.5,-4.17,27.63,8.11,-12.47,-7.75,7.76,49.91,58.02,10.57,5.56,5.39,119.28,-98.52,125.53,3.73,3.88,0.33,3.78,4.62,22.04,15.17,2629000000.0
9270,Valuence Holdings Inc.,Consumer Cyclical,257.55,2.26,9.66,,-13.13,-5.49,-3.1,-11.06,-7.24,-2.16,0.88,5.34,-6.66,1.35,124.83,1.71,-0.52,2.87,2.98,4.14,7.01,20.11,3.42,4.3,-2.04,5.03,5.4,33.43,25.12,5304975000.0
9271,"Wagokoro Co., Ltd.",Consumer Cyclical,80.12,1.31,9.56,,5.08,1.77,-5.14,-2.36,0.57,7.62,2.47,-4.31,-1.57,1.93,14.1,20.39,19.89,3.66,-20.39,32.88,57.4,33.51,44.51,70.66,40.38,-7.17,-193.33,82.73,70.31,599863000.0
9272,"Boutiques, Inc.",Consumer Cyclical,140.86,0.0,22.96,,9.27,10.15,5.22,4.92,8.21,9.92,11.3,5.5,5.93,8.91,7.3,28.51,31.57,20.76,31.03,25.98,-1.64,44.86,27.52,,9.68,16.9,18.51,72.24,85.23,4640070000.0
9273,"Koa Shoji Holdings Co.,Ltd.",Healthcare,316.31,4.91,8.44,,24.0,,12.11,8.65,18.06,24.0,,12.11,8.65,18.06,0.0,22.19,,19.8,19.27,,,0.37,10.77,21.96,,10.6,11.6,90.37,32.43,17580079000.0
9274,"Kpp Group Holdings Co., Ltd.",Basic Materials,718.0,3.51,13.37,,22.66,8.91,21.82,6.06,17.8,27.6,15.56,27.6,14.36,23.59,27.18,1.55,2.02,2.46,3.09,-2.94,3.97,-2.31,3.63,3.89,5.46,7.31,10.26,43.21,20.0,12633000000.0
9278,Bookoff Group Holdings Limited,Consumer Cyclical,497.26,1.44,17.99,,4.89,1.16,3.86,-6.13,3.3,9.84,6.16,8.21,0.49,8.07,61.49,3.39,2.9,2.74,2.53,9.16,6.76,9.64,6.77,7.98,5.29,5.13,7.3,45.34,56.74,6459000000.0
9279,Gift Holdings Inc.,Consumer Cyclical,1589.56,0.81,27.26,,-0.69,-0.5,0.58,0.4,-0.2,2.57,2.06,1.59,1.35,2.07,104.83,9.39,10.22,10.24,9.24,26.01,23.89,35.07,14.19,16.7,16.13,18.09,15.2,63.87,66.77,2429719000.0
9301,Mitsubishi Logistics Corporation,Industrials,5365.73,2.83,10.17,,1.22,5.52,7.78,7.55,4.84,1.22,5.52,7.78,7.55,4.84,0.0,5.82,7.15,7.44,7.66,-3.74,11.62,-15.33,2.27,2.67,2.79,2.64,3.42,73.14,12.26,72393000000.0
9302,"MITSUI-SOKO HOLDINGS Co., Ltd.",Industrials,2518.66,1.5,23.2,,4.8,3.23,4.65,10.56,4.23,9.41,8.7,9.2,12.84,9.1,53.77,7.38,6.35,7.96,8.63,6.67,7.73,-13.38,6.92,8.83,6.54,7.62,10.08,64.11,15.4,48042000000.0
9303,"The Sumitomo Warehouse Co., Ltd.",Industrials,3172.72,2.47,18.19,,0.42,5.59,-0.35,5.35,1.89,8.88,10.0,6.94,9.4,8.61,81.47,5.82,6.87,7.14,11.65,1.47,4.73,-17.54,2.08,2.33,2.71,2.82,5.89,81.44,11.2,42376000000.0
9304,Shibusawa Logistics Corporation,Industrials,1235.51,3.73,19.88,,2.92,-0.13,-0.66,4.39,0.71,4.65,5.14,4.72,5.45,4.84,84.54,5.14,5.94,5.82,6.24,1.43,7.09,-6.48,3.03,3.44,3.48,3.37,3.7,68.9,10.88,11296000000.0
9305,Yamatane Corporation,Industrials,449.12,4.04,8.33,,11.59,-11.26,-19.38,11.26,-6.35,18.16,12.91,8.2,15.55,13.09,186.58,6.61,4.67,5.4,7.02,9.58,25.44,26.27,2.81,3.09,2.0,2.02,2.5,43.76,14.97,13054000000.0
9306,"Toyo Logistics Co., Ltd.",Industrials,152.85,3.94,9.2,,1.27,6.43,-8.96,-4.9,-0.42,14.72,21.22,11.85,17.34,15.93,112.23,4.56,4.25,4.05,4.47,3.34,4.7,-1.04,2.35,2.74,2.27,2.18,2.32,65.4,7.83,6070796000.0
9307,"Sugimura Warehouse Co., Ltd.",Industrials,153.08,2.17,15.87,,8.3,11.08,10.99,9.66,10.12,12.29,12.72,13.73,12.08,12.91,21.74,12.55,12.16,11.91,9.97,0.06,3.54,2.81,4.77,7.88,4.63,4.45,3.61,88.41,23.6,7940079000.0
9308,"Inui Global Logistics Co., Ltd.",Industrials,611.41,1.93,73.64,,0.78,-1.28,-4.61,8.65,-1.7,7.27,13.08,0.84,20.14,7.06,281.67,6.42,11.51,5.69,29.52,5.87,7.72,-33.37,1.72,2.41,4.86,1.73,15.44,54.65,11.11,19684000000.0
9310,Japan Transcity Corporation,Industrials,886.83,3.09,13.86,,4.77,12.87,-12.1,9.1,1.85,10.48,17.07,8.21,13.07,11.92,108.8,6.81,6.26,5.09,5.41,0.6,1.8,-8.58,4.53,5.56,4.35,3.46,5.07,75.45,12.57,25390000000.0
9311,Asagami Corporation,Industrials,107.65,1.79,6.04,,24.12,14.58,18.24,7.74,18.98,34.65,29.04,26.38,18.66,30.02,37.01,6.6,4.95,3.88,4.08,0.46,-1.74,-3.55,5.34,6.99,3.91,2.89,3.05,74.94,21.01,7456102000.0
9312,"The Keihin Co., Ltd.",Industrials,199.12,3.68,7.85,,28.25,19.1,19.62,26.3,22.32,28.25,19.1,19.62,26.3,22.32,0.0,6.81,5.75,5.74,6.39,-0.28,8.45,-22.23,5.29,5.93,5.26,4.98,7.87,74.93,11.16,4859000000.0
9313,"Maruhachi Warehouse Company, Limited",Industrials,60.64,5.3,15.35,,-41.56,12.96,15.4,6.41,-4.4,5.69,14.01,18.89,16.92,12.86,285.51,10.09,12.41,11.55,12.01,-1.21,0.39,4.37,1.74,1.81,2.56,2.38,2.36,72.14,24.16,727601000.0
9319,"Chuo Warehouse Co.,Ltd.",Industrials,320.11,2.33,15.9,,-0.3,6.13,2.62,-0.8,2.82,9.26,12.88,8.88,12.74,10.34,75.39,7.32,7.87,7.3,8.15,0.68,5.01,2.49,2.63,3.13,2.77,2.57,2.87,86.53,11.82,8880384000.0
9322,"Kawanishi Warehouse Co.,Ltd.",Industrials,191.21,1.3,30.35,,4.61,5.17,8.94,9.42,6.24,8.81,12.79,11.23,14.02,10.94,42.55,4.29,4.02,4.64,3.3,3.36,2.2,-7.8,2.22,2.72,2.17,3.07,2.1,68.2,16.11,5729473000.0
9324,Yasuda Logistics Corporation,Industrials,798.99,2.72,12.04,,1.49,8.82,-8.5,0.01,0.6,11.24,16.28,7.36,8.19,11.63,115.98,5.36,4.68,3.93,4.25,6.54,11.48,12.77,1.58,1.86,1.39,1.03,1.21,57.45,13.14,27753000000.0
9325,PHYZ Holdings Inc.,Industrials,115.15,3.56,11.25,,2.61,2.26,5.44,12.98,3.44,14.33,6.56,6.82,13.68,9.24,55.9,3.8,4.63,4.79,4.83,27.54,14.84,16.33,13.45,26.14,16.49,22.7,22.59,62.47,6.69,3773275000.0
9326,"Kantsu HD Co.,Ltd.",Industrials,48.44,2.11,24.07,,-0.46,-15.55,-13.96,-15.53,-9.99,10.2,-1.98,-1.12,4.47,2.37,-574.67,1.74,-0.31,3.44,3.74,20.14,27.91,13.77,2.16,2.99,-0.5,2.34,3.67,20.8,8.37,2645892000.0
9327,"e-LogiT co.,ltd.",Industrials,30.26,0.0,,,-5.6,-12.46,-44.6,-3.1,-20.89,-4.91,-6.82,-40.82,1.11,-17.52,-35.32,-1.39,-0.77,-5.4,-2.25,-6.9,-20.28,0.34,-5.94,-15.87,-6.83,-119.4,-13.32,,5.63,1453996000.0
9330,AGEHA Inc.,Communication Services,13.0,0.0,,,15.5,-27.26,3.73,10.98,-2.68,17.4,-26.73,3.79,11.25,-1.85,3.51,-4.76,0.13,6.55,8.12,-0.89,-10.13,24.19,-5.71,-29.13,0.12,6.02,11.06,,52.23,868031000.0
9331,Caster Co.Ltd.,Industrials,13.88,0.0,,,-27.52,-11.84,-2.9,-9.25,-14.09,-26.8,-11.07,-2.3,-9.23,-13.39,-12.02,-8.35,-3.41,0.07,-4.88,3.33,6.24,25.21,-33.19,,-11.37,0.39,-10.63,52.53,36.63,1184046000.0
9332,"NISSO HOLDINGS Co., Ltd",Industrials,230.32,3.67,12.11,,5.48,5.19,10.92,8.97,7.2,6.66,7.3,14.02,9.92,9.33,22.96,2.86,3.5,3.16,2.5,9.72,4.85,6.64,9.99,14.36,12.01,11.62,9.08,95.23,16.91,5908000000.0
9336,"Daiei Kankyo Co., Ltd.",Industrials,3745.36,1.45,23.45,,2.19,1.81,2.28,0.89,2.09,6.8,6.15,5.79,4.34,6.25,66.29,25.26,26.88,26.99,24.57,9.57,9.78,7.95,6.86,9.12,8.98,8.82,7.55,51.26,43.2,55786000000.0
9337,toridori Inc.,Technology,47.83,0.0,17.17,,0.92,-0.3,-0.74,-9.74,-0.04,8.44,2.04,-0.23,-9.49,3.42,-4.83,13.17,10.64,3.84,-18.05,25.72,32.64,56.81,11.89,22.07,10.6,6.59,-26.01,43.09,91.11,1958175000.0
9339,"Coach A Co., Ltd.",Consumer Defensive,34.07,1.4,33.97,,2.36,-1.9,-2.91,12.14,-0.82,8.4,3.89,1.85,13.8,4.71,159.32,6.05,4.26,7.95,13.14,-3.87,-0.17,1.34,3.78,,2.89,3.19,13.54,,43.58,3422473000.0
9340,"ASO International, Inc.",Healthcare,81.37,3.39,15.88,,4.75,2.12,2.42,,3.1,5.37,3.02,3.03,,3.81,20.51,,15.38,14.43,16.44,,11.12,2.41,,,15.37,17.4,,,44.19,1899993000.0
9341,"GENOVA, Inc.",Healthcare,107.5,4.89,38.99,,-0.44,9.85,16.42,10.32,8.61,0.5,11.12,16.95,11.19,9.52,67.25,3.46,20.25,26.5,26.62,15.59,15.23,33.32,2.85,9.37,20.22,26.49,31.37,77.67,55.94,5317442000.0
9342,Sumasapo Inc.,Real Estate,23.35,0.0,32.45,,3.8,5.02,-11.22,3.22,-0.8,8.31,8.63,-8.04,6.43,2.97,18.89,6.76,4.05,-6.83,3.76,5.29,37.19,-4.5,22.72,65.31,23.07,-40.76,21.25,,36.57,372651000.0
9343,ibis inc.,Technology,146.23,1.5,16.53,,5.44,7.33,1.33,3.19,4.7,6.57,8.22,2.1,3.79,5.63,21.68,24.02,24.98,10.62,6.47,8.21,13.18,20.28,28.21,94.6,38.12,21.45,28.84,99.56,60.92,2083187000.0
9344,Axis Consulting Corporation,Industrials,67.36,3.06,23.43,,-4.39,3.51,3.13,9.27,0.75,-2.72,6.63,3.29,9.76,2.4,-3.21,4.0,12.13,15.52,14.26,29.13,-6.0,23.6,4.7,25.08,10.0,15.55,27.68,91.41,54.2,2999000000.0
9345,"Bizmates, Inc.",Consumer Defensive,19.24,2.53,11.43,,2.64,3.4,6.78,10.23,4.27,11.68,22.4,13.19,14.9,15.76,70.28,8.12,10.91,11.12,12.12,0.49,10.81,10.49,10.56,64.93,13.68,14.19,30.12,95.91,76.02,1673871000.0
9346,"Cocorport, Inc.",Industrials,69.22,4.57,11.86,,7.98,7.18,7.11,4.74,7.42,9.65,8.64,8.13,6.09,8.81,15.57,11.44,12.11,12.24,12.05,11.54,10.88,13.12,18.3,45.19,19.42,21.83,25.08,,28.09,1957219000.0
9347,"NIPPON KANZAI Holdings Co.,Ltd.",Real Estate,1070.38,2.03,15.02,,7.98,-0.23,4.69,3.24,4.15,9.44,1.59,5.11,4.16,5.38,45.98,5.79,6.21,6.75,7.24,7.43,14.02,18.25,7.92,15.27,8.09,8.21,8.94,93.81,28.9,37427000000.0
9348,"ispace, inc.",Technology,605.73,0.0,-5.85,,-25.82,-24.06,-11.69,-12.23,-20.52,-22.4,-19.89,-8.3,-12.09,-16.86,-25.74,-350.16,-206.51,-233.41,-1114.38,-30.28,101.24,138.27,-25.98,-77.67,-42.36,-24.91,-249.2,22.55,-86.28,29690611000.0
9351,"Toyo Wharf & Warehouse Co., Ltd.",Industrials,138.58,4.15,9.65,,23.53,15.54,18.79,30.19,19.29,23.53,15.54,18.79,30.19,19.29,0.0,3.94,3.29,2.82,4.04,8.49,1.16,-8.9,2.2,2.45,1.83,1.63,2.89,64.98,10.44,4847000000.0
9353,"Sakurajima Futo Kaisha, Ltd.",Industrials,45.59,1.8,15.7,,1.26,3.27,-6.78,-12.21,-0.75,15.22,16.58,16.58,13.86,16.13,104.31,5.89,4.68,5.73,4.07,-1.79,5.49,6.39,1.89,2.16,1.82,2.1,1.8,85.18,20.16,1172711000.0
9355,Rinko Corporation,Industrials,59.5,1.81,5.53,,9.46,10.86,14.06,14.32,11.46,24.01,22.33,23.57,21.23,23.3,50.77,3.54,3.5,1.17,1.55,2.31,3.3,-2.47,2.26,2.3,1.35,0.49,0.79,68.16,13.19,526959000.0
9360,Suzuyo Shinwart Corporation,Technology,78.32,4.36,7.25,,1.69,14.41,17.96,6.75,11.35,9.1,22.42,22.66,10.29,18.06,45.98,8.44,7.3,5.96,3.29,8.13,11.4,10.69,17.69,20.93,18.04,14.94,6.82,82.57,27.04,1028000000.0
9361,"Fushiki Kairiku Unso Co.,Ltd.",Industrials,52.17,2.98,6.33,,-4.68,19.29,14.57,,9.73,22.04,31.61,26.14,,26.6,68.16,,5.73,10.21,6.4,,-1.0,7.02,,,2.87,5.24,,77.59,17.14,2553344000.0
9362,"Hyoki Kaiun Kaisha, Ltd.",Industrials,44.42,2.93,11.18,,3.51,17.09,20.19,17.45,13.6,11.73,19.74,20.44,17.45,17.3,28.24,3.26,3.99,3.55,3.05,-2.46,-6.22,-20.3,2.89,3.46,3.8,3.59,3.9,43.48,18.59,1702000000.0
9363,"Daiun Co.,Ltd.",Industrials,24.44,2.97,7.31,,20.81,5.65,13.18,2.19,13.21,22.24,8.84,14.26,3.56,15.11,16.71,3.77,2.81,2.4,1.83,6.22,7.17,-9.39,5.67,8.41,3.97,2.91,2.51,47.88,7.73,1498422000.0
9364,"Kamigumi Co., Ltd.",Industrials,4791.88,4.29,15.8,,7.45,8.43,8.86,7.42,8.25,7.45,8.43,8.86,7.42,8.25,0.0,12.4,11.85,11.47,11.52,5.58,4.65,-2.68,5.54,6.93,5.54,5.19,5.69,86.62,21.08,93374000000.0
9365,Tradia Corporation,Industrials,24.45,3.01,6.75,,-38.08,4.44,8.01,36.85,-8.54,20.47,18.89,10.8,40.29,16.72,129.49,1.43,1.52,1.33,2.23,-1.2,10.92,-24.41,1.69,1.88,2.05,1.68,3.82,57.6,6.57,1052451000.0
9366,Sanritsu Corporation,Industrials,74.43,2.93,11.06,,-42.68,8.67,2.97,0.73,-10.35,17.27,22.35,14.82,19.02,18.15,162.75,5.04,5.14,4.46,5.01,2.04,3.73,-4.61,3.31,3.71,3.71,3.95,4.54,56.6,21.26,2382728000.0
9367,"Daito Koun Co.,Ltd.",Industrials,172.96,1.6,19.85,,0.91,-3.74,4.97,3.62,0.71,5.12,5.32,5.98,4.6,5.47,89.81,6.04,3.94,4.0,6.06,8.18,4.43,-6.3,6.19,7.85,3.86,3.8,6.95,83.93,28.81,2707507000.0
9368,"Kimura Unity Co., Ltd.",Industrials,396.04,3.94,12.36,,7.47,10.49,12.53,9.02,10.16,9.28,12.23,13.99,11.34,11.83,14.7,7.68,7.53,6.68,5.53,5.59,-0.59,3.98,6.87,11.42,7.31,6.7,5.94,91.73,20.02,19020000000.0
9369,K.R.S. Corporation,Industrials,744.2,0.82,30.44,,-3.95,-0.59,0.94,0.99,-1.2,12.86,16.56,12.22,10.91,13.88,108.85,2.79,2.85,2.18,2.06,3.8,5.73,2.77,4.27,4.5,4.66,84.37,2.81,55.85,6.09,4529000000.0
9376,"Eurasia Travel Co., Ltd.",Consumer Cyclical,31.36,5.9,55.7,,4.09,10.69,4.61,-4.78,6.46,4.76,11.15,4.65,-4.77,6.85,6.33,2.4,2.32,-4.11,-79.96,4.12,56.12,486.67,5.74,,6.12,-7.42,-27.35,,18.85,1991198000.0
9380,"Azuma Shipping Co., Ltd.",Industrials,122.3,2.03,17.3,,-16.06,-13.49,-15.9,9.12,-15.15,17.42,24.73,6.74,13.66,16.3,227.52,2.16,1.75,0.73,1.61,1.9,-0.87,-4.15,2.18,2.7,1.81,0.73,1.33,61.1,10.71,5833125000.0
9381,AIT Corporation,Industrials,556.8,4.71,17.53,,6.17,5.63,5.5,9.3,5.77,6.34,5.8,5.7,9.56,5.95,3.02,7.19,7.32,8.42,7.61,4.96,8.25,-26.0,14.31,45.65,14.56,16.5,19.71,,17.63,14169000000.0
9385,Shoei Corporation,Communication Services,57.95,4.67,6.79,,14.31,-0.7,20.79,10.05,11.47,20.15,15.99,24.52,12.36,20.22,49.52,6.99,3.93,4.0,0.74,0.08,-2.13,-6.26,10.57,12.14,5.84,8.09,1.55,58.43,24.56,1084352000.0
9401,"TBS Holdings,Inc.",Communication Services,8902.57,1.73,17.57,,-0.73,-0.37,1.71,0.27,0.2,1.14,2.62,2.98,3.44,2.25,107.08,5.83,4.79,3.85,5.65,4.46,3.14,7.11,1.34,1.49,1.34,0.91,1.75,95.31,33.26,124230000000.0
9404,"Nippon Television Holdings, Inc.",Communication Services,7149.92,1.53,13.0,,7.09,5.17,4.95,4.94,5.74,8.5,6.7,6.25,6.36,7.15,20.08,14.31,11.89,9.89,11.25,4.87,9.06,2.31,4.9,6.27,3.91,3.11,3.91,97.48,37.34,219198000000.0
9405,Asahi Broadcasting Group Holdings Corporation,Communication Services,358.26,2.76,8.1,,14.16,1.12,5.2,-5.33,6.83,21.71,14.79,15.79,8.24,17.43,64.76,4.96,2.82,0.92,2.98,4.43,1.63,3.93,3.08,4.85,1.96,2.63,1.66,86.68,33.87,35180000000.0
9408,"BSN Media Holdings, Inc.",Technology,166.51,0.67,12.07,,9.95,6.79,3.73,2.76,6.82,14.81,11.13,7.46,10.39,11.13,40.61,6.75,7.06,5.82,7.23,5.67,5.79,-0.34,4.42,6.84,4.63,3.94,5.89,95.29,26.5,9598340000.0
9409,TV Asahi Holdings Corporation,Communication Services,3126.77,3.23,10.57,,3.59,-2.13,0.95,-0.75,0.8,7.98,8.48,6.11,4.89,7.52,88.16,7.71,6.08,4.01,4.76,4.76,5.25,1.09,4.09,4.79,3.2,2.09,2.63,,30.48,68240000000.0
9412,SKY Perfect JSAT Corporation,Communication Services,5888.06,2.32,25.25,,0.6,3.13,4.59,6.83,2.77,9.11,7.2,7.2,9.79,7.84,62.05,27.65,22.22,21.78,18.43,3.12,1.52,0.61,7.12,9.26,5.7,5.46,4.73,92.17,49.29,77800000000.0
9413,TV TOKYO Holdings Corporation,Communication Services,917.77,2.93,11.88,,12.93,4.66,1.7,8.19,6.43,17.58,8.25,7.05,12.13,10.96,48.61,6.92,5.0,5.95,6.12,5.83,4.88,-1.57,6.8,12.06,5.01,5.53,6.43,95.04,33.29,49240000000.0
9414,Nippon BS Broadcasting Corporation,Communication Services,172.28,3.12,15.63,,10.44,14.09,-0.5,10.47,8.01,10.62,14.33,7.76,10.7,10.9,36.61,16.36,17.02,15.97,19.55,-3.5,-1.42,1.36,5.34,12.81,6.13,6.01,7.24,99.8,47.65,14288695000.0
9416,Vision Inc.,Communication Services,515.01,5.41,20.58,,3.21,3.96,6.29,0.49,4.49,6.88,6.05,9.81,2.99,7.58,41.25,16.57,15.1,13.46,9.47,9.8,11.7,24.8,19.57,47.05,18.46,19.26,12.23,92.37,55.57,13560602000.0
9417,"Smartvalue Co., Ltd.",Technology,32.7,2.73,9.4,,-21.2,-2.26,15.88,,-2.53,0.81,-0.64,18.25,,6.14,824.22,,-8.09,-1.93,-0.4,,-1.51,1.79,,,-11.34,-3.45,,8.7,32.96,1726858000.0
9418,"U-NEXT HOLDINGS Co.,Ltd.",Industrials,3243.14,0.95,17.22,,1.15,1.79,0.66,3.23,1.2,6.37,4.89,3.29,5.45,4.85,75.1,8.2,8.91,7.8,7.28,19.48,18.24,16.15,12.39,18.82,11.96,10.11,10.11,55.26,33.0,56882000000.0
9419,"WirelessGate, Inc.",Communication Services,32.42,0.0,11.1,,5.07,7.02,12.99,5.67,8.36,5.2,7.06,13.08,5.67,8.45,1.21,2.05,3.61,2.65,2.24,-1.35,-0.25,-0.56,9.08,26.95,16.95,16.13,13.32,67.55,53.11,1683111000.0
9421,NJ Holdings Inc.,Communication Services,28.05,0.0,,,30.4,,23.57,12.12,26.98,30.4,,23.57,12.12,26.98,0.0,1.85,,1.06,-2.36,,,-4.28,97.05,234.96,,3.53,-8.83,68.56,21.21,1305659000.0
9423,Forval RealStraight Inc.,Real Estate,25.7,2.83,15.04,,7.26,2.2,3.63,11.43,4.36,7.59,2.55,4.19,11.52,4.78,10.37,3.05,4.03,5.51,5.26,45.35,2.4,3.06,13.96,,12.49,20.12,20.06,,35.92,973764000.0
9424,Japan Communications Inc.,Communication Services,197.89,0.0,25.76,,-3.6,0.64,4.32,3.54,0.45,6.68,4.7,5.42,4.3,5.6,86.79,9.75,10.42,15.39,12.2,25.92,24.84,21.83,8.31,26.61,13.83,33.76,41.43,45.63,37.94,7107324000.0
9425,ReYuu Japan Inc.,Technology,17.65,0.0,,,-7.29,-41.76,-21.59,-11.73,-23.55,-7.29,-41.76,-21.59,-11.73,-23.55,0.0,-2.62,-1.35,-4.53,-1.97,32.27,15.72,-25.07,-8.26,-12.48,-3.78,-10.94,-9.44,75.75,5.96,679034000.0
9428,Crops Corporation,Communication Services,139.29,2.17,15.04,,20.96,8.95,9.79,9.63,13.23,27.18,10.17,10.91,11.42,16.09,15.04,5.34,3.88,3.9,4.7,9.63,13.0,12.62,11.42,31.36,10.09,10.12,11.79,81.0,26.21,10639000000.0
9432,"NTT, Inc.",Communication Services,142998.5,3.09,13.97,,-5.39,1.62,2.03,2.86,-0.58,10.39,16.53,16.6,15.81,14.51,109.95,12.4,12.18,14.49,14.04,5.14,2.47,1.81,4.81,5.54,5.71,6.77,7.81,37.26,77.69,3368146000000.0
9433,KDDI Corporation,Communication Services,112320.3,2.77,16.55,,9.88,5.04,8.52,3.96,7.81,15.93,11.12,15.19,9.61,14.08,45.52,17.44,18.16,15.83,18.49,4.05,2.38,1.24,7.13,8.81,7.8,8.25,11.19,51.6,42.67,1983291000000.0
9434,SoftBank Corp.,Communication Services,117623.11,3.57,21.8,,5.28,5.83,4.65,4.31,5.25,11.63,10.54,9.83,10.34,10.67,50.66,14.81,15.11,14.4,17.93,7.55,7.57,2.91,8.63,10.84,8.46,7.38,9.61,38.46,48.08,1929147000000.0
9435,"Hikari Tsushin, Inc.",Industrials,16679.71,2.05,11.06,,3.79,6.71,2.19,1.98,4.23,5.09,7.81,3.29,3.06,5.4,24.31,15.88,15.3,15.71,10.63,7.03,14.06,-6.53,4.03,5.44,4.57,4.32,4.25,53.69,49.53,591536000000.0
9436,Okinawa Cellular Telephone Company,Communication Services,4011.72,1.59,30.92,,2.58,2.35,0.44,1.66,1.79,4.07,3.76,2.82,3.65,3.55,52.89,21.65,21.07,21.82,20.62,2.41,8.11,0.9,13.54,14.03,13.0,12.92,11.37,99.99,39.76,3418000000.0
9438,MTI Ltd.,Healthcare,337.68,3.33,9.61,,12.73,8.12,10.66,-10.64,10.5,16.77,12.23,14.11,-4.13,14.37,27.39,9.85,8.65,1.11,3.29,8.1,3.25,1.21,11.15,97.9,9.51,0.82,16.78,95.31,74.3,17816556000.0
9439,M H Group Ltd.,Consumer Cyclical,25.16,0.23,,,1.7,2.63,0.97,,1.77,1.88,2.93,1.07,,1.96,9.47,,1.23,2.86,1.62,,-1.3,2.9,,,1.81,4.37,,60.95,25.57,602753000.0
9441,"Bell-Park Co.,Ltd.",Consumer Cyclical,378.24,6.05,7.42,,11.99,8.72,12.91,-0.43,11.21,12.31,9.02,13.62,0.19,11.65,3.68,4.55,3.67,3.06,3.44,11.43,0.48,12.36,15.21,30.25,8.87,7.68,7.76,99.87,24.12,13424252000.0
9444,"Toshin Holdings Co.,Ltd",Consumer Cyclical,16.68,0.0,,,-46.19,-118.31,-1.19,-97.99,-55.23,16.62,13.91,17.64,-12.72,16.06,478.45,0.26,1.9,3.62,3.3,2.0,1.14,-6.04,,,0.84,2.21,2.26,6.89,18.81,0.0
9445,"Forval Telecom,Inc.",Communication Services,90.82,5.14,9.22,,3.86,16.66,11.52,5.57,10.68,8.1,21.27,17.86,10.0,15.74,36.52,5.17,4.45,4.43,2.32,-6.67,11.12,-6.6,23.52,33.54,21.83,15.65,8.12,,23.11,1176785000.0
9446,"SAKAI Holdings CO.,LTD",Communication Services,52.64,5.22,6.45,,35.66,17.3,39.11,26.04,30.69,37.42,30.98,40.7,27.93,36.37,17.6,8.61,9.08,9.05,8.8,9.89,4.28,4.27,5.95,7.11,5.7,4.77,3.99,30.14,37.62,2859201000.0
9449,"GMO internet group, Inc.",Communication Services,3744.12,1.81,22.21,,18.93,11.62,-2.01,4.07,9.51,23.14,14.83,3.98,6.85,13.98,63.45,20.72,17.72,16.42,17.81,2.19,7.97,5.27,5.76,,5.27,4.64,6.5,34.0,59.98,1505862000000.0
9450,Fibergate Inc.,Communication Services,159.16,3.43,14.63,,2.97,11.65,0.26,,4.96,17.8,26.99,14.42,,19.74,79.45,,18.92,18.13,15.55,,-1.42,20.43,,,17.35,15.97,,65.39,39.89,2120000000.0
9466,Aidma Marketing Communication Corporation,Communication Services,32.36,4.07,18.03,,3.12,6.6,7.23,9.78,5.65,4.0,7.19,9.26,11.35,6.82,17.36,5.64,6.44,5.17,5.33,-14.76,-4.3,-1.98,4.67,9.88,11.59,5.06,-76.44,90.06,25.54,1989492000.0
9467,"AlphaPolis Co., Ltd.",Communication Services,315.89,2.48,13.64,,5.94,6.3,3.75,5.11,5.33,6.18,6.31,3.95,5.12,5.48,3.08,20.81,23.66,21.99,26.02,21.95,31.8,11.26,14.49,57.86,14.59,12.16,14.56,99.27,74.44,11786901000.0
9468,Kadokawa Corporation,Communication Services,5386.29,0.82,477.21,,-1.13,-0.05,-0.12,1.94,-0.43,0.64,2.57,1.54,3.25,1.58,162.56,2.86,5.99,7.15,10.15,1.8,7.67,1.05,1.28,2.33,3.45,5.65,6.89,99.61,34.2,116830000000.0
9470,"Gakken Holdings Co., Ltd.",Consumer Defensive,452.45,2.7,13.84,,9.3,7.08,7.21,4.1,7.86,17.28,15.82,12.07,11.42,15.06,47.22,4.14,3.71,3.76,4.12,7.3,13.07,5.18,5.09,6.91,3.71,3.5,3.84,60.17,27.6,22916000000.0
9474,"Zenrin Co., Ltd.",Communication Services,497.56,4.54,18.17,,3.69,9.61,3.11,2.59,5.47,14.29,19.37,12.7,13.15,15.45,66.7,5.45,6.1,3.23,2.9,-0.13,4.94,4.08,4.6,5.95,4.71,2.25,2.14,96.84,41.48,11548000000.0
9475,"Shobunsha Holdings, Inc.",Communication Services,97.35,1.84,8.13,,3.77,3.38,-8.19,3.25,-0.35,6.39,7.19,-6.82,5.09,2.25,24.65,7.08,3.03,6.83,2.38,7.53,-2.39,15.44,6.98,12.4,1.15,2.88,0.58,96.68,39.73,6459846000.0
9476,"Chuokeizai-Sha Holdings, Inc.",Communication Services,39.96,1.25,12.62,,8.99,7.04,-16.55,-8.18,-0.17,9.14,10.36,-4.47,5.09,5.01,-78.89,7.2,3.86,2.97,4.61,5.04,2.28,-4.37,3.84,6.24,18.61,0.99,2.29,91.47,36.86,1840929000.0
9478,"SE Holdings and Incubations Co., Ltd.",Communication Services,76.34,0.78,12.79,,4.41,-4.35,5.55,-0.51,1.87,4.51,-3.42,6.27,-0.14,2.45,-4.56,13.61,11.3,16.62,19.59,-2.98,-1.04,-0.23,4.41,473.79,4.32,6.85,10.46,76.29,48.42,14704000000.0
9501,"Tokyo Electric Power Company Holdings, Incorporated",Utilities,8367.71,0.0,2.46,,66.96,43.17,80.43,-9.04,63.52,66.96,43.17,80.43,-9.04,63.52,0.0,5.34,3.44,4.03,-2.82,-7.07,-1.56,-14.72,4.0,4.42,1.92,2.68,-3.05,33.78,5.34,937227000000.0
9502,"Chubu Electric Power Company, Incorporated",Utilities,21445.47,2.44,9.42,,15.59,14.05,16.04,13.79,15.23,15.59,14.05,16.04,13.79,15.23,0.0,6.49,6.6,9.51,2.69,-3.36,1.63,-9.44,3.23,3.42,3.39,5.18,1.24,52.31,6.49,336686000000.0
9503,"The Kansai Electric Power Company, Incorporated",Utilities,30747.97,2.89,8.09,,21.22,18.71,37.56,4.16,25.83,21.22,18.71,37.56,4.16,25.83,0.0,10.79,10.81,17.96,-1.32,-6.47,6.84,2.72,4.52,5.05,5.1,8.07,2.96,45.23,10.79,737411000000.0
9504,"The Chugoku Electric Power Co., Inc.",Utilities,3777.35,2.88,5.51,,62.82,49.25,71.85,-16.6,61.31,62.82,49.25,71.85,-16.6,61.31,0.0,6.26,8.45,12.7,-4.07,-5.68,-6.11,-3.88,1.78,2.0,2.75,4.36,-1.83,18.83,6.26,423362000000.0
9505,Hokuriku Electric Power Company,Utilities,2366.9,2.23,4.35,,49.63,64.34,94.35,-41.0,69.44,49.63,64.34,94.35,-41.0,69.44,0.0,11.12,11.77,14.22,-9.03,-8.36,6.19,-1.15,4.27,4.9,5.03,7.56,-4.82,29.11,11.12,185484000000.0
9506,"Tohoku Electric Power Company, Incorporated",Utilities,6658.08,2.99,7.83,,55.6,61.63,67.61,-14.08,61.61,55.6,61.63,67.61,-14.08,61.61,0.0,6.76,10.6,11.44,-5.99,-10.3,-6.14,-6.3,2.75,3.26,5.15,6.73,-3.07,24.5,6.76,660698000000.0
9507,"Shikoku Electric Power Company, Incorporated",Utilities,4327.88,2.59,8.56,,19.01,30.0,33.2,8.34,27.4,19.01,30.0,33.2,8.34,27.4,0.0,8.91,10.46,9.97,-1.47,-10.52,8.13,-5.5,3.79,4.02,5.25,4.92,-1.11,38.33,10.69,78604000000.0
9508,"Kyushu Electric Power Company, Incorporated",Utilities,9746.32,2.42,6.55,,45.02,44.31,60.13,3.13,49.82,45.02,44.31,60.13,3.13,49.82,0.0,10.01,8.47,11.92,-3.29,-4.65,10.16,-3.68,3.78,4.13,3.31,4.5,-1.32,28.02,10.01,368350000000.0
9509,"Hokkaido Electric Power Company, Incorporated",Utilities,2290.68,2.98,5.44,,50.0,54.83,76.89,-0.25,60.57,50.0,54.83,76.89,-0.25,60.57,0.0,8.56,8.41,10.61,-2.53,-5.11,-5.42,7.3,2.83,3.13,3.54,4.91,-1.19,22.86,8.56,184607000000.0
9511,"The Okinawa Electric Power Company, Incorporated",Utilities,659.38,4.14,10.58,,41.41,51.69,38.87,-57.72,43.99,41.41,51.69,38.87,-57.72,43.99,0.0,4.22,3.1,1.47,-21.66,-6.92,0.06,5.76,1.74,1.82,1.5,0.89,-11.84,26.91,4.22,19812000000.0
9513,"Electric Power Development Co., Ltd.",Utilities,7232.18,2.69,12.63,,31.01,34.61,35.12,21.55,33.58,31.01,34.61,35.12,21.55,33.58,0.0,8.54,10.5,8.4,9.98,-10.21,4.66,-31.7,2.13,2.42,3.15,2.45,4.31,44.29,8.54,396964000000.0
9514,EF-ON Inc.,Utilities,73.41,2.35,6.12,,26.3,29.17,-18.55,,12.31,35.12,50.03,37.8,,40.98,71.96,,3.43,8.24,9.8,,3.09,27.84,,,1.15,2.04,,49.14,6.57,5574000000.0
9517,"eREX Co.,Ltd.",Utilities,654.39,2.67,12.24,,20.01,-39.38,30.75,-0.91,3.79,29.79,-34.69,32.84,20.34,9.31,8.56,4.44,4.17,-8.96,5.0,-1.2,-30.11,-17.32,3.48,4.62,3.94,-22.87,8.17,57.29,11.52,30811000000.0
9519,"RENOVA, Inc.",Utilities,770.39,0.0,23.31,,29.01,29.55,3.66,-1.04,20.74,36.7,40.89,24.31,13.15,33.97,44.54,8.42,4.6,11.93,26.91,24.74,56.98,33.25,1.28,1.35,0.69,1.28,3.11,37.19,53.75,25464000000.0
9531,"Tokyo Gas Co.,Ltd.",Utilities,20338.22,1.95,9.51,,7.68,2.81,5.02,14.85,5.17,22.22,17.85,15.55,23.95,18.54,72.47,6.97,5.05,8.16,12.81,7.51,-0.96,-19.07,5.36,5.73,3.0,4.78,10.4,58.78,17.58,187102000000.0
9532,"Osaka Gas Co., Ltd.",Utilities,22131.48,2.24,14.99,,4.05,2.77,5.66,-7.26,4.16,15.4,12.82,14.13,1.52,14.12,70.68,8.61,7.77,8.28,2.64,-1.87,-0.67,-8.44,5.06,5.18,4.49,4.94,1.91,70.22,21.55,58981000000.0
9533,"Toho Gas Co., Ltd.",Utilities,4466.6,1.82,15.08,,14.69,18.6,10.61,12.63,14.63,14.69,18.6,10.61,12.63,14.63,0.0,4.88,4.71,5.31,6.2,-0.75,3.64,-10.35,3.66,3.93,3.59,3.89,5.98,74.8,27.54,43008000000.0
9534,"Hokkaido Gas Co., Ltd.",Utilities,823.28,2.92,7.17,,13.24,15.87,19.26,-17.73,16.12,32.83,36.24,38.48,8.13,35.85,55.28,9.42,8.41,8.97,7.63,2.48,-2.06,-0.55,8.64,9.3,7.67,8.37,7.33,66.08,31.52,9799000000.0
9535,"HIROSHIMA GAS Co.,Ltd.",Energy,305.19,2.72,14.49,,12.94,-11.52,17.6,1.33,6.34,38.23,19.22,48.59,29.32,35.35,96.63,1.79,1.37,3.51,7.38,-3.49,1.02,-4.78,1.18,1.43,0.9,2.01,4.17,67.8,29.82,18514000000.0
9536,"Saibu Gas Holdings Co.,Ltd.",Utilities,958.81,2.69,13.88,,-4.61,15.36,-1.96,2.55,2.93,26.42,40.21,23.07,22.68,29.9,95.92,4.76,4.14,3.77,4.06,2.9,-0.74,-3.75,2.06,2.21,2.1,2.0,2.65,31.88,31.04,23481000000.0
9537,"Hokuriku Gas Co.,Ltd.",Utilities,200.9,1.86,6.31,,14.3,16.92,-1.26,3.11,9.99,44.84,38.63,23.62,27.56,35.7,76.54,5.89,2.28,-1.54,0.41,4.32,0.59,-11.82,5.53,6.53,2.52,-4.25,0.39,99.89,38.92,8229426000.0
9539,"Keiyo Gas Co., Ltd.",Utilities,438.58,1.89,10.72,,-1.59,-14.17,34.94,-11.08,6.39,31.23,22.82,64.59,15.76,39.55,104.37,3.26,1.24,1.39,0.03,1.69,-5.82,3.45,2.18,2.63,0.93,1.41,0.02,77.4,31.97,22033000000.0
9543,"Shizuoka Gas Co., Ltd.",Utilities,1033.06,3.43,10.48,,4.55,3.5,22.96,-8.04,10.34,33.45,10.63,36.55,3.98,26.88,63.56,6.99,5.09,8.57,4.16,-0.51,-5.5,3.22,7.16,9.24,5.43,10.84,5.03,87.72,22.44,33162000000.0
9551,"METAWATER Co., Ltd.",Industrials,1371.43,2.53,14.98,,5.82,6.65,-8.35,-5.05,1.37,11.03,9.71,-4.0,-3.16,5.58,-9.97,6.14,5.93,5.98,5.77,17.17,8.17,9.85,7.25,9.19,6.46,6.96,7.82,70.25,22.42,27266000000.0
9552,"Quants Research Institute Holdings, Inc.",Financial Services,519.63,0.48,18.17,,2.26,10.7,7.5,3.97,6.82,2.51,11.0,7.62,4.0,7.04,4.73,28.78,49.88,52.99,53.78,0.32,91.49,120.95,53.73,3493.66,63.18,47.94,43.76,40.12,60.41,5040385000.0
9553,"MicroAd, Inc.",Technology,172.98,0.0,24.04,,2.94,-0.67,-1.22,2.34,0.35,4.52,1.96,1.54,4.13,2.67,115.99,3.91,2.24,6.48,5.13,14.28,6.56,5.24,162.12,272.08,4.17,15.69,21.69,53.63,30.68,2511994000.0
9554,"AViC Co., Ltd.",Communication Services,114.48,0.0,18.74,,5.59,2.23,-0.11,2.73,2.57,5.82,2.79,-0.05,2.83,2.85,-32.38,27.03,23.08,21.38,25.39,38.56,29.97,19.49,17.29,54.91,16.46,20.22,31.01,59.74,60.78,2101099000.0
9556,INTLOOP Inc.,Industrials,221.89,0.0,48.24,,4.55,1.32,2.97,,2.95,5.53,1.34,3.01,,3.29,6.76,,5.56,6.2,6.04,,51.92,35.84,,,22.15,20.74,,56.86,30.05,5708973000.0
9557,"airCloset, Inc.",Consumer Cyclical,20.71,0.0,,,-13.2,-5.25,-19.24,-31.93,-12.56,51.21,38.77,23.15,7.53,37.71,140.81,2.07,-0.85,-5.03,-1.53,17.59,12.73,10.31,4.78,10.03,-1.72,-9.62,-2.94,16.15,47.97,1092622000.0
9558,"Japaniace Co.,Ltd.",Technology,77.43,5.17,11.45,,10.33,11.85,7.04,7.69,9.74,10.58,12.12,7.32,7.75,10.01,2.82,8.13,8.44,8.47,7.34,7.79,13.41,18.75,18.95,,22.3,20.66,17.97,96.43,24.0,3691706000.0
9560,PROGRIT Inc.,Consumer Defensive,102.42,2.41,14.36,,8.26,9.98,7.76,4.81,8.67,8.86,10.52,7.78,4.83,9.05,4.02,20.93,18.51,16.44,14.47,29.06,47.28,34.22,34.98,,31.58,28.89,28.86,87.12,74.04,3415606000.0
9561,GLAD CUBE Inc.,Technology,36.78,0.0,66.97,,-0.97,-1.71,-5.55,4.39,-2.74,-0.67,-0.13,-4.05,5.7,-1.62,-436.55,-1.92,-17.13,9.3,31.14,12.6,2.36,2.87,-2.11,,-20.55,3.85,15.59,62.17,70.25,1370213000.0
9562,Business Coach Inc.,Consumer Defensive,30.18,2.46,93.43,,1.89,4.21,-0.84,-0.5,1.75,3.02,4.54,1.44,1.69,3.0,67.67,8.18,4.99,7.19,21.45,25.16,38.5,0.68,14.09,37.36,7.13,7.5,32.74,,62.31,483882000.0
9563,Atlas Technologies Corporation,Technology,24.36,4.01,14.2,,-5.66,-5.61,-3.47,17.73,-4.91,-5.66,-5.61,-3.45,17.78,-4.91,-0.12,0.4,-18.04,5.01,22.38,7.55,-18.11,-7.72,0.56,5.71,-22.98,3.07,17.26,,24.89,1512403000.0
9564,FCE Inc.,Industrials,123.17,1.78,17.6,,7.55,3.53,3.72,1.01,4.93,8.28,4.29,4.07,1.47,5.55,11.77,14.96,14.42,13.94,12.1,21.85,19.93,11.22,16.34,89.34,13.95,18.03,25.72,95.09,66.91,3322578000.0
9565,GLOE Inc.,Communication Services,18.04,0.0,16.71,,-0.89,7.11,-4.47,11.78,0.58,6.93,7.88,-3.62,13.01,3.73,32.98,0.66,0.74,0.63,10.29,25.77,-0.14,10.41,-0.42,-0.81,-1.22,-5.02,20.55,51.62,28.63,486873000.0
9601,"Shochiku Co., Ltd.",Communication Services,1495.31,0.28,28.57,,7.52,-3.07,-5.06,3.35,-0.2,8.93,-0.39,5.44,4.05,4.66,-158.35,6.27,1.99,4.2,-0.99,17.0,-1.7,9.23,2.81,3.16,-1.6,1.29,-0.38,62.56,42.36,18694000000.0
9602,"Toho Co., Ltd.",Communication Services,13143.25,1.39,25.84,,3.8,1.45,1.65,2.17,2.3,4.97,3.93,3.3,3.45,4.07,45.56,18.82,20.66,20.91,18.37,15.16,10.53,15.99,9.18,12.15,9.14,8.95,7.57,99.7,44.25,126343000000.0
9603,"H.I.S. Co., Ltd.",Consumer Cyclical,828.16,2.26,21.36,,16.98,25.42,29.69,-28.77,24.03,25.62,35.32,37.35,-18.01,32.76,27.42,3.12,3.16,0.65,-33.57,8.67,36.13,76.62,4.27,8.75,4.87,0.84,-20.77,27.08,31.62,113932000000.0
9605,"Toei Company, Ltd.",Communication Services,3749.22,0.2,16.03,,3.94,6.57,4.53,5.81,5.01,7.13,8.97,5.89,7.29,7.33,31.52,19.48,19.54,17.13,20.84,3.01,5.01,-1.73,8.4,14.07,9.26,8.3,11.15,94.58,43.41,126613000000.0
9610,Wilson Learning Worldwide Inc.,Industrials,12.16,0.0,,,-2.13,-28.92,-37.0,-11.53,-22.68,-0.3,-28.64,-36.67,-10.56,-21.87,-206.68,-3.68,-23.32,-31.78,5.86,13.79,-3.54,-29.75,-10.64,-19.53,-50.34,-57.36,9.49,87.63,72.87,381375000.0
9612,"LuckLand Co., Ltd.",Industrials,145.2,3.22,7.52,,29.1,4.03,-3.82,-11.35,9.77,30.67,5.92,-0.97,-4.43,11.87,-85.51,7.13,0.49,1.02,-0.76,18.71,5.64,9.97,16.87,67.35,1.95,1.22,5.03,86.43,17.24,11521000000.0
9616,"Kyoritsu Maintenance Co., Ltd.",Consumer Cyclical,2963.59,1.42,15.84,,2.46,-4.6,0.18,0.92,-0.65,17.18,9.94,8.13,2.62,11.75,109.91,9.03,8.95,8.19,4.18,20.23,12.15,16.23,7.06,7.95,5.79,5.41,2.13,52.93,23.57,29961000000.0
9619,"Ichinen Holdings Co., Ltd.",Industrials,653.97,3.29,8.54,,7.0,2.89,5.61,1.45,5.17,14.45,6.14,8.05,4.15,9.55,44.98,6.74,6.64,6.55,6.94,4.73,12.06,8.16,4.04,4.3,3.87,4.33,4.04,37.18,21.85,10644000000.0
9621,"CTI Engineering Co., Ltd.",Industrials,896.33,6.77,13.72,,4.99,1.63,-0.11,3.51,2.17,6.44,2.69,0.98,4.24,3.37,57.66,9.04,9.62,10.76,9.6,3.44,4.97,11.47,8.97,11.73,10.57,13.29,11.77,98.21,29.28,15988000000.0
9622,"Space Co.,Ltd.",Industrials,356.68,4.99,9.25,,6.45,4.76,2.07,-0.29,4.43,8.15,5.76,5.98,-0.08,6.63,34.57,6.76,5.4,4.88,4.49,11.41,21.59,13.03,10.36,18.05,7.67,5.2,4.69,,11.56,14865240000.0
9625,"Cerespo Co., Ltd.",Communication Services,50.87,5.38,6.63,,-2.12,9.77,-21.99,18.91,-4.78,0.27,10.03,-21.31,20.71,-3.67,297.16,7.15,5.85,-4.28,15.17,10.76,52.55,-55.04,7.4,19.95,12.78,-2.58,17.87,94.51,35.34,6499508000.0
9627,Ain Holdings Inc.,Healthcare,1921.91,1.82,12.16,,5.7,5.47,4.22,9.23,5.13,12.04,11.98,10.55,13.61,11.52,55.66,,3.7,5.11,4.46,,14.25,11.45,,,5.17,8.61,6.9,48.67,16.32,50925000000.0
9628,"SAN Holdings, Inc.",Consumer Cyclical,320.64,4.22,6.4,,9.51,6.16,7.05,4.66,7.57,17.08,9.89,10.17,9.33,12.38,37.55,,14.15,16.91,17.88,,42.55,3.57,,,8.74,7.75,8.75,74.99,17.57,12663000000.0
9629,PCA Corporation,Technology,319.63,2.55,19.91,,3.43,8.0,10.11,7.91,7.18,4.49,8.93,10.81,8.26,8.08,13.52,15.43,16.27,15.43,9.93,-7.51,8.12,15.69,8.57,,9.2,8.65,5.09,,64.16,21017000000.0
9632,"Subaru Enterprise Co., Ltd.",Industrials,452.3,2.27,20.46,,5.52,2.62,0.04,5.15,2.73,8.36,7.73,9.2,7.92,8.43,66.58,16.43,15.88,16.75,17.62,-2.19,3.52,1.17,8.36,13.2,8.93,9.69,11.05,,23.82,13537691000.0
9633,"Tokyo Theatres Company, Incorporated",Industrials,129.73,1.05,15.62,,-2.13,-22.51,-0.77,-2.45,-8.47,11.27,1.52,1.95,-0.8,4.91,612.9,1.62,1.46,1.46,0.4,12.33,7.61,4.72,1.14,1.41,1.07,0.94,0.36,77.24,24.62,4334783000.0
9635,"Musashino Kogyo Co., Ltd.",Real Estate,26.83,0.0,7.45,,-4.57,4.73,0.63,1.83,0.26,-0.18,7.46,1.55,3.43,2.94,-779.52,5.13,5.08,1.62,3.75,-2.48,6.39,-7.05,1.33,1.84,1.39,0.15,1.55,94.13,54.97,1169613000.0
9636,Kin-Ei Corp.,Communication Services,117.23,0.24,75.75,,2.88,1.55,1.96,3.1,2.13,5.38,4.49,3.95,4.35,4.61,54.1,8.0,7.91,7.16,5.23,5.58,0.04,6.76,7.05,7.38,5.41,5.63,3.94,58.56,17.79,134784000.0
9639,"Sankyo Frontier Co.,Ltd.",Real Estate,534.07,4.2,9.6,,3.54,4.88,7.65,1.78,5.36,10.46,9.59,11.66,6.22,10.57,49.85,14.73,14.3,15.41,13.17,-3.24,7.11,4.73,9.66,10.72,10.83,11.26,9.58,93.4,40.51,5544000000.0
9640,"Saison Technology Co., Ltd.",Technology,315.4,4.58,29.0,,4.93,3.07,6.2,5.13,4.73,5.52,3.77,7.23,6.99,5.51,14.43,7.31,8.78,4.29,9.12,-10.11,2.17,-0.37,7.72,84.42,10.53,4.42,11.24,99.97,35.9,12840633000.0
9644,"Tanabe Consulting Group Co.,Ltd.",Industrials,244.51,4.26,22.41,,5.13,5.56,1.93,3.26,4.21,5.76,5.95,2.59,3.9,4.77,14.35,11.14,10.32,7.93,9.8,11.96,14.16,8.33,11.46,30.26,9.43,5.99,6.56,94.55,48.9,6990433000.0
9647,"Kyowa Engineering Consultants Co., Ltd.",Industrials,39.41,0.44,6.06,,19.78,9.72,14.4,14.0,14.63,20.35,10.42,15.11,14.33,15.29,4.73,10.87,9.46,8.24,7.06,4.72,4.97,-0.84,10.9,50.56,10.66,8.21,7.13,89.43,25.98,4294134000.0
9651,"Japan Process Development Co., Ltd.",Technology,173.14,4.38,16.72,,0.94,2.74,5.59,1.68,3.09,1.1,2.88,6.07,1.8,3.35,9.3,12.45,10.93,10.1,10.18,15.72,10.61,6.11,9.7,25.45,7.36,6.64,6.64,,22.37,7192014000.0
9656,Greenland Resort Company Limited,Consumer Cyclical,62.02,2.5,12.63,,-7.15,3.77,7.57,15.51,1.4,10.75,12.76,16.13,20.7,13.21,96.69,11.4,12.08,13.87,13.32,0.63,0.08,11.77,3.11,3.2,3.53,3.63,3.22,62.43,22.09,506757000.0
9658,Business Brain Showa-Ota Inc.,Technology,371.32,4.21,12.43,,6.83,7.37,8.33,-0.33,7.51,7.39,8.48,8.9,1.84,8.26,9.06,7.75,7.4,7.41,8.66,8.49,13.4,-7.68,6.99,10.83,6.93,6.02,13.43,89.51,22.55,12048759000.0
9661,"Kabuki-Za Co., Ltd.",Real Estate,505.39,0.12,175.88,,1.21,0.35,0.58,0.25,0.71,1.4,0.43,0.61,0.32,0.81,12.08,10.43,7.03,6.66,-0.93,16.94,1.76,12.98,2.49,3.22,2.15,1.41,2.84,,25.25,2570307000.0
9663,"NAGAWA Co., Ltd.",Industrials,759.43,1.22,17.25,,3.5,5.78,1.5,0.69,3.59,3.5,5.78,1.5,0.69,3.59,0.0,12.38,12.18,13.08,13.63,0.26,8.34,2.92,4.22,5.37,4.71,4.75,5.47,,39.84,14876000000.0
9672,"Tokyotokeiba Co.,Ltd.",Consumer Cyclical,1276.01,2.99,12.2,,10.24,4.44,-5.55,6.13,3.04,15.6,12.62,10.03,11.5,12.75,84.8,36.91,34.43,35.59,39.95,3.25,7.72,5.91,9.53,11.84,8.75,8.77,9.45,85.51,42.33,21866665000.0
9678,"Kanamoto Co.,Ltd.",Industrials,1865.95,2.03,14.97,,23.16,20.8,17.35,14.95,20.44,25.41,22.35,20.34,17.77,22.7,10.17,8.14,7.03,6.06,7.04,2.92,4.93,5.03,5.84,8.36,4.86,3.96,4.86,70.22,30.51,61110000000.0
9679,"HORAI Co., Ltd.",Financial Services,96.0,1.05,16.01,,-1.66,-16.13,1.2,1.77,-5.53,9.78,7.66,6.84,6.46,8.09,170.08,10.09,10.43,10.17,8.99,11.52,5.68,5.02,3.55,4.19,2.68,3.24,2.72,79.09,23.55,1940471000.0
9682,DTS Corporation,Technology,1790.15,3.33,15.8,,4.54,4.55,5.42,3.91,4.84,4.99,5.13,5.82,4.27,5.31,8.95,12.16,11.51,10.81,11.02,7.39,8.8,9.04,17.95,34.61,17.6,12.84,13.1,,21.95,30566000000.0
9684,"Square Enix Holdings Co., Ltd.",Communication Services,10668.78,1.45,36.03,,4.14,2.88,3.92,0.34,3.65,4.84,4.01,4.9,1.15,4.58,20.85,18.39,12.51,9.14,12.92,-8.27,-8.93,3.81,9.24,44.26,7.46,8.56,11.8,,53.4,276054000000.0
9685,"KYCOM Holdings Co., Ltd.",Technology,28.8,1.76,5.4,,8.47,13.82,11.93,7.15,11.41,20.77,18.05,22.91,17.6,20.58,43.51,8.28,8.72,8.85,8.72,6.71,11.15,6.86,5.68,8.32,6.25,5.98,5.79,73.04,21.19,2331601000.0
9686,"Toyo Tec Co.,Ltd.",Industrials,182.86,4.14,9.18,,22.18,8.64,-11.43,2.21,6.46,27.47,15.65,10.39,8.18,17.84,91.36,6.76,3.0,3.09,2.8,23.33,11.76,3.68,5.9,9.82,1.79,2.09,2.24,71.25,20.81,12347024000.0
9687,"KSK Co.,Ltd.",Technology,280.43,4.1,13.13,,11.97,5.97,6.09,4.64,8.01,12.18,6.51,6.9,5.1,8.53,7.32,10.63,10.25,10.59,10.93,9.15,8.4,6.98,11.23,25.7,10.75,10.29,11.11,,22.98,10480000000.0
9691,"Ryomo Systems Co.,Ltd.",Technology,180.52,0.85,8.38,,19.58,8.29,-14.12,1.42,4.58,22.99,12.24,4.08,12.19,13.1,164.26,11.7,9.69,10.18,10.24,14.45,23.75,5.44,12.37,26.54,9.84,8.57,9.9,78.96,25.79,9539080000.0
9692,Computer Engineering & Consulting Ltd.,Technology,676.25,3.79,12.21,,8.61,7.79,8.4,3.69,8.27,8.61,7.79,8.4,3.69,8.27,0.0,11.14,11.91,11.98,9.07,17.21,5.81,10.2,12.09,29.23,11.46,10.98,8.99,99.19,25.6,25200000000.0
9697,"Capcom Co., Ltd.",Communication Services,18468.33,1.05,33.78,,0.92,3.32,1.72,0.78,1.99,1.7,3.66,2.0,1.18,2.45,22.92,38.54,38.78,37.45,40.35,15.19,11.28,21.03,20.78,46.47,20.84,20.64,21.6,,56.42,148002000000.0
9698,"Creo Co.,Ltd.",Technology,97.25,4.38,12.23,,9.71,7.15,20.58,2.42,12.48,13.79,9.99,22.36,5.3,15.38,22.02,8.24,7.82,7.6,6.17,0.33,1.18,-2.3,11.05,53.04,10.09,10.7,7.56,,25.19,6128000000.0
9699,"Nishio Holdings Co., Ltd.",Industrials,1289.62,2.83,11.4,,21.12,16.42,9.74,9.84,15.76,24.67,22.92,18.92,16.53,22.17,30.41,9.12,9.07,8.8,8.73,8.02,7.18,8.81,6.78,9.95,6.4,6.27,5.84,57.64,40.52,62203000000.0
9701,"Tokyo Kaikan Co., Ltd.",Consumer Cyclical,147.3,1.1,14.9,,15.59,10.3,12.13,7.01,12.67,16.59,10.68,13.15,7.29,13.47,5.74,8.84,8.35,7.04,1.78,6.46,2.62,15.51,3.99,6.07,4.04,8.49,1.05,95.18,14.92,8361541000.0
9702,ISB Corporation,Technology,280.5,2.85,16.91,,2.83,5.15,6.49,6.43,4.82,6.22,6.7,6.94,6.87,6.62,28.04,6.25,8.25,8.44,8.01,9.03,4.83,11.86,9.52,25.07,14.45,14.23,12.76,99.2,22.92,9078000000.0
9704,"AGORA Hospitality Group Co., Ltd",Consumer Cyclical,72.01,0.0,7.61,,4.01,-31.61,-11.2,-7.27,-12.93,10.33,6.05,5.48,3.34,7.29,329.26,10.65,5.99,-1.28,-28.31,18.27,14.62,47.63,5.55,7.41,2.77,-2.39,-14.57,51.02,35.56,3661264000.0
9706,"Japan Airport Terminal Co., Ltd.",Industrials,5147.1,1.72,17.66,,6.47,6.27,3.56,1.14,5.43,13.9,10.46,9.28,3.17,11.21,51.71,15.54,14.28,13.66,-9.12,7.37,24.06,92.46,9.68,12.73,11.33,7.23,-3.32,51.48,65.17,96887000000.0
9708,"Imperial Hotel, Ltd.",Consumer Cyclical,1130.03,0.84,26.4,,-2.91,-7.11,0.19,1.88,-3.28,3.64,6.25,3.72,3.48,4.54,162.85,3.78,3.02,5.33,0.8,6.95,-1.36,21.85,5.9,11.55,3.46,6.42,0.86,84.46,80.53,28412000000.0
9709,"NCS&A Co., Ltd.",Technology,189.01,4.57,9.62,,12.48,9.35,6.27,3.69,9.37,15.75,11.71,8.0,6.17,11.82,20.88,12.07,9.73,8.66,7.95,9.72,8.39,-2.47,14.09,68.35,13.98,9.65,11.3,99.97,31.91,11014665000.0
9713,"The Royal Hotel, Limited",Consumer Cyclical,141.58,0.65,14.98,,8.59,4.45,-14.79,-3.55,-0.58,14.21,8.5,-11.47,0.57,3.75,19.43,3.97,3.63,2.7,-11.31,16.33,21.75,-21.7,5.19,10.3,3.72,4.57,-15.74,98.64,85.24,12010000000.0
9715,transcosmos inc.,Technology,1341.52,4.03,10.94,,12.16,9.86,9.84,13.58,10.62,15.47,12.91,13.61,18.08,14.0,24.25,4.2,3.85,3.17,6.23,4.79,3.77,-3.11,8.72,19.99,8.38,6.15,14.09,91.69,19.46,80467000000.0
9716,"NOMURA Co., Ltd.",Industrials,1380.4,3.52,15.11,,6.99,0.86,4.17,-2.96,4.01,7.87,1.21,4.44,-2.54,4.51,15.48,7.88,5.92,3.89,2.81,8.27,12.02,20.92,14.66,37.14,11.9,7.38,4.37,,20.14,37552000000.0
9720,"Hotel Newgrand Co., Ltd.",Consumer Cyclical,74.38,0.39,20.38,,2.38,-7.81,5.99,-3.92,0.19,9.17,5.25,8.19,0.04,7.54,116.58,4.65,4.35,5.28,-9.0,11.5,9.0,25.47,5.2,8.43,3.81,7.8,-7.14,64.17,74.93,2348106000.0
9722,Fujita Kanko Inc.,Consumer Cyclical,1638.71,0.72,12.82,,6.09,7.89,3.58,-3.88,5.85,9.72,9.71,6.78,0.39,8.74,34.41,16.82,16.15,10.28,-9.25,7.6,18.07,47.54,14.87,18.36,15.74,12.2,-5.09,65.14,21.98,12255000000.0
9723,"The Kyoto Hotel, Ltd.",Consumer Cyclical,76.37,0.48,8.74,,17.26,15.77,17.4,10.59,16.81,21.21,16.45,19.61,11.59,19.09,11.36,11.35,9.79,10.43,-0.41,4.42,2.41,24.32,7.09,9.79,7.15,7.64,-0.18,10.86,84.87,4140283000.0
9726,"KNT-CT Holdings Co., Ltd.",Consumer Cyclical,551.85,0.5,6.3,,12.8,7.65,25.3,27.17,15.25,12.8,7.65,25.3,27.17,15.25,0.0,2.04,2.2,2.85,4.53,8.21,7.47,1.3,12.57,15.02,11.87,17.13,33.86,,18.92,10088000000.0
9729,TOKAI Corp.,Industrials,795.28,3.16,13.89,,9.27,6.71,-0.83,2.98,5.05,14.39,12.69,10.1,10.8,12.39,63.65,5.88,5.48,5.85,6.03,6.77,8.19,6.17,7.04,10.13,6.13,6.4,6.47,94.78,24.29,26485000000.0
9731,"Hakuyosha Company, Ltd.",Consumer Cyclical,127.52,2.95,4.54,,14.76,16.32,7.35,6.82,12.81,23.17,22.91,12.28,10.3,19.45,35.08,5.38,5.28,4.2,1.71,2.4,0.71,10.44,9.33,10.04,8.74,8.68,2.58,67.46,15.46,1543000000.0
9733,Nagase Brothers Inc.,Consumer Defensive,554.7,5.19,15.35,,12.2,10.62,3.59,3.76,8.8,19.01,14.75,7.33,8.44,13.7,38.27,9.32,8.82,8.58,10.26,16.16,4.28,1.21,6.05,8.86,4.54,4.45,6.55,42.21,25.94,20850000000.0
9735,"SECOM CO., LTD.",Industrials,25499.56,1.89,23.13,,4.43,2.85,2.8,3.34,3.36,7.98,6.58,6.5,5.74,7.02,52.74,12.76,12.03,12.18,12.41,4.75,3.91,4.85,11.9,20.9,11.02,11.23,11.37,95.43,31.73,583555000000.0
9739,NSW Inc.,Technology,400.94,4.69,10.81,,5.82,8.37,11.6,3.87,8.6,6.95,9.6,12.6,4.98,9.72,12.36,10.23,12.29,11.66,11.68,4.8,-0.54,8.9,9.9,20.57,11.71,12.5,13.58,,20.53,19650000000.0
9740,"Central Security Patrols Co., Ltd.",Industrials,375.81,3.08,15.34,,0.89,0.15,7.92,9.04,2.99,14.86,7.82,14.14,13.28,12.27,78.66,5.71,6.06,6.35,6.13,10.26,5.01,4.92,6.11,11.91,7.07,7.17,6.71,89.35,21.56,22176504000.0
9742,INES Corporation,Technology,478.29,2.21,,,2.3,-3.06,-17.84,1.46,-6.2,7.28,3.09,4.48,4.86,4.95,255.23,-1.77,8.72,7.1,8.96,-9.73,0.01,-4.36,-1.78,-2.26,5.25,4.52,7.2,91.17,14.65,8587000000.0
9743,"Tanseisha Co., Ltd.",Industrials,684.96,4.95,15.21,,4.76,1.16,3.85,2.33,3.26,5.46,1.49,4.06,2.64,3.67,13.41,7.8,5.6,4.78,0.96,16.73,13.12,26.44,15.76,29.3,10.73,8.48,1.22,99.27,19.97,17592000000.0
9744,MEITEC Group Holdings Inc.,Industrials,2704.55,5.2,17.97,,5.64,4.91,5.33,4.63,5.29,5.64,4.97,5.42,4.74,5.34,1.01,14.46,14.15,13.91,13.83,3.47,4.8,6.64,29.77,,26.89,25.88,26.11,,26.36,52839000000.0
9746,TKC Corporation,Technology,2018.93,2.64,15.33,,4.42,3.61,4.1,4.81,4.04,6.18,6.34,6.47,6.46,6.33,36.08,19.34,20.61,19.94,19.68,10.98,4.59,6.01,10.77,16.29,10.68,10.75,10.41,,67.81,36886000000.0
9753,IX Knowledge Incorporated,Technology,137.34,3.5,8.01,,11.35,6.1,8.35,7.59,8.6,11.35,6.1,8.35,7.59,8.6,0.0,9.06,8.18,7.61,7.22,6.67,4.97,7.63,13.47,36.46,12.22,13.46,12.68,98.01,20.64,7451403000.0
9755,OYO Corporation,Industrials,638.18,3.85,19.21,,9.31,-0.4,-1.28,-9.04,2.54,12.34,2.04,1.36,-6.48,5.25,112.73,5.39,5.92,4.34,4.17,2.97,12.93,11.17,3.21,4.5,3.99,3.53,2.0,96.31,31.0,23363000000.0
9757,Funai Soken Holdings Incorporated,Industrials,1112.03,4.04,13.67,,6.21,5.44,4.34,4.14,5.33,7.11,6.3,4.93,4.46,6.11,12.74,26.44,27.16,25.67,27.7,8.76,8.52,10.16,23.92,58.28,23.84,19.92,17.73,98.99,39.15,15359356000.0
9759,"NSD Co., Ltd.",Technology,2220.95,3.32,17.22,,6.85,5.15,5.24,4.38,5.75,7.27,5.54,5.49,4.53,6.1,5.82,16.19,15.64,15.0,16.07,9.3,6.45,29.85,17.99,34.15,17.0,15.79,16.02,,25.31,34905000000.0
9760,"Shingakukai Holdings Co.,Ltd.",Industrials,19.31,1.67,,,-142.49,62.17,-63.53,-58.35,-47.95,-141.36,63.7,-60.59,-56.72,-46.08,-1.08,-22.82,-7.03,-29.18,-22.46,7.36,32.19,-29.11,-11.42,-17.75,-3.24,-8.51,-9.4,43.83,-14.82,5443098000.0
9761,"Tokai Lease Co.,Ltd.",Real Estate,86.28,4.82,11.92,,-14.7,-9.71,-8.19,7.7,-10.87,8.07,11.92,13.81,27.85,11.27,207.68,20.16,21.89,19.66,15.14,2.49,7.11,9.15,7.16,7.98,8.99,7.94,4.85,52.36,19.86,3565436000.0
9763,"Maruken Lease Co., Ltd.",Industrials,122.68,4.22,9.02,,-1.21,-0.99,1.36,9.24,-0.28,1.07,0.2,2.73,10.18,1.33,290.74,5.4,6.66,6.24,5.79,16.06,6.95,6.09,3.69,3.93,4.22,4.65,4.26,59.55,18.07,1644000000.0
9765,"Ohba Co., Ltd.",Industrials,190.3,3.69,13.67,,9.47,-3.15,-2.9,11.77,1.14,10.85,-2.68,-1.82,12.06,2.12,-21.33,11.55,10.7,11.18,10.96,-6.0,9.77,5.36,9.14,11.3,9.83,10.29,11.24,,34.22,2812131000.0
9766,Konami Group Corporation,Communication Services,28832.86,1.05,25.17,,2.77,1.66,2.56,-0.27,2.33,4.71,3.98,3.57,1.25,4.09,42.61,27.53,24.18,22.28,14.69,17.1,17.01,14.63,15.98,34.89,13.51,11.79,7.84,91.33,49.26,327564000000.0
9767,"Nikken Kogaku Co., Ltd.",Industrials,32.56,1.7,11.58,,2.6,1.11,16.2,12.98,6.64,7.0,2.91,20.22,19.43,10.04,48.25,5.7,6.22,4.73,5.6,12.61,-10.93,-0.91,4.59,9.34,5.02,4.37,5.31,96.57,28.68,2549864000.0
9768,"IDEA Consultants,Inc.",Industrials,267.0,3.18,10.72,,1.21,10.45,-6.92,6.92,1.58,4.48,15.0,-0.6,15.81,6.29,-316.9,12.95,13.39,12.3,13.7,1.26,7.1,-1.46,7.2,7.94,7.76,6.65,8.09,99.37,33.16,2925988000.0
9769,"Gakkyusha Co.,Ltd.",Consumer Defensive,284.64,5.02,15.41,,7.39,5.82,6.61,6.13,6.61,8.6,7.89,7.73,9.15,8.07,18.27,22.22,19.72,20.42,21.26,-1.66,0.69,1.63,21.18,33.41,21.65,23.22,25.11,87.09,38.45,3417345000.0
9778,"Subaru Co., Ltd.",Consumer Defensive,32.96,2.18,80.87,,1.66,2.74,5.38,-0.49,3.26,8.33,4.91,8.53,5.87,7.26,53.74,3.33,2.72,4.09,8.0,-2.18,-2.27,0.54,1.38,1.62,1.73,0.92,4.7,66.36,18.65,752935000.0
9780,Harima B.Stem Corporation,Industrials,102.7,3.18,10.21,,8.45,7.13,4.78,4.25,6.79,11.46,8.28,11.48,9.41,10.41,32.78,4.9,4.05,3.63,3.21,10.42,5.29,5.14,9.5,15.2,8.07,7.55,7.0,84.88,15.31,4332183000.0
9782,DMS Inc.,Communication Services,188.03,6.67,17.26,,8.15,-0.98,0.53,13.16,2.57,9.99,3.56,4.68,14.39,6.08,78.23,4.95,4.32,5.1,6.47,9.99,2.42,-8.16,6.53,11.48,4.74,5.56,8.43,98.16,9.66,6927427000.0
9788,"Nac Co., Ltd.",Industrials,211.34,6.59,13.33,,3.84,17.28,-2.12,6.6,6.33,6.26,19.57,-0.05,8.09,8.59,-1439.86,4.22,5.04,4.23,5.67,-1.46,9.84,-4.62,5.59,7.82,5.9,4.78,6.89,77.3,48.17,8478000000.0
9790,"Fukui Computer Holdings,Inc.",Technology,632.66,2.52,14.67,,8.96,7.43,7.24,4.5,7.88,9.62,8.93,7.68,4.71,8.74,9.83,43.62,41.35,40.42,40.96,13.15,6.48,1.4,15.32,76.88,15.22,15.39,17.38,,81.78,24085000000.0
9791,Biken Techno Corporation,Industrials,89.32,3.01,6.28,,7.36,-28.72,11.82,24.92,-3.18,17.67,-24.09,39.25,28.33,10.94,36.34,5.62,4.11,5.55,5.67,5.3,-9.65,10.61,4.24,5.6,2.73,3.43,4.2,74.66,22.32,7586544000.0
9793,"Daiseki Co.,Ltd.",Industrials,1737.74,2.32,19.03,,2.85,3.21,4.33,2.16,3.46,6.32,7.96,7.94,5.71,7.41,53.36,20.31,21.28,21.41,21.71,6.75,-2.76,18.17,11.14,14.05,10.9,11.98,11.27,91.5,33.53,18398000000.0
9795,"Step Co.,Ltd.",Consumer Defensive,353.73,3.87,13.08,,8.75,8.69,6.72,7.65,8.05,9.56,9.56,8.06,8.65,9.06,11.4,23.85,23.26,22.1,26.78,4.95,4.55,5.78,9.55,13.36,9.35,8.99,9.99,99.63,29.67,7844335000.0
9799,"Asahi Intelligence Service Co., Ltd.",Technology,147.04,3.51,11.71,,6.75,6.27,7.22,3.92,6.75,7.11,6.31,7.25,3.99,6.89,1.98,9.95,10.02,9.66,9.47,4.6,6.99,6.68,9.79,20.66,9.75,9.39,8.59,98.02,22.65,6539639000.0
9812,"T.O. Holdings CO.,LTD.",Basic Materials,15.0,0.21,,,75.06,38.6,28.08,34.15,47.25,119.94,70.87,48.99,58.25,79.93,41.88,0.88,0.92,1.2,0.76,-2.67,-5.53,-3.35,-0.9,-1.02,0.13,1.93,1.73,4.48,23.87,1373538000.0
9816,Striders Corporation,Real Estate,22.69,1.95,10.67,,8.86,5.29,-11.58,10.98,0.86,12.62,11.41,7.24,11.52,10.42,114.43,2.4,0.61,0.65,1.96,5.45,1.41,4.19,4.48,8.79,0.49,1.27,2.11,63.32,28.15,2201040000.0
9818,"Daimaru Enawin Co., Ltd.",Utilities,120.95,1.94,12.58,,2.21,2.85,6.7,9.33,3.92,22.54,16.71,18.84,18.65,19.36,79.17,3.98,3.79,3.53,3.38,-2.16,11.75,-2.38,4.94,6.14,5.06,4.13,3.93,91.38,32.17,3362368000.0
9820,MT Genex Corporation,Industrials,40.63,1.06,12.9,,1.32,6.82,6.35,1.89,4.83,1.88,7.27,7.11,3.02,5.42,15.61,9.84,10.4,11.56,11.19,19.33,4.21,16.17,6.63,11.93,5.96,6.6,5.98,98.32,23.29,1993873000.0
9823,Mammy Mart Holdings Corporation,Consumer Defensive,508.07,2.21,9.41,,4.7,-5.38,24.24,2.41,7.85,20.03,1.82,28.96,8.52,16.94,162.69,3.48,4.01,4.07,3.73,20.5,10.83,9.05,8.11,8.46,11.11,12.34,8.6,63.1,22.98,2518000000.0
9824,"Senshu Electric Co.,Ltd.",Technology,1352.32,2.29,18.14,,6.08,4.7,2.87,4.38,4.55,6.98,6.09,5.13,4.68,6.07,26.6,6.63,7.63,6.73,6.59,-0.41,8.95,9.97,10.47,25.71,12.78,11.19,10.84,99.03,15.11,34966000000.0
9827,"Lilycolor Co., Ltd.",Consumer Cyclical,77.72,5.7,13.44,,18.6,-12.3,11.56,-17.29,5.95,20.02,-10.82,15.45,-14.81,8.22,6.18,2.41,0.66,4.39,4.88,-1.76,3.15,-1.45,4.59,7.28,0.72,9.34,10.73,64.1,33.49,3976298000.0
9828,Genki Global Dining Concepts Corporation,Consumer Cyclical,591.59,2.09,16.95,,3.07,8.21,8.61,4.51,6.63,7.69,11.47,10.51,7.9,9.89,35.53,6.51,10.07,7.96,3.18,9.25,9.11,13.23,7.18,19.81,26.6,20.02,7.64,34.83,54.86,28492000000.0
9830,Trusco Nakayama Corporation,Industrials,1614.05,2.55,9.88,,-8.47,-5.42,1.05,4.49,-4.28,5.07,8.07,9.17,7.55,7.44,174.27,7.13,6.77,6.91,5.95,8.48,10.02,8.81,6.02,7.33,6.16,6.02,5.21,64.8,20.85,47594000000.0
9831,"Yamada Holdings Co., Ltd.",Consumer Cyclical,4784.5,2.36,32.9,,1.05,2.16,5.9,4.64,3.04,10.41,10.78,11.4,9.14,10.86,72.72,0.96,2.63,2.61,2.75,3.85,2.33,-0.54,1.11,1.16,2.89,2.85,3.59,69.13,26.11,38217000000.0
9832,"Autobacs Seven Co., Ltd.",Consumer Cyclical,1272.16,3.75,15.22,,-1.9,-3.92,4.15,2.76,-0.56,11.46,3.1,11.34,8.4,8.63,135.44,4.93,4.86,3.48,4.96,12.24,8.56,-2.7,4.6,5.31,4.57,3.68,5.28,77.41,35.76,23440000000.0
9835,"Juntendo Co.,Ltd.",Consumer Cyclical,41.6,1.96,,,-21.17,12.57,-19.17,-49.34,-9.26,39.98,48.77,15.01,19.24,34.59,151.64,0.55,1.07,0.71,2.02,-3.01,-0.62,-0.69,0.84,0.9,1.04,0.77,2.01,51.57,31.66,1853155000.0
9837,"Morito Co., Ltd.",Consumer Cyclical,454.92,4.0,13.48,,4.47,8.92,8.48,0.53,7.29,6.58,10.16,9.67,1.87,8.8,18.88,5.86,5.91,5.08,4.37,17.16,0.02,0.11,5.37,6.9,4.7,4.29,3.52,91.86,30.58,9401479000.0
9842,Arclands Corporation,Consumer Cyclical,1191.12,2.13,14.66,,1.17,11.32,0.71,1.12,4.4,19.5,26.04,14.1,17.21,19.88,81.82,3.97,4.9,4.96,5.78,7.92,1.86,-0.7,3.81,4.2,4.69,4.18,5.22,52.35,40.88,20403000000.0
9843,"Nitori Holdings Co., Ltd.",Consumer Cyclical,17375.52,1.05,19.45,,6.01,1.1,3.1,-1.01,3.4,8.57,8.31,10.43,4.92,9.1,62.3,13.29,12.32,13.63,17.04,-1.79,3.59,10.48,7.4,8.81,7.32,9.02,11.53,87.05,53.21,183654000000.0
9845,Parker Corporation,Industrials,341.14,3.79,7.27,,17.74,11.32,11.59,8.98,13.55,25.53,16.75,15.61,12.21,19.3,29.55,8.85,7.01,6.72,6.44,4.7,3.37,19.28,8.2,15.75,7.5,7.37,6.44,92.39,26.92,26316000000.0
9846,"Tenmaya Store Co., Ltd.",Consumer Defensive,113.05,2.03,8.37,,-0.95,16.5,23.63,24.14,13.06,26.1,26.19,32.88,32.23,28.39,56.27,3.69,3.89,3.89,3.57,0.95,0.19,1.44,4.86,4.95,5.29,4.82,4.17,85.27,32.06,581519000.0
9849,Kyodo Paper Holdings,Industrials,30.69,1.1,81.3,,1.93,-9.39,9.7,4.91,0.75,1.99,-8.4,10.86,5.33,1.48,0.64,-0.18,-0.06,0.56,0.9,-2.62,0.98,-1.75,-0.3,-0.47,-0.11,1.22,2.29,,11.74,1412936000.0
9850,"Gourmet Kineya Co.,Ltd.",Consumer Cyclical,225.91,0.71,100.92,,1.35,1.13,0.62,-2.1,1.03,7.06,7.3,6.5,2.14,6.95,85.27,1.19,2.25,1.14,-1.29,4.79,13.61,23.88,1.85,2.34,5.76,1.57,-1.38,24.51,34.25,4727656000.0
9853,"Ginza Renoir Co., Ltd.",Consumer Cyclical,55.53,0.55,34.76,,6.79,0.99,-1.68,-6.2,2.03,9.71,5.33,5.7,-0.62,6.91,80.36,2.34,1.05,0.21,-6.77,7.02,6.11,20.03,7.07,11.66,4.49,0.23,-7.51,69.15,80.86,1861011000.0
9854,"Aigan Co.,Ltd.",Consumer Cyclical,52.98,0.0,34.12,,1.81,-7.15,-6.27,-6.44,-3.87,6.29,-2.93,-1.64,-1.83,0.57,-118.32,1.48,-0.87,-0.84,-3.35,2.83,1.4,3.24,1.03,1.64,-0.03,-1.98,-4.4,,69.1,4593000000.0
9856,"Ku Holdings Co.,Ltd.",Consumer Cyclical,388.81,4.71,7.39,,7.7,15.1,12.02,-9.04,11.61,13.05,18.84,19.86,-3.12,17.25,33.44,4.96,5.74,5.89,6.32,5.71,3.49,0.79,6.68,7.89,8.21,8.35,9.87,85.47,16.27,12747000000.0
9857,Eiwa Corporation,Industrials,167.58,3.67,8.09,,-1.8,3.85,3.97,2.39,2.01,-1.19,4.33,4.08,3.13,2.41,-12.57,6.09,5.91,5.37,4.59,3.63,8.88,4.86,10.5,14.51,10.95,9.84,8.55,99.12,17.81,5290085000.0
9861,"Yoshinoya Holdings Co., Ltd.",Consumer Cyclical,2296.89,0.61,49.81,,1.78,-0.15,4.52,0.4,2.05,6.4,5.79,8.74,3.15,6.98,74.35,3.58,3.56,4.25,2.04,10.09,9.34,11.52,5.68,7.61,5.52,6.94,3.4,68.93,62.03,21638000000.0
9867,Solekia Limited,Technology,91.14,0.66,5.36,,12.99,15.28,25.74,-4.01,18.0,14.39,16.2,26.23,-3.54,18.94,5.74,8.62,6.16,6.39,4.2,8.41,11.31,5.92,10.05,46.74,7.6,7.65,4.95,74.68,20.67,13128587000.0
9869,"Kato Sangyo Co., Ltd.",Consumer Defensive,2067.47,2.35,14.13,,-5.37,8.29,3.05,4.88,1.99,1.97,12.51,7.1,7.3,7.19,154.59,1.5,1.44,1.52,1.3,3.8,6.41,6.15,7.14,12.31,6.94,7.39,6.17,92.64,7.26,72994000000.0
9872,"Kitakei Co., Ltd.",Industrials,89.14,2.94,17.21,,-6.53,6.01,18.49,1.72,5.99,-5.28,6.77,20.48,3.96,7.32,-0.91,1.21,1.5,1.56,1.35,-3.77,-1.74,2.45,3.04,13.75,4.33,4.67,4.02,,10.97,11103000000.0
9876,"Cox Co., Ltd.",Consumer Cyclical,61.05,0.0,5.68,,9.66,15.79,19.32,17.21,14.92,10.21,16.22,20.0,19.78,15.48,3.81,8.86,8.26,8.06,2.87,-2.27,2.8,0.18,9.48,16.31,12.84,12.93,3.34,,62.17,4418226000.0
9878,"SEKIDO Co., Ltd.",Consumer Cyclical,12.41,0.0,,,-17.21,-26.63,-4.74,-73.89,-16.19,-12.5,-8.66,0.68,-67.91,-6.83,184.29,-12.29,-3.69,1.73,1.55,-23.17,-11.63,20.46,-23.37,-35.1,-9.25,2.42,-3.07,17.39,24.71,1018991000.0
9880,Innotech Corporation,Technology,414.6,2.29,11.19,,6.32,1.24,3.42,0.27,3.66,9.79,4.13,6.32,4.05,6.75,50.43,6.65,4.5,5.98,6.0,11.34,1.5,7.06,6.79,9.34,3.48,4.46,4.87,79.48,30.48,8534673000.0
9882,Yellow Hat Ltd.,Consumer Cyclical,1465.1,3.94,12.7,,0.1,2.73,-0.15,-0.08,0.89,7.15,11.11,7.84,9.26,8.7,91.99,8.81,10.03,9.87,10.36,11.17,5.06,-0.35,5.98,7.71,6.8,8.49,9.83,70.09,43.48,39729000000.0
9885,"Charle Co.,Ltd.",Consumer Cyclical,49.43,2.4,,,-25.86,-68.26,22.34,-27.74,-23.93,-20.86,-36.5,30.49,-14.83,-8.96,-28.08,-8.63,-8.32,4.24,1.89,11.98,-12.3,-0.66,-8.43,-15.13,-5.98,2.61,1.53,94.32,36.85,6048000000.0
9887,"Matsuya Foods Holdings Co., Ltd.",Consumer Cyclical,1056.51,0.46,26.04,,-0.9,-5.71,3.86,2.61,-0.92,14.53,7.88,12.53,8.19,11.65,115.95,4.12,2.86,4.17,1.38,19.62,20.85,19.71,3.63,5.04,2.88,4.95,1.15,52.4,63.15,30684158000.0
9888,"UEX, Ltd.",Basic Materials,131.52,2.86,21.13,,-2.23,-13.33,3.54,7.11,-4.01,7.86,-8.91,7.75,9.79,2.23,44.38,2.61,3.52,4.0,7.94,-1.11,-3.52,-3.19,2.31,2.95,3.85,4.87,11.62,59.15,18.47,7056091000.0
9889,JBCC Holdings Inc.,Technology,1019.56,3.56,19.58,,5.68,6.37,1.11,0.13,4.39,5.92,6.51,1.21,0.89,4.55,4.83,9.62,8.82,6.79,6.48,8.8,7.17,12.13,18.73,61.27,16.14,14.2,13.03,92.84,31.82,18619000000.0
9890,"Makiya Co., Ltd.",Consumer Defensive,104.73,2.57,10.04,,0.75,16.79,26.1,16.04,14.55,28.95,29.64,36.12,24.26,31.57,56.17,2.28,2.53,2.88,2.29,4.72,15.66,8.03,5.33,6.11,5.97,6.18,4.96,78.1,23.74,3401577000.0
9895,Consec Corporation,Industrials,22.7,2.1,,,-0.21,-33.71,23.98,-0.78,-3.31,6.74,-23.72,29.07,2.23,4.03,26.19,-0.08,-0.02,0.45,0.53,-3.96,-0.79,7.06,-0.77,-0.96,-0.05,0.34,-0.08,81.92,24.46,1973443000.0
9896,"JK Holdings Co., Ltd.",Industrials,382.96,4.22,9.62,,8.2,8.62,50.15,16.33,22.32,12.86,13.39,57.6,22.78,27.95,28.25,1.61,1.87,2.02,2.39,1.41,1.12,-4.45,4.07,7.94,4.43,4.88,6.38,67.85,12.04,44340000000.0
9900,Sagami Holdings Corporation,Consumer Cyclical,667.56,0.55,41.28,,0.68,-0.77,0.87,0.56,0.26,5.57,3.32,3.68,2.59,4.19,95.78,7.57,5.88,5.34,3.45,12.35,12.99,17.35,10.03,13.97,8.26,6.11,3.67,97.79,68.45,5726710000.0
9902,NICHIDEN Corporation,Industrials,945.25,3.69,18.85,,1.37,1.88,3.21,0.59,2.15,4.55,4.73,5.31,2.24,4.86,56.58,4.7,5.06,4.58,4.78,4.65,6.19,-3.57,4.71,6.18,5.08,4.26,4.73,,15.33,22957000000.0
9903,"Kanseki Co., Ltd.",Consumer Cyclical,67.48,2.25,22.15,,-2.65,22.18,-15.23,-28.31,1.43,11.6,32.68,-4.68,-20.39,13.2,-23.43,1.47,1.45,-3.98,3.36,-2.94,0.52,-4.54,2.74,2.89,2.48,-8.22,3.41,48.3,27.89,991888000.0
9904,"Verite Co., Ltd.",Consumer Cyclical,65.94,2.48,20.49,,14.57,4.78,4.52,10.95,7.96,17.73,6.17,6.92,13.54,10.27,25.01,7.43,11.02,11.21,12.24,18.8,4.03,0.29,6.83,13.09,9.12,8.96,10.45,87.34,66.31,3071000000.0
9906,Fujii Sangyo Corporation,Industrials,360.67,4.67,7.43,,8.14,8.25,4.9,3.39,7.1,11.13,14.54,5.58,4.95,10.42,27.44,5.86,5.58,5.45,4.44,10.15,5.54,10.09,10.1,21.1,9.75,9.56,7.82,98.04,16.46,22139000000.0
9908,"Nihon Denkei Co., Ltd.",Industrials,335.94,3.72,9.22,,-11.58,-0.29,9.33,-4.59,-0.85,-10.78,0.75,10.73,-0.29,0.23,48.16,3.73,3.91,4.08,3.57,9.83,11.7,3.59,6.81,8.12,6.71,6.75,6.74,60.51,13.87,8193059000.0
9913,Nippo Ltd.,Technology,334.11,2.16,23.11,,-2.33,3.09,7.09,4.92,2.62,2.23,8.28,11.02,8.91,7.18,100.98,4.5,4.4,4.59,4.93,3.37,7.08,7.81,6.64,9.46,9.36,8.34,8.57,76.59,17.4,6724000000.0
9914,Uematsu Shokai Co Ltd,Industrials,16.5,0.0484,13.29,,-1.48,-19.62,43.02,-3.72,7.31,-0.34,-19.25,43.39,-3.71,7.93,-113.96,1.29,0.7,1.28,0.55,5.16,-13.07,12.37,1.67,1.98,0.85,1.81,0.57,98.91,14.3,520748000.0
9928,"Miroku Jyoho Service Co., Ltd.",Technology,624.63,3.12,11.87,,3.26,2.62,3.51,6.3,3.13,10.47,10.18,10.47,11.46,10.37,69.84,13.66,13.59,13.91,14.68,5.99,4.98,6.05,12.66,20.18,11.51,11.8,11.08,86.62,60.61,14376000000.0
9929,"Heiwa Paper Co.,Ltd.",Basic Materials,43.66,2.54,56.8,,11.63,-6.06,1.78,-26.07,2.45,23.97,5.97,2.81,2.77,10.92,96.6,0.63,0.89,0.98,0.86,-1.47,-0.57,0.34,0.46,0.57,0.71,0.78,0.8,86.09,20.81,2224226000.0
9930,"Kitazawa Sangyo Co., Ltd.",Industrials,72.87,2.51,33.08,,-11.69,-16.38,16.36,-1.98,-3.9,-9.6,-3.57,19.82,4.69,2.22,-121.12,1.9,5.41,6.04,4.31,-9.83,-5.53,1.54,0.96,1.25,4.25,4.97,3.63,84.13,31.29,3057739000.0
9932,"Sugimoto & Co., Ltd.",Industrials,233.16,4.09,11.38,,13.19,4.01,5.44,-0.24,7.55,14.35,11.45,10.82,2.94,12.21,40.95,4.21,4.84,4.89,4.78,-1.73,6.07,2.37,3.87,5.02,4.52,4.22,4.71,93.82,19.96,8367731000.0
9934,"Inaba Denki Sangyo Co.,Ltd.",Industrials,3523.79,2.73,15.23,,5.91,5.85,3.73,0.26,5.16,7.64,6.61,4.28,0.77,6.18,15.68,7.12,6.66,6.17,5.88,8.6,11.19,8.97,10.71,19.01,10.4,8.93,9.0,99.88,17.41,86302000000.0
9936,Ohsho Food Service Corp.,Consumer Cyclical,1537.06,1.91,20.76,,4.13,4.58,5.68,2.68,4.8,6.97,7.3,7.95,4.77,7.41,35.48,8.92,9.83,10.15,8.59,5.23,9.5,9.01,10.8,16.89,9.96,10.01,7.9,96.25,67.54,24527000000.0
9941,"Taiyo Bussan Kaisha,Ltd.",Consumer Defensive,26.19,0.0,13.6,,-21.51,1.32,22.99,-64.04,0.93,-21.39,1.96,23.02,-64.04,1.2,10.82,1.26,1.42,0.83,1.12,4.82,-6.32,-4.86,3.07,3.19,3.45,2.29,3.14,15.37,3.87,265969000.0
9946,"MINISTOP Co., Ltd.",Consumer Defensive,518.37,1.12,-70.91,,-2.16,-5.03,-7.72,-8.01,-4.97,3.45,3.74,1.13,-3.99,2.77,393.69,-3.93,-3.98,-0.76,-1.27,4.93,10.65,-2.74,-13.91,-23.6,-10.9,-1.81,-1.49,97.59,43.97,11170000000.0
9948,ARCS Company Limited,Consumer Cyclical,1990.02,2.21,16.13,,9.23,3.72,6.54,4.64,6.5,13.22,9.74,12.09,8.54,11.68,45.98,2.81,2.62,2.85,2.62,3.07,2.83,4.48,5.48,9.35,5.16,5.68,4.9,87.96,25.17,91183000000.0
9950,"Hachi-Ban Co., Ltd.",Consumer Cyclical,98.34,0.6,163.41,,-1.38,-4.32,2.27,1.56,-1.14,3.66,4.26,5.08,3.92,4.33,131.45,0.05,3.21,3.09,2.37,4.99,8.0,7.27,0.03,0.04,3.33,4.31,2.28,84.04,44.91,682082000.0
9955,"The Yonkyu Co.,Ltd.",Consumer Defensive,345.22,0.6,9.12,,6.75,2.93,-4.88,1.99,1.6,7.71,6.46,-0.18,7.25,4.66,-870.12,3.92,3.44,4.31,6.9,6.21,-0.54,12.17,2.62,6.01,2.24,3.01,5.02,86.09,12.46,26783357000.0
9956,"Valor Holdings Co., Ltd.",Consumer Cyclical,1957.04,1.19,10.78,,4.91,1.91,6.77,5.49,4.53,25.64,19.3,19.65,18.51,21.53,78.84,2.99,2.71,2.83,2.64,8.15,5.77,6.29,5.86,6.53,5.33,5.1,4.14,60.09,29.63,32983000000.0
9959,"Aseed Holdings Co.,Ltd.",Consumer Defensive,116.21,2.55,12.76,,-0.02,-0.69,9.69,-3.45,2.99,16.96,7.21,14.54,9.78,12.9,81.01,4.22,3.19,3.3,3.18,6.01,3.05,9.57,4.48,5.7,4.17,4.26,4.09,43.43,38.27,3835000000.0
9960,Totech Corporation,Technology,1804.27,3.91,13.79,,1.82,6.86,4.66,0.23,4.45,5.32,7.69,5.51,2.64,6.17,30.7,10.02,9.36,7.04,6.1,9.01,10.82,11.08,15.65,18.26,15.82,10.52,8.6,90.1,28.4,11303000000.0
9962,MISUMI Group Inc.,Industrials,10257.32,1.49,26.3,,5.09,5.89,5.32,3.07,5.43,5.09,5.89,5.32,3.07,5.43,0.0,10.79,11.56,10.44,12.49,9.8,9.34,-1.47,10.23,14.4,9.52,7.82,10.74,,46.68,112941000000.0
9969,"Shokubun Co., Ltd.",Consumer Cyclical,36.5,1.05,,,-2.57,-0.07,4.2,0.4,0.52,-0.75,0.37,6.0,2.3,1.87,-31.45,0.48,0.3,0.81,2.9,-0.81,-5.26,-8.89,1.81,2.1,-5.75,-0.4,3.96,68.82,38.44,473814000.0
9972,"Altech Co., Ltd.",Industrials,38.14,2.54,,,3.03,-6.65,-68.31,-12.23,-23.98,14.93,11.92,-24.59,13.77,0.75,19.24,17.97,17.58,-1.55,2.7,-3.74,2.25,9.27,29.18,42.66,37.32,-1.73,2.08,70.43,18.73,3611513000.0
9973,"KOZO Holdings Co.,Ltd.",Consumer Cyclical,56.45,0.0,,,-15.01,-4.88,2.67,-13.78,-5.74,-13.84,-0.87,3.61,-10.75,-3.7,-146.72,-1.52,-2.36,-1.82,-5.96,7.35,38.73,26.82,-26.85,-153.78,-40.97,-20.22,-66.27,43.0,38.15,974508000.0
9974,"Belc CO., LTD.",Consumer Defensive,1424.83,1.94,11.24,,-1.77,2.98,1.94,-0.88,1.05,14.69,15.92,14.78,10.96,15.13,93.39,4.23,4.39,4.12,4.51,9.19,10.21,13.2,8.0,9.1,8.42,7.83,7.47,72.08,28.08,19847000000.0
9976,"Sekichu Co., Ltd.",Consumer Cyclical,65.15,2.61,16.42,,6.68,-56.92,-16.54,-6.28,-22.26,13.17,8.83,0.12,1.65,7.37,4777.37,1.94,1.87,2.4,2.43,1.23,3.62,-1.82,2.66,2.8,2.77,3.86,4.47,84.49,30.43,785691000.0
9978,"Bunkyodo Group Holdings Co., Ltd.",Consumer Cyclical,19.28,0.0,,,-3.2,40.07,-0.83,-0.19,12.01,1.36,41.36,2.85,12.35,15.19,155.95,-0.61,0.21,0.47,0.32,-3.14,-3.53,-6.16,-1.88,-2.39,0.42,1.1,0.72,23.44,28.48,1097437000.0
9979,Daisyo Corporation,Consumer Cyclical,215.52,1.36,25.95,,5.93,3.17,-2.14,12.1,2.32,9.97,7.13,3.64,15.76,6.91,84.99,2.29,2.0,-1.0,-15.03,3.89,11.19,27.08,5.32,7.3,4.48,-1.32,-24.44,56.76,38.7,5395000000.0
9980,MRK Holdings Inc.,Consumer Cyclical,85.61,1.08,9.91,,11.86,16.06,-13.41,-9.37,4.84,14.75,20.03,-9.92,-3.09,8.29,1.41,2.73,1.87,2.82,4.11,0.37,8.01,0.22,3.86,4.55,0.95,1.12,3.4,96.77,74.98,2392524000.0
9982,"Takihyo Co., Ltd.",Consumer Cyclical,223.33,1.84,14.25,,9.69,10.83,11.62,-7.63,10.71,11.22,11.74,16.64,-5.97,13.2,17.18,3.05,2.17,1.24,0.16,5.5,5.02,-6.6,4.26,4.94,3.0,1.75,0.47,80.43,20.97,5254000000.0
9983,"Fast Retailing Co., Ltd.",Consumer Cyclical,210561.17,0.94,44.12,,1.91,2.59,1.74,1.66,2.08,2.76,3.09,2.2,2.05,2.68,22.68,16.54,16.09,13.73,12.87,9.56,12.19,20.23,14.25,39.96,14.14,11.96,10.56,77.87,53.78,1792940000000.0
9984,SoftBank Group Corp.,Communication Services,350483.8,0.17,7.05,,-6.17,-1.86,-1.06,0.31,-3.03,-1.22,0.58,0.71,2.12,0.02,87.92,-0.06,10.07,8.29,9.63,7.66,7.21,2.83,-0.01,-0.01,2.32,6.39,3.74,43.45,51.5,7497758000000.0
9986,"ZAOH Company, Ltd.",Industrials,136.22,3.99,18.95,,7.87,2.84,7.49,0.64,6.07,8.28,3.77,8.71,1.31,6.92,14.49,11.61,10.79,12.85,14.29,3.64,-10.35,-2.31,5.34,11.21,4.68,7.78,7.84,,47.59,6884299000.0
9987,"Suzuken Co., Ltd.",Healthcare,3591.61,1.11,9.88,,4.38,-23.31,19.93,5.44,0.33,9.35,-18.12,24.28,10.38,5.17,14.15,1.46,1.55,1.46,1.41,3.61,0.56,3.1,6.14,9.32,6.25,5.68,5.27,,7.74,141671000000.0
9989,"Sundrug Co.,Ltd.",Healthcare,4290.93,3.61,13.67,,2.83,1.61,0.69,2.63,1.71,10.09,9.59,9.6,8.71,9.76,82.65,5.56,5.55,5.45,5.42,5.08,6.66,8.88,9.6,12.17,10.18,10.05,10.8,85.65,25.66,70523000000.0
9990,Sac's Bar Holdings Inc.,Consumer Cyclical,224.49,4.58,11.69,,2.43,12.03,19.82,13.13,11.43,11.91,13.92,22.05,15.42,15.96,34.44,6.17,7.73,7.23,5.26,-1.95,0.38,10.28,6.12,7.47,8.48,9.12,4.76,94.67,49.53,5804410000.0
9991,Gecoss Corporation,Industrials,615.73,3.81,10.52,,12.84,8.58,-1.93,0.18,6.5,17.31,14.26,3.35,4.79,11.64,74.46,6.93,6.14,4.87,3.74,3.7,-12.98,6.37,7.22,8.43,6.85,6.62,4.93,95.86,22.88,10610000000.0
9993,"Yamazawa Co., Ltd.",Consumer Defensive,119.1,2.32,8.97,,41.0,6.02,-23.44,-36.69,7.86,49.96,27.85,13.67,16.21,30.49,122.6,1.09,-0.79,0.63,0.73,2.78,0.65,2.45,2.31,2.76,-2.91,2.86,0.65,75.54,28.11,5370000000.0
9994,Yamaya Corporation,Consumer Defensive,220.19,3.54,10.59,,9.13,4.47,19.8,7.29,11.13,19.66,12.75,24.73,14.02,19.05,46.13,2.24,3.39,3.94,1.86,-0.65,-0.11,4.96,6.44,9.12,11.15,12.31,3.54,87.66,28.84,12464000000.0
9996,"Satoh & Co., Ltd.",Consumer Defensive,168.64,2.37,13.46,,3.14,-6.53,18.52,3.38,5.04,9.79,-1.36,20.93,7.9,9.79,-99.73,3.09,3.39,3.21,2.84,3.41,3.22,9.02,3.98,5.94,4.19,4.11,3.57,97.52,22.08,9179007000.0
9997,"Belluna Co., Ltd.",Consumer Cyclical,1060.81,3.63,9.19,,-14.16,-5.33,-3.78,-20.52,-7.76,17.41,9.13,12.04,7.77,12.86,157.05,7.56,5.64,4.7,5.28,3.43,1.23,-1.92,3.82,4.32,2.95,2.27,2.96,49.49,62.92,34953000000.0
