コード,銘柄名,市場・商品区分,__code
1301,極洋,プライム（内国株式）,1301
130A,Ｖｅｒｉｔａｓ　Ｉｎ　Ｓｉｌｉｃｏ,グロース（内国株式）,130A
1332,ニッスイ,プライム（内国株式）,1332
1333,Ｕｍｉｏｓ,プライム（内国株式）,1333
135A,ＶＲＡＩＮ　Ｓｏｌｕｔｉｏｎ,グロース（内国株式）,135A
1375,ユキグニファクトリー,プライム（内国株式）,1375
1376,カネコ種苗,スタンダード（内国株式）,1376
1377,サカタのタネ,プライム（内国株式）,1377
1379,ホクト,プライム（内国株式）,1379
137A,Ｃｏｃｏｌｉｖｅ,グロース（内国株式）,137A
1380,秋川牧園,スタンダード（内国株式）,1380
1381,アクシーズ,スタンダード（内国株式）,1381
1382,ホーブ,スタンダード（内国株式）,1382
1383,ベルグアース,スタンダード（内国株式）,1383
1384,ホクリヨウ,スタンダード（内国株式）,1384
138A,光フードサービス,グロース（内国株式）,138A
1401,エムビーエス,グロース（内国株式）,1401
1407,ウエストホールディングス,スタンダード（内国株式）,1407
1414,ショーボンドホールディングス,プライム（内国株式）,1414
1417,ミライト・ワン,プライム（内国株式）,1417
1418,インターライフホールディングス,スタンダード（内国株式）,1418
1419,タマホーム,プライム（内国株式）,1419
141A,トライアルホールディングス,グロース（内国株式）,141A
1420,サンヨーホームズ,スタンダード（内国株式）,1420
1429,日本アクア,プライム（内国株式）,1429
142A,ジンジブ,グロース（内国株式）,142A
1430,ファーストコーポレーション,スタンダード（内国株式）,1430
1431,Ｌｉｂ　Ｗｏｒｋ,グロース（内国株式）,1431
1433,ベステラ,プライム（内国株式）,1433
1434,ＪＥＳＣＯホールディングス,スタンダード（内国株式）,1434
1435,ｒｏｂｏｔ　ｈｏｍｅ,スタンダード（内国株式）,1435
1436,グリーンエナジー＆カンパニー,グロース（内国株式）,1436
1438,岐阜造園,スタンダード（内国株式）,1438
143A,イシン,グロース（内国株式）,143A
1443,技研ホールディングス,スタンダード（内国株式）,1443
1444,ニッソウ,グロース（内国株式）,1444
1446,キャンディル,スタンダード（内国株式）,1446
1447,ＳＡＡＦホールディングス,グロース（内国株式）,1447
1450,ＴＡＮＡＫＥＮ,スタンダード（内国株式）,1450
145A,Ｌ　ｉｓ　Ｂ,グロース（内国株式）,145A
146A,コロンビア・ワークス,スタンダード（内国株式）,146A
147A,ソラコム,グロース（内国株式）,147A
148A,ハッチ・ワーク,グロース（内国株式）,148A
1491,中外鉱業,スタンダード（内国株式）,1491
149A,シンカ,グロース（内国株式）,149A
150A,ＪＳＨ,グロース（内国株式）,150A
1514,住石ホールディングス,スタンダード（内国株式）,1514
1515,日鉄鉱業,プライム（内国株式）,1515
1518,三井松島ホールディングス,プライム（内国株式）,1518
151A,ダイブグループ,グロース（内国株式）,151A
153A,カウリス,グロース（内国株式）,153A
155A,情報戦略テクノロジー,グロース（内国株式）,155A
156A,マテリアルグループ,グロース（内国株式）,156A
157A,グリーンモンスター,グロース（内国株式）,157A
1605,ＩＮＰＥＸ,プライム（内国株式）,1605
160A,アズパートナーズ,スタンダード（内国株式）,160A
1662,石油資源開発,プライム（内国株式）,1662
1663,Ｋ＆Ｏエナジーグループ,プライム（内国株式）,1663
166A,タスキホールディングス,プライム（内国株式）,166A
167A,リョーサン菱洋ホールディングス,プライム（内国株式）,167A
168A,イタミアート,グロース（内国株式）,168A
1711,ＳＤＳホールディングス,スタンダード（内国株式）,1711
1716,第一カッター興業,スタンダード（内国株式）,1716
1717,明豊ファシリティワークス,スタンダード（内国株式）,1717
1718,美樹工業,スタンダード（内国株式）,1718
1719,安藤・間,プライム（内国株式）,1719
1720,東急建設,プライム（内国株式）,1720
1721,コムシスホールディングス,プライム（内国株式）,1721
1723,日本電技,スタンダード（内国株式）,1723
1724,シンクレイヤ,スタンダード（内国株式）,1724
1736,オーテック,スタンダード（内国株式）,1736
173A,ハンモック,グロース（内国株式）,173A
1758,太洋基礎工業,スタンダード（内国株式）,1758
175A,Ｗｉｌｌ　Ｓｍａｒｔ,グロース（内国株式）,175A
1762,高松コンストラクショングループ,プライム（内国株式）,1762
1764,工藤建設,スタンダード（内国株式）,1764
1766,東建コーポレーション,プライム（内国株式）,1766
1768,ソネック,スタンダード（内国株式）,1768
1770,藤田エンジニアリング,スタンダード（内国株式）,1770
177A,コージンバイオ,グロース（内国株式）,177A
1780,ヤマウラ,プライム（内国株式）,1780
1783,ｆａｎｔａｓｉｓｔａ,スタンダード（内国株式）,1783
1786,オリエンタル白石,プライム（内国株式）,1786
1787,ナカボーテック,スタンダード（内国株式）,1787
1788,三東工業社,スタンダード（内国株式）,1788
1793,大本組,スタンダード（内国株式）,1793
1795,マサル,スタンダード（内国株式）,1795
1798,守谷商会,スタンダード（内国株式）,1798
1799,第一建設工業,スタンダード（内国株式）,1799
1801,大成建設,プライム（内国株式）,1801
1802,大林組,プライム（内国株式）,1802
1803,清水建設,プライム（内国株式）,1803
1807,佐藤渡辺,スタンダード（内国株式）,1807
1808,長谷工コーポレーション,プライム（内国株式）,1808
1810,松井建設,スタンダード（内国株式）,1810
1811,錢高組,スタンダード（内国株式）,1811
1812,鹿島建設,プライム（内国株式）,1812
1813,不動テトラ,プライム（内国株式）,1813
1814,大末建設,プライム（内国株式）,1814
1815,鉄建建設,プライム（内国株式）,1815
1820,西松建設,プライム（内国株式）,1820
1822,大豊建設,スタンダード（内国株式）,1822
1826,佐田建設,スタンダード（内国株式）,1826
1827,ナカノフドー建設,スタンダード（内国株式）,1827
1828,田辺工業,スタンダード（内国株式）,1828
1833,奥村組,プライム（内国株式）,1833
1835,東鉄工業,プライム（内国株式）,1835
1840,土屋ホールディングス,スタンダード（内国株式）,1840
1844,大盛工業,スタンダード（内国株式）,1844
1847,イチケン,スタンダード（内国株式）,1847
1848,富士ピー・エス,スタンダード（内国株式）,1848
184A,学びエイド,グロース（内国株式）,184A
1850,南海辰村建設,スタンダード（内国株式）,1850
1852,淺沼組,プライム（内国株式）,1852
1853,森組,スタンダード（内国株式）,1853
1860,戸田建設,プライム（内国株式）,1860
1861,熊谷組,プライム（内国株式）,1861
1866,北野建設,スタンダード（内国株式）,1866
1867,植木組,スタンダード（内国株式）,1867
186A,アストロスケールホールディングス,グロース（内国株式）,186A
1870,矢作建設工業,プライム（内国株式）,1870
1871,ピーエス・コンストラクション,プライム（内国株式）,1871
1873,日本ハウスホールディングス,プライム（内国株式）,1873
1878,大東建託,プライム（内国株式）,1878
1879,新日本建設,プライム（内国株式）,1879
1882,東亜道路工業,プライム（内国株式）,1882
1885,東亜建設工業,プライム（内国株式）,1885
1887,日本国土開発,プライム（内国株式）,1887
1888,若築建設,プライム（内国株式）,1888
1893,五洋建設,プライム（内国株式）,1893
1897,金下建設,スタンダード（内国株式）,1897
1898,世紀東急工業,プライム（内国株式）,1898
1899,福田組,プライム（内国株式）,1899
189A,Ｄ＆Ｍカンパニー,グロース（内国株式）,189A
1904,大成温調,スタンダード（内国株式）,1904
1905,テノックス,スタンダード（内国株式）,1905
1909,日本ドライケミカル,スタンダード（内国株式）,1909
190A,Ｃｈｏｒｄｉａ　Ｔｈｅｒａｐｅｕｔｉｃｓ,グロース（内国株式）,190A
1911,住友林業,プライム（内国株式）,1911
1914,日本基礎技術,スタンダード（内国株式）,1914
1921,巴コーポレーション,スタンダード（内国株式）,1921
1925,大和ハウス工業,プライム（内国株式）,1925
1926,ライト工業,プライム（内国株式）,1926
1928,積水ハウス,プライム（内国株式）,1928
1929,日特建設,プライム（内国株式）,1929
192A,インテグループ,グロース（内国株式）,192A
1930,北陸電気工事,プライム（内国株式）,1930
1934,ユアテック,プライム（内国株式）,1934
1938,日本リーテック,プライム（内国株式）,1938
1939,四電工,プライム（内国株式）,1939
1941,中電工,プライム（内国株式）,1941
1942,関電工,プライム（内国株式）,1942
1944,きんでん,プライム（内国株式）,1944
1945,東京エネシス,プライム（内国株式）,1945
1946,トーエネック,プライム（内国株式）,1946
1948,弘電社,スタンダード（内国株式）,1948
194A,ＷＯＬＶＥＳ　ＨＡＮＤ,グロース（内国株式）,194A
1950,日本電設工業,プライム（内国株式）,1950
1951,エクシオグループ,プライム（内国株式）,1951
1952,新日本空調,プライム（内国株式）,1952
1959,クラフティア,プライム（内国株式）,1959
195A,ＭＵＳＣＡＴ　ＧＲＯＵＰ,グロース（内国株式）,195A
1960,サンテック,スタンダード（内国株式）,1960
1961,三機工業,プライム（内国株式）,1961
1963,日揮ホールディングス,プライム（内国株式）,1963
1964,中外炉工業,プライム（内国株式）,1964
1965,テクノ菱和,スタンダード（内国株式）,1965
1966,高田工業所,スタンダード（内国株式）,1966
1967,ヤマト,スタンダード（内国株式）,1967
1968,太平電業,プライム（内国株式）,1968
1969,高砂熱学工業,プライム（内国株式）,1969
196A,ＭＦＳ,グロース（内国株式）,196A
1972,三晃金属工業,スタンダード（内国株式）,1972
1975,朝日工業社,プライム（内国株式）,1975
1976,明星工業,プライム（内国株式）,1976
1979,大氣社,プライム（内国株式）,1979
197A,タウンズ,スタンダード（内国株式）,197A
1980,ダイダン,プライム（内国株式）,1980
1981,協和日成,スタンダード（内国株式）,1981
1982,日比谷総合設備,プライム（内国株式）,1982
198A,ＰｏｓｔＰｒｉｍｅ,グロース（内国株式）,198A
1992,神田通信機,スタンダード（内国株式）,1992
1994,高橋カーテンウォール工業,スタンダード（内国株式）,1994
1997,暁飯島工業,スタンダード（内国株式）,1997
2001,ニップン,プライム（内国株式）,2001
2002,日清製粉グループ本社,プライム（内国株式）,2002
2003,日東富士製粉,スタンダード（内国株式）,2003
2004,昭和産業,プライム（内国株式）,2004
2009,鳥越製粉,スタンダード（内国株式）,2009
2053,中部飼料,プライム（内国株式）,2053
2055,日和産業,スタンダード（内国株式）,2055
205A,ロゴスホールディングス,グロース（内国株式）,205A
2060,フィード・ワン,プライム（内国株式）,2060
206A,ＰＲＩＳＭ　ＢｉｏＬａｂ,グロース（内国株式）,206A
208A,構造計画研究所ホールディングス,スタンダード（内国株式）,208A
2108,日本甜菜製糖,プライム（内国株式）,2108
2109,ＤＭ三井製糖,プライム（内国株式）,2109
2112,塩水港精糖,スタンダード（内国株式）,2112
2114,フジ日本,スタンダード（内国株式）,2114
2117,ウェルネオシュガー,プライム（内国株式）,2117
211A,カドス・コーポレーション,スタンダード（内国株式）,211A
2120,ＬＩＦＵＬＬ,プライム（内国株式）,2120
2121,ＭＩＸＩ,プライム（内国株式）,2121
2122,インタースペース,スタンダード（内国株式）,2122
2124,ジェイエイシーリクルートメント,プライム（内国株式）,2124
2127,日本Ｍ＆Ａセンターホールディングス,プライム（内国株式）,2127
212A,フィットイージー,プライム（内国株式）,212A
2130,メンバーズ,プライム（内国株式）,2130
2134,北浜キャピタルパートナーズ,スタンダード（内国株式）,2134
2136,ヒップ,スタンダード（内国株式）,2136
2138,クルーズ,スタンダード（内国株式）,2138
2139,中広,スタンダード（内国株式）,2139
2146,ＵＴグループ,プライム（内国株式）,2146
2148,アイティメディア,プライム（内国株式）,2148
2152,幼児活動研究会,スタンダード（内国株式）,2152
2153,Ｅ・Ｊホールディングス,プライム（内国株式）,2153
2154,オープンアップグループ,プライム（内国株式）,2154
2156,セーラー広告,スタンダード（内国株式）,2156
2157,コシダカホールディングス,プライム（内国株式）,2157
2158,ＦＲＯＮＴＥＯ,グロース（内国株式）,2158
215A,タイミー,グロース（内国株式）,215A
2160,ジーエヌアイグループ,グロース（内国株式）,2160
2163,アルトナー,プライム（内国株式）,2163
2164,地域新聞社,スタンダード（内国株式）,2164
2168,パソナグループ,プライム（内国株式）,2168
2169,ＣＤＳ,スタンダード（内国株式）,2169
2170,リンクアンドモチベーション,プライム（内国株式）,2170
2173,博展,グロース（内国株式）,2173
2175,エス・エム・エス,プライム（内国株式）,2175
2179,成学社,スタンダード（内国株式）,2179
2180,サニーサイドアップグループ,スタンダード（内国株式）,2180
2181,パーソルホールディングス,プライム（内国株式）,2181
2183,リニカル,スタンダード（内国株式）,2183
2185,シイエム・シイ,スタンダード（内国株式）,2185
2186,ソーバル,スタンダード（内国株式）,2186
218A,Ｌｉｂｅｒａｗａｒｅ,グロース（内国株式）,218A
2193,クックパッド,スタンダード（内国株式）,2193
2195,アミタホールディングス,グロース（内国株式）,2195
2198,アイ・ケイ・ケイホールディングス,プライム（内国株式）,2198
219A,Ｈｅａｒｔｓｅｅｄ,グロース（内国株式）,219A
2201,森永製菓,プライム（内国株式）,2201
2204,中村屋,スタンダード（内国株式）,2204
2206,江崎グリコ,プライム（内国株式）,2206
2207,ｍｅｉｔｏ,プライム（内国株式）,2207
2208,ブルボン,スタンダード（内国株式）,2208
2209,井村屋グループ,プライム（内国株式）,2209
220A,Ｆａｂｅｒ　Ｃｏｍｐａｎｙ,スタンダード（内国株式）,220A
2211,不二家,プライム（内国株式）,2211
2212,山崎製パン,プライム（内国株式）,2212
2215,第一屋製パン,スタンダード（内国株式）,2215
2216,カンロ,スタンダード（内国株式）,2216
2217,モロゾフ,プライム（内国株式）,2217
2220,亀田製菓,プライム（内国株式）,2220
2221,岩塚製菓,スタンダード（内国株式）,2221
2222,寿スピリッツ,プライム（内国株式）,2222
2224,コモ,スタンダード（内国株式）,2224
2226,湖池屋,スタンダード（内国株式）,2226
2229,カルビー,プライム（内国株式）,2229
2264,森永乳業,プライム（内国株式）,2264
2266,六甲バター,プライム（内国株式）,2266
2267,ヤクルト本社,プライム（内国株式）,2267
2268,Ｂ－Ｒ　サーティワン　アイスクリーム,スタンダード（内国株式）,2268
2269,明治ホールディングス,プライム（内国株式）,2269
2270,雪印メグミルク,プライム（内国株式）,2270
2281,プリマハム,プライム（内国株式）,2281
2282,日本ハム,プライム（内国株式）,2282
2286,林兼産業,スタンダード（内国株式）,2286
2288,丸大食品,プライム（内国株式）,2288
228A,オプロ,グロース（内国株式）,228A
2291,福留ハム,スタンダード（内国株式）,2291
2292,Ｓ　Ｆｏｏｄｓ,プライム（内国株式）,2292
2293,滝沢ハム,スタンダード（内国株式）,2293
2294,柿安本店,プライム（内国株式）,2294
2296,伊藤ハム米久ホールディングス,プライム（内国株式）,2296
2300,きょくとう,スタンダード（内国株式）,2300
2301,学情,プライム（内国株式）,2301
2303,ドーン,スタンダード（内国株式）,2303
2304,ＣＳＳホールディングス,スタンダード（内国株式）,2304
2305,スタジオアリス,スタンダード（内国株式）,2305
2307,クロスキャット,プライム（内国株式）,2307
2311,エプコ,スタンダード（内国株式）,2311
2315,ＣＡＩＣＡ　ＤＩＧＩＴＡＬ,スタンダード（内国株式）,2315
2317,システナ,プライム（内国株式）,2317
2321,ソフトフロントホールディングス,グロース（内国株式）,2321
2323,ｆｏｎｆｕｎ,スタンダード（内国株式）,2323
2325,ＮＪＳ,プライム（内国株式）,2325
2326,デジタルアーツ,プライム（内国株式）,2326
2327,日鉄ソリューションズ,プライム（内国株式）,2327
2329,東北新社,スタンダード（内国株式）,2329
2330,フォーサイド,スタンダード（内国株式）,2330
2331,ＡＬＳＯＫ,プライム（内国株式）,2331
2332,クエスト,スタンダード（内国株式）,2332
2334,イオレ,グロース（内国株式）,2334
2335,キューブシステム,プライム（内国株式）,2335
2337,いちご,プライム（内国株式）,2337
2338,クオンタムソリューションズ,スタンダード（内国株式）,2338
2340,極楽湯ホールディングス,スタンダード（内国株式）,2340
2341,アルバイトタイムス,スタンダード（内国株式）,2341
2342,トランスジェニックグループ,スタンダード（内国株式）,2342
2345,ＨＯＤＬ１,スタンダード（内国株式）,2345
2349,エヌアイデイ,スタンダード（内国株式）,2349
2351,ＡＳＪ,スタンダード（内国株式）,2351
2353,日本駐車場開発,プライム（内国株式）,2353
2354,ＹＥ　ＤＩＧＩＴＡＬ,スタンダード（内国株式）,2354
2359,コア,プライム（内国株式）,2359
2370,メディネット,グロース（内国株式）,2370
2371,カカクコム,プライム（内国株式）,2371
2373,ケア２１,スタンダード（内国株式）,2373
2375,ギグワークス,スタンダード（内国株式）,2375
2376,サイネックス,スタンダード（内国株式）,2376
2378,ルネサンス,プライム（内国株式）,2378
2379,ディップ,プライム（内国株式）,2379
2384,ＳＢＳホールディングス,プライム（内国株式）,2384
2385,総医研ホールディングス,グロース（内国株式）,2385
2388,ウェッジホールディングス,グロース（内国株式）,2388
2391,プラネット,スタンダード（内国株式）,2391
2393,日本ケアサプライ,スタンダード（内国株式）,2393
2395,新日本科学,プライム（内国株式）,2395
2404,鉄人化ホールディングス,スタンダード（内国株式）,2404
2408,ＫＧ情報,スタンダード（内国株式）,2408
2410,キャリアデザインセンター,プライム（内国株式）,2410
2411,ゲンダイエージェンシー,スタンダード（内国株式）,2411
2413,エムスリー,プライム（内国株式）,2413
2415,ヒューマンホールディングス,スタンダード（内国株式）,2415
2418,ツカダ・グローバルホールディング,スタンダード（内国株式）,2418
241A,ＲＯＸＸ,グロース（内国株式）,241A
2424,ブラス,スタンダード（内国株式）,2424
2425,ケアサービス,スタンダード（内国株式）,2425
2428,ウェルネット,スタンダード（内国株式）,2428
2429,ワールドホールディングス,プライム（内国株式）,2429
2432,ディー・エヌ・エー,プライム（内国株式）,2432
2433,博報堂ＤＹホールディングス,プライム（内国株式）,2433
2435,シダー,スタンダード（内国株式）,2435
2436,共同ピーアール,スタンダード（内国株式）,2436
2437,Ｓｈｉｎｗａ　Ｗｉｓｅ　Ｈｏｌｄｉｎｇｓ,スタンダード（内国株式）,2437
2438,アスカネット,グロース（内国株式）,2438
2440,ぐるなび,スタンダード（内国株式）,2440
2445,タカミヤ,スタンダード（内国株式）,2445
2449,プラップジャパン,スタンダード（内国株式）,2449
244A,グロースエクスパートナーズ,グロース（内国株式）,244A
2454,オールアバウト,スタンダード（内国株式）,2454
2459,アウンコンサルティング,スタンダード（内国株式）,2459
245A,ＩＮＧＳ,グロース（内国株式）,245A
2461,ファンコミュニケーションズ,プライム（内国株式）,2461
2462,ライク,プライム（内国株式）,2462
2464,Ａｏｂａ‐ＢＢＴ,スタンダード（内国株式）,2464
2469,ヒビノ,スタンダード（内国株式）,2469
246A,アスア,グロース（内国株式）,246A
2471,エスプール,プライム（内国株式）,2471
2475,ＷＤＢホールディングス,プライム（内国株式）,2475
2477,手間いらず,スタンダード（内国株式）,2477
2479,ジェイテック,スタンダード（内国株式）,2479
247A,Ａｉロボティクス,グロース（内国株式）,247A
2480,システム・ロケーション,スタンダード（内国株式）,2480
2481,タウンニュース社,スタンダード（内国株式）,2481
2483,翻訳センター,スタンダード（内国株式）,2483
2484,出前館,スタンダード（内国株式）,2484
2485,ティア,スタンダード（内国株式）,2485
2488,ＪＴＰ,スタンダード（内国株式）,2488
2489,アドウェイズ,スタンダード（内国株式）,2489
248A,キッズスター,グロース（内国株式）,248A
2491,バリューコマース,プライム（内国株式）,2491
2492,インフォマート,プライム（内国株式）,2492
2493,イーサポートリンク,スタンダード（内国株式）,2493
2497,ユナイテッド,グロース（内国株式）,2497
2498,オリエンタルコンサルタンツホールディングス,スタンダード（内国株式）,2498
2499,日本和装ホールディングス,スタンダード（内国株式）,2499
2501,サッポロビール,プライム（内国株式）,2501
2502,アサヒグループホールディングス,プライム（内国株式）,2502
2503,キリンホールディングス,プライム（内国株式）,2503
250A,シマダヤ,スタンダード（内国株式）,250A
2531,宝ホールディングス,プライム（内国株式）,2531
2533,オエノンホールディングス,プライム（内国株式）,2533
253A,ＥＴＳグループ,スタンダード（内国株式）,253A
254A,ＡＩフュージョンキャピタルグループ,スタンダード（内国株式）,254A
255A,ジーエルテクノホールディングス,スタンダード（内国株式）,255A
256A,飛島ホールディングス,プライム（内国株式）,256A
2573,北海道コカ・コーラボトリング,スタンダード（内国株式）,2573
2579,コカ・コーラ　ボトラーズジャパンホールディングス,プライム（内国株式）,2579
2585,ライフドリンク　カンパニー,プライム（内国株式）,2585
2586,フルッタフルッタ,グロース（内国株式）,2586
2587,サントリービバレッジ＆フード,プライム（内国株式）,2587
2588,プレミアムウォーターホールディングス,スタンダード（内国株式）,2588
2590,ダイドーグループホールディングス,プライム（内国株式）,2590
2593,伊藤園,プライム（内国株式）,2593
2594,キーコーヒー,プライム（内国株式）,2594
2597,ユニカフェ,スタンダード（内国株式）,2597
2602,日清オイリオグループ,プライム（内国株式）,2602
2607,不二製油,プライム（内国株式）,2607
2612,かどや製油,スタンダード（内国株式）,2612
2613,Ｊ－オイルミルズ,プライム（内国株式）,2613
261A,日水コン,スタンダード（内国株式）,261A
262A,インターメスティック,プライム（内国株式）,262A
264A,Ｓｃｈｏｏ,グロース（内国株式）,264A
2652,まんだらけ,スタンダード（内国株式）,2652
2653,イオン九州,スタンダード（内国株式）,2653
2654,アスモ,スタンダード（内国株式）,2654
2656,ベクターホールディングス,スタンダード（内国株式）,2656
2659,サンエー,プライム（内国株式）,2659
265A,Ｈｍｃｏｍｍ,グロース（内国株式）,265A
2664,カワチ薬品,プライム（内国株式）,2664
2666,オートウェーブ,スタンダード（内国株式）,2666
2667,イメージ　ワン,スタンダード（内国株式）,2667
2668,タビオ,スタンダード（内国株式）,2668
2669,カネ美食品,スタンダード（内国株式）,2669
2670,エービーシー・マート,プライム（内国株式）,2670
2673,夢みつけ隊,スタンダード（内国株式）,2673
2674,ハードオフコーポレーション,プライム（内国株式）,2674
2676,高千穂交易,プライム（内国株式）,2676
2678,アスクル,プライム（内国株式）,2678
2681,ゲオホールディングス,プライム（内国株式）,2681
2683,魚喜,スタンダード（内国株式）,2683
2685,アンドエスティＨＤ,プライム（内国株式）,2685
2687,シー・ヴイ・エス・ベイエリア,スタンダード（内国株式）,2687
2689,オルバヘルスケアホールディングス,スタンダード（内国株式）,2689
268A,リガク・ホールディングス,プライム（内国株式）,268A
2693,ＹＫＴ,スタンダード（内国株式）,2693
2694,焼肉坂井ホールディングス,スタンダード（内国株式）,2694
2695,くら寿司,プライム（内国株式）,2695
2698,キャンドゥ,スタンダード（内国株式）,2698
269A,Ｓａｐｅｅｔ,グロース（内国株式）,269A
2700,木徳神糧,スタンダード（内国株式）,2700
2702,日本マクドナルドホールディングス,スタンダード（内国株式）,2702
2705,大戸屋ホールディングス,スタンダード（内国株式）,2705
2708,久世,スタンダード（内国株式）,2708
2721,ジェイホールディングス,スタンダード（内国株式）,2721
2722,ＩＫホールディングス,スタンダード（内国株式）,2722
2726,パルグループホールディングス,プライム（内国株式）,2726
2730,エディオン,プライム（内国株式）,2730
2733,あらた,プライム（内国株式）,2733
2734,サーラコーポレーション,プライム（内国株式）,2734
2735,ワッツ,スタンダード（内国株式）,2735
2736,フェスタリアホールディングス,スタンダード（内国株式）,2736
2737,トーメンデバイス,プライム（内国株式）,2737
2742,ハローズ,プライム（内国株式）,2742
2747,北雄ラッキー,スタンダード（内国株式）,2747
2749,ＪＰホールディングス,プライム（内国株式）,2749
274A,ガーデン,スタンダード（内国株式）,274A
2750,石光商事,スタンダード（内国株式）,2750
2751,テンポスホールディングス,スタンダード（内国株式）,2751
2752,フジオフードグループ本社,プライム（内国株式）,2752
2753,あみやき亭,プライム（内国株式）,2753
2760,東京エレクトロン　デバイス,プライム（内国株式）,2760
2762,ＳＡＮＫＯ　ＭＡＲＫＥＴＩＮＧ　ＦＯＯＤＳ,スタンダード（内国株式）,2762
2764,ひらまつ,スタンダード（内国株式）,2764
2767,円谷フィールズホールディングス,プライム（内国株式）,2767
2768,双日,プライム（内国株式）,2768
2769,ヴィレッジヴァンガードコーポレーション,スタンダード（内国株式）,2769
276A,ククレブ・アドバイザーズ,グロース（内国株式）,276A
2776,新都ホールディングス,スタンダード（内国株式）,2776
2778,パレモ・ホールディングス,スタンダード（内国株式）,2778
277A,グロービング,プライム（内国株式）,277A
2780,コメ兵ホールディングス,スタンダード（内国株式）,2780
2782,セリア,スタンダード（内国株式）,2782
2784,アルフレッサ　ホールディングス,プライム（内国株式）,2784
2788,アップルインターナショナル,スタンダード（内国株式）,2788
2789,カルラ,スタンダード（内国株式）,2789
278A,Ｔｅｒｒａ　Ｄｒｏｎｅ,グロース（内国株式）,278A
2790,ナフコ,スタンダード（内国株式）,2790
2791,大黒天物産,プライム（内国株式）,2791
2792,ハニーズホールディングス,プライム（内国株式）,2792
2795,日本プリメックス,スタンダード（内国株式）,2795
2796,ファーマライズホールディングス,スタンダード（内国株式）,2796
2798,ワイズテーブルコーポレーション,スタンダード（内国株式）,2798
2801,キッコーマン,プライム（内国株式）,2801
2802,味の素,プライム（内国株式）,2802
2804,ブルドックソース,プライム（内国株式）,2804
2805,ヱスビー食品,スタンダード（内国株式）,2805
2806,ユタカフーズ,スタンダード（内国株式）,2806
2809,キユーピー,プライム（内国株式）,2809
280A,ＴＭＨ,グロース（内国株式）,280A
2810,ハウス食品グループ本社,プライム（内国株式）,2810
2811,カゴメ,プライム（内国株式）,2811
2813,和弘食品,スタンダード（内国株式）,2813
2814,佐藤食品工業,スタンダード（内国株式）,2814
2815,アリアケジャパン,プライム（内国株式）,2815
2816,ダイショー,スタンダード（内国株式）,2816
2818,ピエトロ,スタンダード（内国株式）,2818
2819,エバラ食品工業,スタンダード（内国株式）,2819
281A,インフォメティス,グロース（内国株式）,281A
2820,やまみ,スタンダード（内国株式）,2820
2831,はごろもフーズ,スタンダード（内国株式）,2831
285A,キオクシアホールディングス,プライム（内国株式）,285A
286A,ユカリア,グロース（内国株式）,286A
2871,ニチレイ,プライム（内国株式）,2871
2872,セイヒョー,スタンダード（内国株式）,2872
2874,横浜冷凍,プライム（内国株式）,2874
2875,東洋水産,プライム（内国株式）,2875
2876,デルソーレ,スタンダード（内国株式）,2876
2877,日東ベスト,スタンダード（内国株式）,2877
287A,黒田グループ,スタンダード（内国株式）,287A
2882,イートアンドホールディングス,プライム（内国株式）,2882
2883,大冷,スタンダード（内国株式）,2883
2884,ヨシムラ・フード・ホールディングス,プライム（内国株式）,2884
288A,ラクサス・テクノロジーズ,グロース（内国株式）,288A
2892,日本食品化工,スタンダード（内国株式）,2892
2894,石井食品,スタンダード（内国株式）,2894
2897,日清食品ホールディングス,プライム（内国株式）,2897
2901,ウェルディッシュ,スタンダード（内国株式）,2901
2903,シノブフーズ,スタンダード（内国株式）,2903
2904,一正蒲鉾,スタンダード（内国株式）,2904
2907,あじかん,スタンダード（内国株式）,2907
2908,フジッコ,プライム（内国株式）,2908
290A,Ｓｙｎｓｐｅｃｔｉｖｅ,グロース（内国株式）,290A
2910,ロック・フィールド,プライム（内国株式）,2910
2911,旭松食品,スタンダード（内国株式）,2911
2914,日本たばこ産業,プライム（内国株式）,2914
2915,ケンコーマヨネーズ,プライム（内国株式）,2915
2916,仙波糖化工業,スタンダード（内国株式）,2916
2917,大森屋,スタンダード（内国株式）,2917
2918,わらべや日洋ホールディングス,プライム（内国株式）,2918
291A,リスキル,グロース（内国株式）,291A
2922,なとり,プライム（内国株式）,2922
2923,サトウ食品,スタンダード（内国株式）,2923
2924,イフジ産業,スタンダード（内国株式）,2924
2926,篠崎屋,スタンダード（内国株式）,2926
2927,ＡＦＣ－ＨＤアムスライフサイエンス,スタンダード（内国株式）,2927
2929,ファーマフーズ,プライム（内国株式）,2929
2930,北の達人コーポレーション,プライム（内国株式）,2930
2931,ユーグレナ,プライム（内国株式）,2931
2932,ＳＴＩフードホールディングス,スタンダード（内国株式）,2932
2933,紀文食品,プライム（内国株式）,2933
2934,ジェイフロンティア,グロース（内国株式）,2934
2935,ピックルスホールディングス,プライム（内国株式）,2935
2936,ベースフード,グロース（内国株式）,2936
2937,サンクゼール,グロース（内国株式）,2937
2938,オカムラ食品工業,スタンダード（内国株式）,2938
2961,日本調理機,スタンダード（内国株式）,2961
2962,テクニスコ,スタンダード（内国株式）,2962
296A,令和アカウンティング・ホールディングス,グロース（内国株式）,296A
2970,ＧＬＣ　ＧＲＯＵＰ,スタンダード（内国株式）,2970
2975,スター・マイカ・ホールディングス,プライム（内国株式）,2975
2978,ツクルバ,グロース（内国株式）,2978
297A,アルピコホールディングス,スタンダード（内国株式）,297A
2980,ＳＲＥホールディングス,プライム（内国株式）,2980
2981,ランディックス,グロース（内国株式）,2981
2982,ＡＤワークスグループ,プライム（内国株式）,2982
2983,アールプランナー,グロース（内国株式）,2983
2984,ヤマイチエステート,スタンダード（内国株式）,2984
2986,ＬＡホールディングス,グロース（内国株式）,2986
298A,ＧＶＡ　ＴＥＣＨ,グロース（内国株式）,298A
2991,ランドネット,スタンダード（内国株式）,2991
2993,長栄,スタンダード（内国株式）,2993
2997,ストレージ王,グロース（内国株式）,2997
2998,クリアル,グロース（内国株式）,2998
2999,ホームポジション,スタンダード（内国株式）,2999
299A,クラシル,グロース（内国株式）,299A
3001,片倉工業,スタンダード（内国株式）,3001
3002,グンゼ,プライム（内国株式）,3002
3003,ヒューリック,プライム（内国株式）,3003
3004,神栄,スタンダード（内国株式）,3004
300A,ＭＩＣ,スタンダード（内国株式）,300A
3010,ポラリス・ホールディングス,スタンダード（内国株式）,3010
3011,バナーズ,スタンダード（内国株式）,3011
3020,アプライド,スタンダード（内国株式）,3020
3021,パシフィックネット,スタンダード（内国株式）,3021
3023,ラサ商事,スタンダード（内国株式）,3023
3024,クリエイト,スタンダード（内国株式）,3024
3028,アルペン,プライム（内国株式）,3028
302A,ビースタイルホールディングス,グロース（内国株式）,302A
3030,ハブ,スタンダード（内国株式）,3030
3031,ラクーンホールディングス,プライム（内国株式）,3031
3034,クオールホールディングス,プライム（内国株式）,3034
3035,ケイティケイ,スタンダード（内国株式）,3035
3036,アルコニックス,プライム（内国株式）,3036
3038,神戸物産,プライム（内国株式）,3038
303A,ｖｉｓｕｍｏ,グロース（内国株式）,303A
3040,ソリトンシステムズ,プライム（内国株式）,3040
3041,ビューティカダンホールディングス,スタンダード（内国株式）,3041
3042,セキュアヴェイル,スタンダード（内国株式）,3042
3045,カワサキ,スタンダード（内国株式）,3045
3046,ジンズホールディングス,プライム（内国株式）,3046
3048,ビックカメラ,プライム（内国株式）,3048
304A,フォルシア,グロース（内国株式）,304A
3050,ＤＣＭホールディングス,プライム（内国株式）,3050
3053,ペッパーフードサービス,スタンダード（内国株式）,3053
3054,ハイパー,スタンダード（内国株式）,3054
3058,三洋堂ホールディングス,スタンダード（内国株式）,3058
3059,ヒラキ,スタンダード（内国株式）,3059
3063,ジェイグループホールディングス,グロース（内国株式）,3063
3064,ＭｏｎｏｔａＲＯ,プライム（内国株式）,3064
3065,ライフフーズ,スタンダード（内国株式）,3065
3067,東京一番フーズ,スタンダード（内国株式）,3067
3068,ＷＤＩ,スタンダード（内国株式）,3068
3069,ＪＦＬＡホールディングス,スタンダード（内国株式）,3069
3070,ジェリービーンズグループ,グロース（内国株式）,3070
3071,ストリーム,スタンダード（内国株式）,3071
3075,銚子丸,スタンダード（内国株式）,3075
3076,あい　ホールディングス,プライム（内国株式）,3076
3077,ホリイフードサービス,スタンダード（内国株式）,3077
3080,ジェーソン,スタンダード（内国株式）,3080
3082,きちりホールディングス,スタンダード（内国株式）,3082
3083,スターシーズ,スタンダード（内国株式）,3083
3086,Ｊ．フロント　リテイリング,プライム（内国株式）,3086
3087,ドトール・日レスホールディングス,プライム（内国株式）,3087
3088,マツキヨココカラ＆カンパニー,プライム（内国株式）,3088
3089,テクノアルファ,スタンダード（内国株式）,3089
3091,ブロンコビリー,プライム（内国株式）,3091
3092,ＺＯＺＯ,プライム（内国株式）,3092
3093,トレジャー・ファクトリー,プライム（内国株式）,3093
3096,オーシャンシステム,スタンダード（内国株式）,3096
3097,物語コーポレーション,プライム（内国株式）,3097
3099,三越伊勢丹ホールディングス,プライム（内国株式）,3099
3101,東洋紡,プライム（内国株式）,3101
3103,ユニチカ,スタンダード（内国株式）,3103
3104,富士紡ホールディングス,プライム（内国株式）,3104
3105,日清紡ホールディングス,プライム（内国株式）,3105
3106,倉敷紡績,プライム（内国株式）,3106
3107,ダイワボウホールディングス,プライム（内国株式）,3107
3109,シキボウ,プライム（内国株式）,3109
3110,日東紡績,プライム（内国株式）,3110
3111,オーミケンシ,スタンダード（内国株式）,3111
3113,ＵＮＩＶＡ・Ｏａｋホールディングス,スタンダード（内国株式）,3113
3116,トヨタ紡織,プライム（内国株式）,3116
3121,マーチャント・バンカーズ,スタンダード（内国株式）,3121
3123,サイボー,スタンダード（内国株式）,3123
3131,シンデン・ハイテックス,スタンダード（内国株式）,3131
3132,マクニカホールディングス,プライム（内国株式）,3132
3133,海帆,グロース（内国株式）,3133
3134,Ｈａｍｅｅ,スタンダード（内国株式）,3134
3135,マーケットエンタープライズ,スタンダード（内国株式）,3135
3137,ファンデリー,スタンダード（内国株式）,3137
3138,富士山マガジンサービス,スタンダード（内国株式）,3138
3139,ラクト・ジャパン,プライム（内国株式）,3139
3140,ＢＲＵＮＯ,グロース（内国株式）,3140
3143,オーウイル,スタンダード（内国株式）,3143
3148,クリエイトＳＤホールディングス,プライム（内国株式）,3148
3150,グリムス,プライム（内国株式）,3150
3151,バイタルケーエスケー・ホールディングス,プライム（内国株式）,3151
3153,八洲電機,プライム（内国株式）,3153
3154,メディアスホールディングス,プライム（内国株式）,3154
3156,レスター,プライム（内国株式）,3156
3157,ジオリーブグループ,スタンダード（内国株式）,3157
3159,丸善ＣＨＩホールディングス,スタンダード（内国株式）,3159
3160,大光,スタンダード（内国株式）,3160
3161,アゼアス,スタンダード（内国株式）,3161
3166,ＯＣＨＩホールディングス,スタンダード（内国株式）,3166
3167,ＴＯＫＡＩホールディングス,プライム（内国株式）,3167
3168,ＭＥＲＦ,スタンダード（内国株式）,3168
3169,ミサワ,スタンダード（内国株式）,3169
3172,ティーライフ,スタンダード（内国株式）,3172
3173,Ｃｏｍｉｎｉｘ,スタンダード（内国株式）,3173
3174,ハピネス・アンド・ディ,スタンダード（内国株式）,3174
3175,エー・ピーホールディングス,スタンダード（内国株式）,3175
3176,三洋貿易,プライム（内国株式）,3176
3177,ありがとうサービス,スタンダード（内国株式）,3177
3178,チムニー,スタンダード（内国株式）,3178
3179,シュッピン,プライム（内国株式）,3179
3180,ビューティガレージ,プライム（内国株式）,3180
3181,買取王国,スタンダード（内国株式）,3181
3182,オイシックス,プライム（内国株式）,3182
3183,ウイン・パートナーズ,プライム（内国株式）,3183
3184,ＩＣＤＡホールディングス,スタンダード（内国株式）,3184
3185,夢展望,グロース（内国株式）,3185
3186,ネクステージ,プライム（内国株式）,3186
3187,ミラタップ,グロース（内国株式）,3187
3189,ＡＮＡＰホールディングス,スタンダード（内国株式）,3189
3190,ホットマン,スタンダード（内国株式）,3190
3191,ジョイフル本田,プライム（内国株式）,3191
3192,白鳩,スタンダード（内国株式）,3192
3193,エターナルホスピタリティグループ,プライム（内国株式）,3193
3195,ジェネレーションパス,スタンダード（内国株式）,3195
3196,ホットランドホールディングス,プライム（内国株式）,3196
3197,すかいらーくホールディングス,プライム（内国株式）,3197
3199,綿半ホールディングス,プライム（内国株式）,3199
319A,技術承継機構,グロース（内国株式）,319A
3201,日本毛織,プライム（内国株式）,3201
3202,ダイトウボウ,スタンダード（内国株式）,3202
3204,トーア紡コーポレーション,スタンダード（内国株式）,3204
3205,ダイドーリミテッド,スタンダード（内国株式）,3205
3221,ヨシックスホールディングス,プライム（内国株式）,3221
3222,ユナイテッド・スーパーマーケット・ホールディングス,スタンダード（内国株式）,3222
3223,エスエルディー,スタンダード（内国株式）,3223
3224,ゼネラル・オイスター,グロース（内国株式）,3224
3231,野村不動産ホールディングス,プライム（内国株式）,3231
3232,三重交通グループホールディングス,プライム（内国株式）,3232
3236,プロパスト,スタンダード（内国株式）,3236
3237,イントランス,グロース（内国株式）,3237
3238,セントラル総合開発,スタンダード（内国株式）,3238
323A,フライヤー,グロース（内国株式）,323A
3241,ウィル,スタンダード（内国株式）,3241
3242,アーバネットコーポレーション,スタンダード（内国株式）,3242
3245,ディア・ライフ,プライム（内国株式）,3245
3246,コーセーアールイー,スタンダード（内国株式）,3246
3248,アールエイジ,スタンダード（内国株式）,3248
324A,ブッキングリゾート,グロース（内国株式）,324A
3252,地主,プライム（内国株式）,3252
325A,ＴＥＮＴＩＡＬ,グロース（内国株式）,325A
3261,グランディーズ,グロース（内国株式）,3261
3266,ファンドクリエーショングループ,スタンダード（内国株式）,3266
3267,フィル・カンパニー,スタンダード（内国株式）,3267
3276,ＪＰＭＣ,プライム（内国株式）,3276
3277,サンセイランディック,スタンダード（内国株式）,3277
3280,エストラスト,スタンダード（内国株式）,3280
3284,フージャースホールディングス,プライム（内国株式）,3284
3286,トラストホールディングス,スタンダード（内国株式）,3286
3288,オープンハウスグループ,プライム（内国株式）,3288
3289,東急不動産ホールディングス,プライム（内国株式）,3289
3291,飯田グループホールディングス,プライム（内国株式）,3291
3293,アズマハウス,スタンダード（内国株式）,3293
3297,東武住販,スタンダード（内国株式）,3297
3299,ムゲンエステート,スタンダード（内国株式）,3299
3300,アンビション　ＤＸ　ホールディングス,グロース（内国株式）,3300
3302,帝国繊維,プライム（内国株式）,3302
3306,日本製麻,スタンダード（内国株式）,3306
330A,ＴａｌｅｎｔＸ,グロース（内国株式）,330A
3315,日本コークス工業,プライム（内国株式）,3315
3317,フライングガーデン,スタンダード（内国株式）,3317
331A,メディックス,スタンダード（内国株式）,331A
3320,クロスプラス,スタンダード（内国株式）,3320
3321,ミタチ産業,スタンダード（内国株式）,3321
3323,レカム,スタンダード（内国株式）,3323
3326,ランシステム,スタンダード（内国株式）,3326
3329,東和フードサービス,スタンダード（内国株式）,3329
332A,ミーク,グロース（内国株式）,332A
3333,あさひ,プライム（内国株式）,3333
3349,コスモス薬品,プライム（内国株式）,3349
334A,ビジュアル・プロセッシング・ジャパン,グロース（内国株式）,334A
3350,メタプラネット,スタンダード（内国株式）,3350
3352,バッファロー,スタンダード（内国株式）,3352
3353,メディカル一光グループ,スタンダード（内国株式）,3353
3355,クリヤマホールディングス,スタンダード（内国株式）,3355
3358,Ｔｒａｉｌｈｅａｄ　Ｇｌｏｂａｌ　Ｈｏｌｄｉｎｇｓ,スタンダード（内国株式）,3358
3359,ｃｏｔｔａ,グロース（内国株式）,3359
335A,ミライロ,グロース（内国株式）,335A
3360,シップヘルスケアホールディングス,プライム（内国株式）,3360
3361,トーエル,スタンダード（内国株式）,3361
336A,ダイナミックマッププラットフォーム,グロース（内国株式）,336A
3370,フジタコーポレーション,スタンダード（内国株式）,3370
3371,ソフトクリエイトホールディングス,プライム（内国株式）,3371
3372,関門海,スタンダード（内国株式）,3372
3374,内外テック,スタンダード（内国株式）,3374
3375,ＺＯＡ,スタンダード（内国株式）,3375
3377,バイク王＆カンパニー,スタンダード（内国株式）,3377
3382,セブン＆アイ・ホールディングス,プライム（内国株式）,3382
3386,コスモ・バイオ,スタンダード（内国株式）,3386
3387,クリエイト・レストランツ・ホールディングス,プライム（内国株式）,3387
3388,明治電機工業,プライム（内国株式）,3388
338A,ＺｅｎｍｕＴｅｃｈ,グロース（内国株式）,338A
3391,ツルハホールディングス,プライム（内国株式）,3391
3392,デリカフーズホールディングス,スタンダード（内国株式）,3392
3393,スターティアホールディングス,プライム（内国株式）,3393
3395,サンマルクホールディングス,プライム（内国株式）,3395
3396,フェリシモ,スタンダード（内国株式）,3396
3397,トリドールホールディングス,プライム（内国株式）,3397
3399,丸千代山岡家,スタンダード（内国株式）,3399
339A,プログレス・テクノロジーズ　グループ,グロース（内国株式）,339A
3401,帝人,プライム（内国株式）,3401
3402,東レ,プライム（内国株式）,3402
3405,クラレ,プライム（内国株式）,3405
3407,旭化成,プライム（内国株式）,3407
3409,北紡,スタンダード（内国株式）,3409
340A,ジグザグ,グロース（内国株式）,340A
3415,ＴＯＫＹＯ　ＢＡＳＥ,プライム（内国株式）,3415
3416,ピクスタ,スタンダード（内国株式）,3416
3417,大木ヘルスケアホールディングス,スタンダード（内国株式）,3417
3418,バルニバービ,グロース（内国株式）,3418
341A,トヨコー,グロース（内国株式）,341A
3420,ケー・エフ・シー,スタンダード（内国株式）,3420
3421,稲葉製作所,スタンダード（内国株式）,3421
3422,Ｊ－ＭＡＸ,スタンダード（内国株式）,3422
3423,エスイー,スタンダード（内国株式）,3423
3426,アトムリビンテック,スタンダード（内国株式）,3426
3431,宮地エンジニアリンググループ,プライム（内国株式）,3431
3433,トーカロ,プライム（内国株式）,3433
3434,アルファＣｏ,スタンダード（内国株式）,3434
3435,サンコーテクノ,スタンダード（内国株式）,3435
3436,ＳＵＭＣＯ,プライム（内国株式）,3436
3437,特殊電極,スタンダード（内国株式）,3437
3439,三ツ知,スタンダード（内国株式）,3439
343A,ＩＡＣＥトラベル,スタンダード（内国株式）,343A
3440,日創グループ,スタンダード（内国株式）,3440
3441,山王,スタンダード（内国株式）,3441
3443,川田テクノロジーズ,プライム（内国株式）,3443
3444,菊池製作所,スタンダード（内国株式）,3444
3445,ＲＳ　Ｔｅｃｈｎｏｌｏｇｉｅｓ,プライム（内国株式）,3445
3446,ジェイテックコーポレーション,スタンダード（内国株式）,3446
3447,信和,スタンダード（内国株式）,3447
3449,テクノフレックス,スタンダード（内国株式）,3449
3452,ビーロット,スタンダード（内国株式）,3452
3454,ファーストブラザーズ,スタンダード（内国株式）,3454
3457,Ａｎｄ　Ｄｏホールディングス,プライム（内国株式）,3457
3461,パルマ,スタンダード（内国株式）,3461
3465,ケイアイスター不動産,プライム（内国株式）,3465
3467,アグレ都市デザイン,スタンダード（内国株式）,3467
3469,デュアルタップ,スタンダード（内国株式）,3469
3474,Ｇ－ＦＡＣＴＯＲＹ,グロース（内国株式）,3474
3475,グッドコムアセット,プライム（内国株式）,3475
3477,フォーライフ,グロース（内国株式）,3477
3479,ＴＫＰ,グロース（内国株式）,3479
3480,ジェイ・エス・ビー,プライム（内国株式）,3480
3482,ロードスターキャピタル,プライム（内国株式）,3482
3484,イノベーションホールディングス,スタンダード（内国株式）,3484
3486,グローバル・リンク・マネジメント,プライム（内国株式）,3486
3489,フェイスネットワーク,スタンダード（内国株式）,3489
3490,アズ企画設計,スタンダード（内国株式）,3490
3491,ＧＡ　ｔｅｃｈｎｏｌｏｇｉｅｓ,グロース（内国株式）,3491
3494,マリオン,スタンダード（内国株式）,3494
3495,香陵住販,スタンダード（内国株式）,3495
3496,アズーム,プライム（内国株式）,3496
3498,霞ヶ関キャピタル,プライム（内国株式）,3498
3501,ＳＵＭＩＮＯＥ,プライム（内国株式）,3501
350A,デジタルグリッド,グロース（内国株式）,350A
3512,日本フエルト,スタンダード（内国株式）,3512
3513,イチカワ,スタンダード（内国株式）,3513
3521,テルマー湯ホールディングス,スタンダード（内国株式）,3521
3524,日東製網,スタンダード（内国株式）,3524
3529,アツギ,スタンダード（内国株式）,3529
352A,ＬＯＩＶＥ,グロース（内国株式）,352A
3536,アクサスホールディングス,スタンダード（内国株式）,3536
3537,昭栄薬品,スタンダード（内国株式）,3537
3538,ウイルプラスホールディングス,スタンダード（内国株式）,3538
3539,ＪＭホールディングス,プライム（内国株式）,3539
3542,ベガコーポレーション,グロース（内国株式）,3542
3543,コメダホールディングス,プライム（内国株式）,3543
3544,サツドラホールディングス,スタンダード（内国株式）,3544
3547,ユニシアホールディングス,スタンダード（内国株式）,3547
3548,バロックジャパンリミテッド,プライム（内国株式）,3548
3549,クスリのアオキホールディングス,スタンダード（内国株式）,3549
3550,スタジオアタオ,グロース（内国株式）,3550
3551,ダイニック,スタンダード（内国株式）,3551
3553,共和レザー,スタンダード（内国株式）,3553
3556,リネットジャパングループ,グロース（内国株式）,3556
3557,ユナイテッド＆コレクティブ,グロース（内国株式）,3557
3558,ジェイドグループ,グロース（内国株式）,3558
3559,ピーバンドットコム,スタンダード（内国株式）,3559
3560,ほぼ日,スタンダード（内国株式）,3560
3561,力の源ホールディングス,プライム（内国株式）,3561
3562,Ｎｏ．１,スタンダード（内国株式）,3562
3563,ＦＯＯＤ　＆　ＬＩＦＥ　ＣＯＭＰＡＮＩＥＳ,プライム（内国株式）,3563
3565,アセンテック,スタンダード（内国株式）,3565
3566,ユニフォームネクスト,グロース（内国株式）,3566
3569,セーレン,プライム（内国株式）,3569
3571,ソトー,スタンダード（内国株式）,3571
3577,東海染工,スタンダード（内国株式）,3577
3580,小松マテーレ,プライム（内国株式）,3580
3583,オーベクス,スタンダード（内国株式）,3583
3591,ワコールホールディングス,プライム（内国株式）,3591
3597,自重堂,スタンダード（内国株式）,3597
3598,山喜,スタンダード（内国株式）,3598
3600,フジックス,スタンダード（内国株式）,3600
3607,クラウディアホールディングス,スタンダード（内国株式）,3607
3608,ＴＳＩホールディングス,プライム（内国株式）,3608
3611,マツオカコーポレーション,スタンダード（内国株式）,3611
3612,ワールド,プライム（内国株式）,3612
3622,ネットイヤーグループ,スタンダード（内国株式）,3622
3623,ビリングシステム,グロース（内国株式）,3623
3624,アクセルマーク,グロース（内国株式）,3624
3625,テックファームホールディングス,グロース（内国株式）,3625
3626,ＴＩＳＩ,プライム（内国株式）,3626
3627,テクミラホールディングス,スタンダード（内国株式）,3627
3628,データホライゾン,グロース（内国株式）,3628
3632,グリーホールディングス,プライム（内国株式）,3632
3633,ＧＭＯペパボ,スタンダード（内国株式）,3633
3634,ソケッツ,スタンダード（内国株式）,3634
3635,コーエーテクモホールディングス,プライム（内国株式）,3635
3636,三菱総合研究所,プライム（内国株式）,3636
3639,ボルテージ,スタンダード（内国株式）,3639
3640,電算,スタンダード（内国株式）,3640
3641,パピレス,スタンダード（内国株式）,3641
3645,メディカルネット,グロース（内国株式）,3645
3646,駅探,スタンダード（内国株式）,3646
3647,アスリナ,スタンダード（内国株式）,3647
3648,ＡＧＳ,スタンダード（内国株式）,3648
3649,ファインデックス,プライム（内国株式）,3649
3652,ディジタルメディアプロフェッショナル,グロース（内国株式）,3652
3653,モルフォ,グロース（内国株式）,3653
3656,ＫＬａｂ,プライム（内国株式）,3656
3657,ポールトゥウィンホールディングス,プライム（内国株式）,3657
3659,ネクソン,プライム（内国株式）,3659
365A,伊澤タオル,スタンダード（内国株式）,365A
3660,アイスタイル,プライム（内国株式）,3660
3661,エムアップホールディングス,プライム（内国株式）,3661
3662,エイチームホールディングス,プライム（内国株式）,3662
3663,セルシス,プライム（内国株式）,3663
3664,ＷＩＺＥ,グロース（内国株式）,3664
3665,エニグモ,プライム（内国株式）,3665
3667,ｅｎｉｓｈ,スタンダード（内国株式）,3667
3668,コロプラ,プライム（内国株式）,3668
366A,ウェルネス・コミュニケーションズ,グロース（内国株式）,366A
3670,協立情報通信,スタンダード（内国株式）,3670
3671,ソフトマックス,スタンダード（内国株式）,3671
3672,オルトプラス,スタンダード（内国株式）,3672
3673,ブロードリーフ,プライム（内国株式）,3673
3674,オークファン,グロース（内国株式）,3674
3675,クロス・マーケティンググループ,スタンダード（内国株式）,3675
3676,デジタルハーツホールディングス,プライム（内国株式）,3676
3678,メディアドゥ,プライム（内国株式）,3678
3679,じげん,プライム（内国株式）,3679
367A,プリモグローバルホールディングス,スタンダード（内国株式）,367A
3680,ホットリンク,グロース（内国株式）,3680
3682,エンカレッジ・テクノロジ,スタンダード（内国株式）,3682
3683,サイバーリンクス,スタンダード（内国株式）,3683
3686,ディー・エル・イー,スタンダード（内国株式）,3686
3687,フィックスターズ,プライム（内国株式）,3687
368A,北里,プライム（内国株式）,368A
3690,イルグルム,スタンダード（内国株式）,3690
3691,デジタルプラス,グロース（内国株式）,3691
3692,ＦＦＲＩセキュリティ,グロース（内国株式）,3692
3694,オプティム,プライム（内国株式）,3694
3695,ＧＭＯプロダクトプラットフォーム,グロース（内国株式）,3695
3696,セレス,プライム（内国株式）,3696
3697,ＳＨＩＦＴ,プライム（内国株式）,3697
3698,ＣＲＩ・ミドルウェア,スタンダード（内国株式）,3698
369A,エータイ,グロース（内国株式）,369A
3708,特種東海製紙,プライム（内国株式）,3708
3710,ジョルダン,スタンダード（内国株式）,3710
3712,情報企画,スタンダード（内国株式）,3712
3719,ＡＩストーム,スタンダード（内国株式）,3719
3723,日本ファルコム,グロース（内国株式）,3723
3726,フォーシーズＨＤ,スタンダード（内国株式）,3726
3727,アプリックス,グロース（内国株式）,3727
372A,レント,スタンダード（内国株式）,372A
3733,ソフトウェア・サービス,スタンダード（内国株式）,3733
373A,リップス,グロース（内国株式）,373A
3741,セック,プライム（内国株式）,3741
3744,サイオス,スタンダード（内国株式）,3744
3747,インタートレード,スタンダード（内国株式）,3747
3750,ＡＤＲバイオメディカルホールディングス,スタンダード（内国株式）,3750
3753,フライトソリューションズ,スタンダード（内国株式）,3753
3758,アエリア,スタンダード（内国株式）,3758
3760,ケイブ,スタンダード（内国株式）,3760
3762,テクマトリックス,プライム（内国株式）,3762
3763,プロシップ,プライム（内国株式）,3763
3765,ガンホー・オンライン・エンターテイメント,プライム（内国株式）,3765
3766,システムズ・デザイン,スタンダード（内国株式）,3766
3768,リスクモンスター,スタンダード（内国株式）,3768
3769,ＧＭＯペイメントゲートウェイ,プライム（内国株式）,3769
3771,システムリサーチ,プライム（内国株式）,3771
3772,ウェルス・マネジメント,スタンダード（内国株式）,3772
3773,アドバンスト・メディア,グロース（内国株式）,3773
3774,インターネットイニシアティブ,プライム（内国株式）,3774
3776,ブロードバンドタワー,スタンダード（内国株式）,3776
3777,環境フレンドリーホールディングス,グロース（内国株式）,3777
3778,さくらインターネット,プライム（内国株式）,3778
3779,ジェイ・エスコムホールディングス,スタンダード（内国株式）,3779
3787,テクノマセマティカル,スタンダード（内国株式）,3787
3788,ＧＭＯグローバルサイン・ホールディングス,プライム（内国株式）,3788
378A,ヒット,グロース（内国株式）,378A
3791,ＩＧポート,スタンダード（内国株式）,3791
3793,ドリコム,グロース（内国株式）,3793
3796,いい生活,スタンダード（内国株式）,3796
3798,ＵＬＳグループ,スタンダード（内国株式）,3798
3799,キーウェアソリューションズ,スタンダード（内国株式）,3799
3800,ユニリタ,スタンダード（内国株式）,3800
3802,エコミック,スタンダード（内国株式）,3802
3803,イメージ情報開発,グロース（内国株式）,3803
3804,システム　ディ,スタンダード（内国株式）,3804
3807,フィスコ,グロース（内国株式）,3807
3810,サイバーステップホールディングス,スタンダード（内国株式）,3810
3815,メディア工房,グロース（内国株式）,3815
3816,大和コンピューター,スタンダード（内国株式）,3816
3817,ＳＲＡホールディングス,プライム（内国株式）,3817
3823,ＴＨＥ　ＷＨＹ　ＨＯＷ　ＤＯ　ＣＯＭＰＡＮＹ,スタンダード（内国株式）,3823
3825,リミックスポイント,スタンダード（内国株式）,3825
3826,システムインテグレータ,スタンダード（内国株式）,3826
3834,朝日ネット,プライム（内国株式）,3834
3835,ｅＢＡＳＥ,プライム（内国株式）,3835
3836,アバントグループ,プライム（内国株式）,3836
3837,アドソル日進,プライム（内国株式）,3837
3839,ＯＤＫソリューションズ,スタンダード（内国株式）,3839
3840,パス,スタンダード（内国株式）,3840
3841,ジーダット,スタンダード（内国株式）,3841
3842,ネクストジェン,スタンダード（内国株式）,3842
3843,フリービット,プライム（内国株式）,3843
3844,コムチュア,プライム（内国株式）,3844
3845,アイフリークモバイル,スタンダード（内国株式）,3845
3848,データ・アプリケーション,スタンダード（内国株式）,3848
3850,エヌ・ティ・ティ・データ・イントラマート,スタンダード（内国株式）,3850
3851,日本一ソフトウェア,スタンダード（内国株式）,3851
3853,アステリア,プライム（内国株式）,3853
3854,アイル,プライム（内国株式）,3854
3856,Ａｂａｌａｎｃｅ,スタンダード（内国株式）,3856
3858,ユビキタスＡＩ,スタンダード（内国株式）,3858
3861,王子ホールディングス,プライム（内国株式）,3861
3863,日本製紙,プライム（内国株式）,3863
3864,三菱製紙,プライム（内国株式）,3864
3865,北越コーポレーション,プライム（内国株式）,3865
386A,みのや,スタンダード（内国株式）,386A
3877,中越パルプ工業,プライム（内国株式）,3877
3878,巴川コーポレーション,スタンダード（内国株式）,3878
387A,フラー,グロース（内国株式）,387A
3880,大王製紙,プライム（内国株式）,3880
3891,ニッポン高度紙工業,スタンダード（内国株式）,3891
3892,岡山製紙,スタンダード（内国株式）,3892
3895,ハビックス,スタンダード（内国株式）,3895
3896,阿波製紙,スタンダード（内国株式）,3896
3900,クラウドワークス,グロース（内国株式）,3900
3901,マークラインズ,プライム（内国株式）,3901
3903,ｇｕｍｉ,プライム（内国株式）,3903
3904,カヤック,グロース（内国株式）,3904
3905,データセクション,グロース（内国株式）,3905
3907,シリコンスタジオ,スタンダード（内国株式）,3907
3908,コラボス,スタンダード（内国株式）,3908
3909,ショーケース,スタンダード（内国株式）,3909
3910,エムケイシステム,スタンダード（内国株式）,3910
3911,Ａｉｍｉｎｇ,グロース（内国株式）,3911
3912,モバイルファクトリー,スタンダード（内国株式）,3912
3913,ＧｒｅｅｎＢｅｅ,スタンダード（内国株式）,3913
3914,ＪＩＧ－ＳＡＷ,グロース（内国株式）,3914
3915,テラスカイ,プライム（内国株式）,3915
3916,デジタル・インフォメーション・テクノロジー,プライム（内国株式）,3916
3917,アイリッジ,グロース（内国株式）,3917
3918,ＰＣＩホールディングス,スタンダード（内国株式）,3918
3920,アイビーシー,スタンダード（内国株式）,3920
3921,ネオジャパン,プライム（内国株式）,3921
3922,ＰＲ　ＴＩＭＥＳ,プライム（内国株式）,3922
3923,ラクス,プライム（内国株式）,3923
3925,ダブルスタンダード,プライム（内国株式）,3925
3926,オープンドア,スタンダード（内国株式）,3926
3927,フーバーブレイン,スタンダード（内国株式）,3927
3928,マイネット,スタンダード（内国株式）,3928
3929,ソーシャルワイヤー,グロース（内国株式）,3929
3930,はてな,グロース（内国株式）,3930
3931,バリューゴルフ,グロース（内国株式）,3931
3932,アカツキ,プライム（内国株式）,3932
3933,チエル,スタンダード（内国株式）,3933
3934,ベネフィットジャパン,スタンダード（内国株式）,3934
3935,エディア,スタンダード（内国株式）,3935
3936,グローバルウェイ,グロース（内国株式）,3936
3937,Ｕｂｉｃｏｍホールディングス,スタンダード（内国株式）,3937
3939,カナミックネットワーク,プライム（内国株式）,3939
3940,ノムラシステムコーポレーション,スタンダード（内国株式）,3940
3941,レンゴー,プライム（内国株式）,3941
3943,大石産業,スタンダード（内国株式）,3943
3944,古林紙工,スタンダード（内国株式）,3944
3945,スーパーバッグ,スタンダード（内国株式）,3945
3946,トーモク,プライム（内国株式）,3946
3947,ダイナパック,スタンダード（内国株式）,3947
3948,光ビジネスフォーム,スタンダード（内国株式）,3948
3950,ザ・パック,プライム（内国株式）,3950
3951,朝日印刷,スタンダード（内国株式）,3951
3953,大村紙業,スタンダード（内国株式）,3953
3954,昭和パックス,スタンダード（内国株式）,3954
3955,イムラ,スタンダード（内国株式）,3955
3958,笹徳印刷,スタンダード（内国株式）,3958
3962,チェンジホールディングス,プライム（内国株式）,3962
3963,シンクロ・フード,プライム（内国株式）,3963
3964,オークネット,プライム（内国株式）,3964
3965,キャピタル・アセット・プランニング,スタンダード（内国株式）,3965
3967,エルテス,グロース（内国株式）,3967
3968,セグエグループ,プライム（内国株式）,3968
3969,エイトレッド,スタンダード（内国株式）,3969
3970,イノベーション,スタンダード（内国株式）,3970
3974,ＳＣＡＴ,スタンダード（内国株式）,3974
3976,シャノン,グロース（内国株式）,3976
3979,うるる,グロース（内国株式）,3979
3981,ビーグリー,スタンダード（内国株式）,3981
3983,オロ,プライム（内国株式）,3983
3984,ユーザーローカル,プライム（内国株式）,3984
3985,テモナ,スタンダード（内国株式）,3985
3986,ビーブレイクシステムズ,スタンダード（内国株式）,3986
3987,エコモット,グロース（内国株式）,3987
3988,ＳＹＳホールディングス,スタンダード（内国株式）,3988
3989,シェアリングテクノロジー,グロース（内国株式）,3989
3991,ウォンテッドリー,グロース（内国株式）,3991
3992,ニーズウェル,プライム（内国株式）,3992
3993,ＰＫＳＨＡ　Ｔｅｃｈｎｏｌｏｇｙ,プライム（内国株式）,3993
3994,マネーフォワード,プライム（内国株式）,3994
3996,サインポスト,スタンダード（内国株式）,3996
3997,トレードワークス,スタンダード（内国株式）,3997
3998,すららネット,グロース（内国株式）,3998
4004,レゾナック・ホールディングス,プライム（内国株式）,4004
4005,住友化学,プライム（内国株式）,4005
4008,住友精化,プライム（内国株式）,4008
4011,ヘッドウォータース,グロース（内国株式）,4011
4012,アクシス,スタンダード（内国株式）,4012
4013,勤次郎,グロース（内国株式）,4013
4014,カラダノート,グロース（内国株式）,4014
4015,ペイクラウドホールディングス,グロース（内国株式）,4015
4016,ＭＩＴホールディングス,スタンダード（内国株式）,4016
4017,クリーマ,グロース（内国株式）,4017
4019,スタメン,グロース（内国株式）,4019
4020,ビートレンド,グロース（内国株式）,4020
4021,日産化学,プライム（内国株式）,4021
4022,ラサ工業,プライム（内国株式）,4022
4023,クレハ,プライム（内国株式）,4023
4025,多木化学,プライム（内国株式）,4025
4026,神島化学工業,スタンダード（内国株式）,4026
4027,テイカ,プライム（内国株式）,4027
4028,石原産業,プライム（内国株式）,4028
402A,アクセルスペースホールディングス,グロース（内国株式）,402A
4031,片倉コープアグリ,スタンダード（内国株式）,4031
4040,南海化学,スタンダード（内国株式）,4040
4041,日本曹達,プライム（内国株式）,4041
4042,東ソー,プライム（内国株式）,4042
4043,トクヤマ,プライム（内国株式）,4043
4044,セントラル硝子,プライム（内国株式）,4044
4045,東亞合成,プライム（内国株式）,4045
4046,大阪ソーダ,プライム（内国株式）,4046
4047,関東電化工業,プライム（内国株式）,4047
4051,ＧＭＯフィナンシャルゲート,プライム（内国株式）,4051
4052,フィーチャ,グロース（内国株式）,4052
4053,Ｓｕｎ　Ａｓｔｅｒｉｓｋ,プライム（内国株式）,4053
4054,日本情報クリエイト,グロース（内国株式）,4054
4055,ティアンドエスグループ,グロース（内国株式）,4055
4056,ニューラルグループ,グロース（内国株式）,4056
4057,インターファクトリー,グロース（内国株式）,4057
4058,トヨクモ,グロース（内国株式）,4058
4059,まぐまぐ,スタンダード（内国株式）,4059
4060,ｒａｋｕｍｏ,グロース（内国株式）,4060
4061,デンカ,プライム（内国株式）,4061
4062,イビデン,プライム（内国株式）,4062
4063,信越化学工業,プライム（内国株式）,4063
4064,日本カーバイド工業,プライム（内国株式）,4064
4068,ベイシス,グロース（内国株式）,4068
4069,ＢｌｕｅＭｅｍｅ,グロース（内国株式）,4069
4071,プラスアルファ・コンサルティング,プライム（内国株式）,4071
4072,電算システムホールディングス,プライム（内国株式）,4072
4073,ジィ・シィ企画,グロース（内国株式）,4073
4074,ラキール,グロース（内国株式）,4074
4075,ブレインズテクノロジー,グロース（内国株式）,4075
4076,シイエヌエス,グロース（内国株式）,4076
4078,堺化学工業,プライム（内国株式）,4078
407A,ＵＮＩＣＯＮホールディングス,スタンダード（内国株式）,407A
4082,第一稀元素化学工業,プライム（内国株式）,4082
4088,エア・ウォーター,プライム（内国株式）,4088
4091,日本酸素ホールディングス,プライム（内国株式）,4091
4092,日本化学工業,プライム（内国株式）,4092
4093,東邦アセチレン,スタンダード（内国株式）,4093
4094,日本化学産業,スタンダード（内国株式）,4094
4095,日本パーカライジング,プライム（内国株式）,4095
4097,高圧ガス工業,プライム（内国株式）,4097
4098,チタン工業,スタンダード（内国株式）,4098
4099,四国化成ホールディングス,プライム（内国株式）,4099
409A,オリオンビール,プライム（内国株式）,409A
4100,戸田工業,スタンダード（内国株式）,4100
4102,丸尾カルシウム,スタンダード（内国株式）,4102
4107,伊勢化学工業,スタンダード（内国株式）,4107
4109,ステラ　ケミファ,プライム（内国株式）,4109
410A,ＧＭＯコマース,グロース（内国株式）,410A
4112,保土谷化学工業,プライム（内国株式）,4112
4113,田岡化学工業,スタンダード（内国株式）,4113
4114,日本触媒,プライム（内国株式）,4114
4116,大日精化工業,プライム（内国株式）,4116
4118,カネカ,プライム（内国株式）,4118
4119,日本ピグメントホールディングス,スタンダード（内国株式）,4119
4120,スガイ化学工業,スタンダード（内国株式）,4120
4124,大阪油化工業,スタンダード（内国株式）,4124
4125,三和油化工業,スタンダード（内国株式）,4125
414A,オーバーラップホールディングス,グロース（内国株式）,414A
4151,協和キリン,プライム（内国株式）,4151
415A,ＧＭＯ　ＴＥＣＨホールディングス,グロース（内国株式）,415A
4165,プレイド,グロース（内国株式）,4165
4166,かっこ,グロース（内国株式）,4166
4167,ココペリ,グロース（内国株式）,4167
4168,ヤプリ,グロース（内国株式）,4168
4169,ＥＮＥＣＨＡＮＧＥ,グロース（内国株式）,4169
416A,富士ユナイトホールディングス,スタンダード（内国株式）,416A
4170,Ｋａｉｚｅｎ　Ｐｌａｔｆｏｒｍ,グロース（内国株式）,4170
4172,Ｈｉクラテス,スタンダード（内国株式）,4172
4174,アピリッツ,スタンダード（内国株式）,4174
4175,ｃｏｌｙ,グロース（内国株式）,4175
4176,ココナラ,グロース（内国株式）,4176
4177,ｉ‐ｐｌｕｇ,グロース（内国株式）,4177
4178,Ｓｈａｒｉｎｇ　Ｉｎｎｏｖａｔｉｏｎｓ,グロース（内国株式）,4178
4179,ジーネクスト,グロース（内国株式）,4179
417A,ブルーゾーンホールディングス,プライム（内国株式）,417A
4180,Ａｐｐｉｅｒ　Ｇｒｏｕｐ,プライム（内国株式）,4180
4182,三菱瓦斯化学,プライム（内国株式）,4182
4183,三井化学,プライム（内国株式）,4183
4186,東京応化工業,プライム（内国株式）,4186
4187,大阪有機化学工業,プライム（内国株式）,4187
4188,三菱ケミカルグループ,プライム（内国株式）,4188
4189,ＫＨネオケム,プライム（内国株式）,4189
4192,スパイダープラス,グロース（内国株式）,4192
4193,ファブリカホールディングス,スタンダード（内国株式）,4193
4194,ビジョナル,プライム（内国株式）,4194
4196,ネオマーケティング,スタンダード（内国株式）,4196
4197,アスマーク,スタンダード（内国株式）,4197
4198,テンダ,スタンダード（内国株式）,4198
4199,ワンダープラネット,グロース（内国株式）,4199
4202,ダイセル,プライム（内国株式）,4202
4203,住友ベークライト,プライム（内国株式）,4203
4204,積水化学工業,プライム（内国株式）,4204
4205,日本ゼオン,プライム（内国株式）,4205
4206,アイカ工業,プライム（内国株式）,4206
4208,ＵＢＥ,プライム（内国株式）,4208
4212,積水樹脂,プライム（内国株式）,4212
4216,旭有機材,プライム（内国株式）,4216
4218,ニチバン,プライム（内国株式）,4218
421A,ムービン・ストラテジック・キャリア,グロース（内国株式）,421A
4220,リケンテクノス,プライム（内国株式）,4220
4221,大倉工業,プライム（内国株式）,4221
4222,児玉化学工業,スタンダード（内国株式）,4222
4224,ロンシール工業,スタンダード（内国株式）,4224
4228,積水化成品工業,プライム（内国株式）,4228
4229,群栄化学工業,プライム（内国株式）,4229
4231,タイガースポリマー,スタンダード（内国株式）,4231
4234,サンエー化研,スタンダード（内国株式）,4234
4235,ウルトラファブリックス・ホールディングス,スタンダード（内国株式）,4235
4237,フジプレアム,スタンダード（内国株式）,4237
4238,ミライアル,スタンダード（内国株式）,4238
423A,ライオン事務器,スタンダード（内国株式）,423A
4240,クラスターテクノロジー,スタンダード（内国株式）,4240
4241,アテクト,スタンダード（内国株式）,4241
4242,タカギセイコー,スタンダード（内国株式）,4242
4243,ニックス,スタンダード（内国株式）,4243
4245,ダイキアクシス,スタンダード（内国株式）,4245
4246,ダイキョーニシカワ,プライム（内国株式）,4246
4247,ポバール興業,スタンダード（内国株式）,4247
4248,竹本容器,スタンダード（内国株式）,4248
4249,森六,プライム（内国株式）,4249
4251,恵和,プライム（内国株式）,4251
4255,ＴＨＥＣＯＯ,グロース（内国株式）,4255
4256,サインド,グロース（内国株式）,4256
4258,網屋,グロース（内国株式）,4258
4259,エクサウィザーズ,グロース（内国株式）,4259
4260,ハイブリッドテクノロジーズ,グロース（内国株式）,4260
4261,アジアクエスト,グロース（内国株式）,4261
4262,ニフティライフスタイル,グロース（内国株式）,4262
4263,サスメド,グロース（内国株式）,4263
4264,セキュア,グロース（内国株式）,4264
4265,Ｉｎｓｔｉｔｕｔｉｏｎ　ｆｏｒ　ａ　Ｇｌｏｂａｌ　Ｓｏｃｉｅｔｙ,グロース（内国株式）,4265
4270,ＢｅｅＸ,グロース（内国株式）,4270
4272,日本化薬,プライム（内国株式）,4272
4274,細谷火工,スタンダード（内国株式）,4274
4275,カーリット,プライム（内国株式）,4275
4284,ソルクシーズ,スタンダード（内国株式）,4284
4286,ＣＬホールディングス,スタンダード（内国株式）,4286
4287,ジャストプランニング,スタンダード（内国株式）,4287
4288,アズジェント,スタンダード（内国株式）,4288
428A,サイプレス・ホールディングス,スタンダード（内国株式）,428A
4290,プレステージ・インターナショナル,プライム（内国株式）,4290
4293,セプテーニ・ホールディングス,スタンダード（内国株式）,4293
4299,ハイマックス,スタンダード（内国株式）,4299
429A,テクセンドフォトマスク,プライム（内国株式）,429A
4301,アミューズ,プライム（内国株式）,4301
4307,野村総合研究所,プライム（内国株式）,4307
4308,Ｊストリーム,グロース（内国株式）,4308
4310,ドリームインキュベータ,プライム（内国株式）,4310
4316,ビーマップ,グロース（内国株式）,4316
4317,レイ,スタンダード（内国株式）,4317
4318,クイック,プライム（内国株式）,4318
431A,ユーソナー,グロース（内国株式）,431A
4320,ＣＥホールディングス,スタンダード（内国株式）,4320
4323,日本システム技術,プライム（内国株式）,4323
4324,電通グループ,プライム（内国株式）,4324
4326,インテージホールディングス,プライム（内国株式）,4326
4331,テイクアンドギヴ・ニーズ,プライム（内国株式）,4331
4334,ユークス,スタンダード（内国株式）,4334
4335,ＩＰＳホールディングス,スタンダード（内国株式）,4335
4337,ぴあ,プライム（内国株式）,4337
4341,西菱電機,スタンダード（内国株式）,4341
4343,イオンファンタジー,プライム（内国株式）,4343
4344,ソースネクスト,プライム（内国株式）,4344
4345,シーティーエス,プライム（内国株式）,4345
4346,ＮＥＸＹＺ．Ｇｒｏｕｐ,スタンダード（内国株式）,4346
4347,ブロードメディア,スタンダード（内国株式）,4347
4350,メディカルシステムネットワーク,スタンダード（内国株式）,4350
4351,山田再生系債権回収総合事務所,スタンダード（内国株式）,4351
4356,応用技術,スタンダード（内国株式）,4356
4360,マナック・ケミカル・パートナーズ,スタンダード（内国株式）,4360
4361,川口化学工業,スタンダード（内国株式）,4361
4362,日本精化,プライム（内国株式）,4362
4365,松本油脂製薬,スタンダード（内国株式）,4365
4366,ダイトーケミックス,スタンダード（内国株式）,4366
4368,扶桑化学工業,プライム（内国株式）,4368
4369,トリケミカル研究所,プライム（内国株式）,4369
436A,サイバーソリューションズ,グロース（内国株式）,436A
4370,モビルス,グロース（内国株式）,4370
4371,コアコンセプト・テクノロジー,グロース（内国株式）,4371
4372,ユミルリンク,グロース（内国株式）,4372
4373,シンプレクス・ホールディングス,プライム（内国株式）,4373
4374,ＲＯＢＯＴ　ＰＡＹＭＥＮＴ,グロース（内国株式）,4374
4375,セーフィー,グロース（内国株式）,4375
4376,くふうカンパニーホールディングス,グロース（内国株式）,4376
4377,ワンキャリア,グロース（内国株式）,4377
4378,ＣＩＮＣ,グロース（内国株式）,4378
4379,Ｐｈｏｔｏｓｙｎｔｈ,グロース（内国株式）,4379
4380,Ｍマート,グロース（内国株式）,4380
4381,ビープラッツ,グロース（内国株式）,4381
4382,ＨＥＲＯＺ,スタンダード（内国株式）,4382
4385,メルカリ,プライム（内国株式）,4385
4386,ＳＩＧグループ,スタンダード（内国株式）,4386
4387,ＺＵＵ,グロース（内国株式）,4387
4388,エーアイ,スタンダード（内国株式）,4388
4389,プロパティデータバンク,グロース（内国株式）,4389
438A,インフキュリオン,グロース（内国株式）,438A
4390,ＩＰＳ,プライム（内国株式）,4390
4391,ロジザード,グロース（内国株式）,4391
4392,ＦＩＧ,プライム（内国株式）,4392
4393,バンク・オブ・イノベーション,グロース（内国株式）,4393
4394,エクスモーション,グロース（内国株式）,4394
4395,アクリート,グロース（内国株式）,4395
4396,システムサポートホールディングス,プライム（内国株式）,4396
4397,チームスピリット,グロース（内国株式）,4397
4398,ブロードバンドセキュリティ,スタンダード（内国株式）,4398
4401,ＡＤＥＫＡ,プライム（内国株式）,4401
4403,日油,プライム（内国株式）,4403
4404,ミヨシ油脂,スタンダード（内国株式）,4404
4406,新日本理化,スタンダード（内国株式）,4406
4409,東邦化学工業,スタンダード（内国株式）,4409
4410,ハリマ化成グループ,プライム（内国株式）,4410
4412,サイエンスアーツ,グロース（内国株式）,4412
4413,ボードルア,プライム（内国株式）,4413
4414,フレクト,グロース（内国株式）,4414
4415,ブロードエンタープライズ,グロース（内国株式）,4415
4416,Ｔｒｕｅ　Ｄａｔａ,グロース（内国株式）,4416
4417,グローバルセキュリティエキスパート,グロース（内国株式）,4417
4418,ＪＤＳＣ,グロース（内国株式）,4418
4419,Ｆｉｎａｔｅｘｔホールディングス,グロース（内国株式）,4419
441A,ＮＥ,グロース（内国株式）,441A
4420,イーソル,スタンダード（内国株式）,4420
4421,ディ・アイ・システム,スタンダード（内国株式）,4421
4422,ＶＡＬＵＥＮＥＸ,グロース（内国株式）,4422
4424,Ａｍａｚｉａ,グロース（内国株式）,4424
4425,Ｋｕｄａｎ,グロース（内国株式）,4425
4427,ＥｄｕＬａｂ,グロース（内国株式）,4427
4428,シノプス,グロース（内国株式）,4428
4429,リックソフト,グロース（内国株式）,4429
442A,クラシコ,グロース（内国株式）,442A
4430,東海ソフト,スタンダード（内国株式）,4430
4431,スマレジ,グロース（内国株式）,4431
4432,ウイングアーク１ｓｔ,プライム（内国株式）,4432
4433,ヒト・コミュニケーションズ・ホールディングス,プライム（内国株式）,4433
4434,サーバーワークス,スタンダード（内国株式）,4434
4436,ミンカブ・ジ・インフォノイド,グロース（内国株式）,4436
4437,ｇｏｏｄｄａｙｓホールディングス,グロース（内国株式）,4437
4438,Ｗｅｌｂｙ,グロース（内国株式）,4438
4439,東名,スタンダード（内国株式）,4439
4440,ヴィッツ,スタンダード（内国株式）,4440
4441,トビラシステムズ,スタンダード（内国株式）,4441
4442,バルテス・ホールディングス,グロース（内国株式）,4442
4443,Ｓａｎｓａｎ,プライム（内国株式）,4443
4444,インフォネット,グロース（内国株式）,4444
4445,リビン・テクノロジーズ,グロース（内国株式）,4445
4446,Ｌｉｎｋ－Ｕグループ,スタンダード（内国株式）,4446
4447,ピー・ビーシステムズ,グロース（内国株式）,4447
4448,ｋｕｂｅｌｌ,グロース（内国株式）,4448
4450,パワーソリューションズ,グロース（内国株式）,4450
4452,花王,プライム（内国株式）,4452
4461,第一工業製薬,プライム（内国株式）,4461
4462,石原ケミカル,プライム（内国株式）,4462
4463,日華化学,スタンダード（内国株式）,4463
4464,ソフト９９コーポレーション,スタンダード（内国株式）,4464
4465,ニイタカ,スタンダード（内国株式）,4465
446A,ノースサンド,グロース（内国株式）,446A
4471,三洋化成工業,プライム（内国株式）,4471
4475,ＨＥＮＮＧＥ,グロース（内国株式）,4475
4476,ＡＩ　ＣＲＯＳＳ,グロース（内国株式）,4476
4477,ＢＡＳＥ,グロース（内国株式）,4477
4478,フリー,グロース（内国株式）,4478
4479,マクアケ,グロース（内国株式）,4479
4480,メドレー,プライム（内国株式）,4480
4481,ベース,プライム（内国株式）,4481
4482,ウィルズ,グロース（内国株式）,4482
4483,ＪＭＤＣ,プライム（内国株式）,4483
4484,ランサーズ,グロース（内国株式）,4484
4486,ユナイトアンドグロウ,グロース（内国株式）,4486
4487,スペースマーケット,グロース（内国株式）,4487
4488,ＡＩ　ｉｎｓｉｄｅ,グロース（内国株式）,4488
4490,ビザスク,グロース（内国株式）,4490
4491,コンピューターマネージメント,スタンダード（内国株式）,4491
4492,ゼネテック,スタンダード（内国株式）,4492
4493,サイバーセキュリティクラウド,グロース（内国株式）,4493
4495,アイキューブドシステムズ,グロース（内国株式）,4495
4496,コマースＯｎｅホールディングス,グロース（内国株式）,4496
4498,サイバートラスト,グロース（内国株式）,4498
4499,Ｓｐｅｅｅ,スタンダード（内国株式）,4499
4502,武田薬品工業,プライム（内国株式）,4502
4503,アステラス製薬,プライム（内国株式）,4503
4506,住友ファーマ,プライム（内国株式）,4506
4507,塩野義製薬,プライム（内国株式）,4507
4512,わかもと製薬,スタンダード（内国株式）,4512
4516,日本新薬,プライム（内国株式）,4516
4519,中外製薬,プライム（内国株式）,4519
4521,科研製薬,プライム（内国株式）,4521
4523,エーザイ,プライム（内国株式）,4523
4524,森下仁丹,スタンダード（内国株式）,4524
4526,理研ビタミン,プライム（内国株式）,4526
4527,ロート製薬,プライム（内国株式）,4527
4528,小野薬品工業,プライム（内国株式）,4528
4531,有機合成薬品工業,スタンダード（内国株式）,4531
4534,持田製薬,プライム（内国株式）,4534
4536,参天製薬,プライム（内国株式）,4536
4538,扶桑薬品工業,プライム（内国株式）,4538
4539,日本ケミファ,スタンダード（内国株式）,4539
4540,ツムラ,プライム（内国株式）,4540
4543,テルモ,プライム（内国株式）,4543
4544,Ｈ．Ｕ．グループホールディングス,プライム（内国株式）,4544
4547,キッセイ薬品工業,プライム（内国株式）,4547
4548,生化学工業,プライム（内国株式）,4548
4549,栄研化学,プライム（内国株式）,4549
4552,ＪＣＲファーマ,プライム（内国株式）,4552
4553,東和薬品,プライム（内国株式）,4553
4554,富士製薬工業,プライム（内国株式）,4554
4558,中京医薬品,スタンダード（内国株式）,4558
4559,ゼリア新薬工業,プライム（内国株式）,4559
4563,アンジェス,グロース（内国株式）,4563
4564,オンコセラピー・サイエンス,グロース（内国株式）,4564
4565,ネクセラファーマ,プライム（内国株式）,4565
4568,第一三共,プライム（内国株式）,4568
4569,杏林製薬,プライム（内国株式）,4569
456A,ＨＵＭＡＮ　ＭＡＤＥ,グロース（内国株式）,456A
4570,免疫生物研究所,グロース（内国株式）,4570
4571,ＮＡＮＯホールディングス,グロース（内国株式）,4571
4572,カルナバイオサイエンス,グロース（内国株式）,4572
4574,大幸薬品,プライム（内国株式）,4574
4575,キャンバス,グロース（内国株式）,4575
4576,デ・ウエスタン・セラピテクス研究所,グロース（内国株式）,4576
4577,ダイト,プライム（内国株式）,4577
4578,大塚ホールディングス,プライム（内国株式）,4578
4579,ラクオリア創薬,グロース（内国株式）,4579
4582,シンバイオ製薬,グロース（内国株式）,4582
4583,カイオム・バイオサイエンス,グロース（内国株式）,4583
4584,キッズウェル・バイオ,グロース（内国株式）,4584
4586,メドレックス,グロース（内国株式）,4586
4587,ペプチドリーム,プライム（内国株式）,4587
4588,オンコリスバイオファーマ,グロース（内国株式）,4588
4591,リボミック,グロース（内国株式）,4591
4592,サンバイオ,グロース（内国株式）,4592
4593,ヘリオス,グロース（内国株式）,4593
4594,ブライトパス・バイオ,グロース（内国株式）,4594
4595,ミズホメディー,スタンダード（内国株式）,4595
4596,窪田製薬ホールディングス,グロース（内国株式）,4596
4597,ソレイジア・ファーマ,グロース（内国株式）,4597
4598,Ｄｅｌｔａ－Ｆｌｙ　Ｐｈａｒｍａ,グロース（内国株式）,4598
4599,ステムリム,グロース（内国株式）,4599
460A,ＢＲＡＮＵ,グロース（内国株式）,460A
4611,大日本塗料,プライム（内国株式）,4611
4612,日本ペイントホールディングス,プライム（内国株式）,4612
4613,関西ペイント,プライム（内国株式）,4613
4615,神東塗料,スタンダード（内国株式）,4615
4616,川上塗料,スタンダード（内国株式）,4616
4617,中国塗料,プライム（内国株式）,4617
4619,日本特殊塗料,スタンダード（内国株式）,4619
4620,藤倉化成,スタンダード（内国株式）,4620
4623,アサヒペン,スタンダード（内国株式）,4623
4624,イサム塗料,スタンダード（内国株式）,4624
4625,アトミクス,スタンダード（内国株式）,4625
4626,太陽ホールディングス,プライム（内国株式）,4626
4627,ナトコ,スタンダード（内国株式）,4627
4628,エスケー化研,スタンダード（内国株式）,4628
4629,大伸化学,スタンダード（内国株式）,4629
462A,ＦＵＮＤＩＮＮＯ,グロース（内国株式）,462A
4631,ＤＩＣ,プライム（内国株式）,4631
4633,サカタインクス,プライム（内国株式）,4633
4634,ａｒｔｉｅｎｃｅ,プライム（内国株式）,4634
4635,東京インキ,スタンダード（内国株式）,4635
463A,インテリックスホールディングス,スタンダード（内国株式）,463A
4641,アルプス技研,プライム（内国株式）,4641
4642,オリジナル設計,スタンダード（内国株式）,4642
4644,イマジニア,スタンダード（内国株式）,4644
4645,市進ホールディングス,スタンダード（内国株式）,4645
464A,ＱＰＳホールディングス,グロース（内国株式）,464A
4650,ＳＤエンターテイメント,スタンダード（内国株式）,4650
4651,サニックスホールディングス,スタンダード（内国株式）,4651
4657,環境管理センター,スタンダード（内国株式）,4657
4658,日本空調サービス,プライム（内国株式）,4658
4661,オリエンタルランド,プライム（内国株式）,4661
4662,フォーカスシステムズ,プライム（内国株式）,4662
4664,アール・エス・シー,スタンダード（内国株式）,4664
4665,ダスキン,プライム（内国株式）,4665
4666,パーク２４,プライム（内国株式）,4666
4667,アイサンテクノロジー,スタンダード（内国株式）,4667
4668,明光ネットワークジャパン,プライム（内国株式）,4668
4671,ファルコホールディングス,スタンダード（内国株式）,4671
4673,川崎地質,スタンダード（内国株式）,4673
4674,クレスコ,プライム（内国株式）,4674
4676,フジ・メディア・ホールディングス,プライム（内国株式）,4676
4678,秀英予備校,スタンダード（内国株式）,4678
4679,田谷,スタンダード（内国株式）,4679
4680,ラウンドワン,プライム（内国株式）,4680
4681,リゾートトラスト,プライム（内国株式）,4681
4684,オービック,プライム（内国株式）,4684
4685,菱友システムズ,スタンダード（内国株式）,4685
4686,ジャストシステム,プライム（内国株式）,4686
4687,ＴＤＣソフト,プライム（内国株式）,4687
4689,ＬＩＮＥヤフー,プライム（内国株式）,4689
4691,ワシントンホテル,スタンダード（内国株式）,4691
4694,ビー・エム・エル,プライム（内国株式）,4694
469A,フィットクルー,グロース（内国株式）,469A
4704,トレンドマイクロ,プライム（内国株式）,4704
4705,クリップコーポレーション,スタンダード（内国株式）,4705
4707,キタック,スタンダード（内国株式）,4707
4709,ＩＤホールディングス,プライム（内国株式）,4709
4712,ＫｅｙＨｏｌｄｅｒ,スタンダード（内国株式）,4712
4714,リソー教育グループ,プライム（内国株式）,4714
4716,日本オラクル,スタンダード（内国株式）,4716
4718,早稲田アカデミー,プライム（内国株式）,4718
4719,アルファシステムズ,プライム（内国株式）,4719
471A,ＮＳグループ,プライム（内国株式）,471A
4720,城南進学研究社,スタンダード（内国株式）,4720
4722,フューチャー,プライム（内国株式）,4722
4725,ＣＡＣ　Ｈｏｌｄｉｎｇｓ,プライム（内国株式）,4725
4728,トーセ,スタンダード（内国株式）,4728
472A,ミラティブ,グロース（内国株式）,472A
4732,ユー・エス・エス,プライム（内国株式）,4732
4733,オービックビジネスコンサルタント,プライム（内国株式）,4733
4735,京進,スタンダード（内国株式）,4735
4736,日本ラッド,スタンダード（内国株式）,4736
4743,アイティフォー,プライム（内国株式）,4743
4746,東計電算,スタンダード（内国株式）,4746
4750,ダイサン,スタンダード（内国株式）,4750
4751,サイバーエージェント,プライム（内国株式）,4751
4752,昭和システムエンジニアリング,スタンダード（内国株式）,4752
4754,トスネット,スタンダード（内国株式）,4754
4755,楽天グループ,プライム（内国株式）,4755
475A,ギミック,スタンダード（内国株式）,475A
4760,アルファ,スタンダード（内国株式）,4760
4761,さくらケーシーエス,スタンダード（内国株式）,4761
4762,エックスネット,スタンダード（内国株式）,4762
4763,クリーク・アンド・リバー社,プライム（内国株式）,4763
4765,ＳＢＩグローバルアセットマネジメント,プライム（内国株式）,4765
4766,ピーエイ,スタンダード（内国株式）,4766
4767,テー・オー・ダブリュー,スタンダード（内国株式）,4767
4768,大塚商会,プライム（内国株式）,4768
4769,ＩＣ,スタンダード（内国株式）,4769
476A,辻・本郷ＩＴコンサルティング,スタンダード（内国株式）,476A
4771,エフアンドエム,スタンダード（内国株式）,4771
4772,ＳＭ　ＥＮＴＥＲＴＡＩＮＭＥＮＴ　ＪＡＰＡＮ,グロース（内国株式）,4772
4776,サイボウズ,プライム（内国株式）,4776
4777,ガーラ,スタンダード（内国株式）,4777
477A,スタートライン,グロース（内国株式）,477A
4783,ＮＣＤ,スタンダード（内国株式）,4783
4784,ＧＭＯインターネット,プライム（内国株式）,4784
478A,フツパー,グロース（内国株式）,478A
4792,山田コンサルティンググループ,プライム（内国株式）,4792
479A,ＰＲＯＮＩ,グロース（内国株式）,479A
4800,オリコン,スタンダード（内国株式）,4800
4801,セントラルスポーツ,プライム（内国株式）,4801
4809,パラカ,プライム（内国株式）,4809
480A,リブ・コンサルティング,グロース（内国株式）,480A
4811,ドリーム・アーツ,グロース（内国株式）,4811
4812,電通総研,プライム（内国株式）,4812
4813,ＡＣＣＥＳＳ,プライム（内国株式）,4813
4814,ネクストウェア,スタンダード（内国株式）,4814
4816,東映アニメーション,スタンダード（内国株式）,4816
4819,デジタルガレージ,プライム（内国株式）,4819
4820,イーエムシステムズ,プライム（内国株式）,4820
4825,ウェザーニューズ,プライム（内国株式）,4825
4826,ＣＩＪ,プライム（内国株式）,4826
4828,ビジネスエンジニアリング,プライム（内国株式）,4828
4829,日本エンタープライズ,スタンダード（内国株式）,4829
4832,ＪＦＥシステムズ,スタンダード（内国株式）,4832
4833,Ｄｅｆ　ｃｏｎｓｕｌｔｉｎｇ,グロース（内国株式）,4833
4838,スペースシャワーＳＫＩＹＡＫＩホールディングス,スタンダード（内国株式）,4838
4839,ＷＯＷＯＷ,プライム（内国株式）,4839
483A,テラテクノロジー,スタンダード（内国株式）,483A
4840,トライアイズ,スタンダード（内国株式）,4840
4845,スカラ,スタンダード（内国株式）,4845
4847,インテリジェント　ウェイブ,プライム（内国株式）,4847
4848,フルキャストホールディングス,プライム（内国株式）,4848
4849,エン,プライム（内国株式）,4849
485A,パワーエックス,グロース（内国株式）,485A
4880,セルソース,スタンダード（内国株式）,4880
4881,ファンペップ,グロース（内国株式）,4881
4882,ペルセウスプロテオミクス,グロース（内国株式）,4882
4883,モダリス,グロース（内国株式）,4883
4884,クリングルファーマ,グロース（内国株式）,4884
4885,室町ケミカル,スタンダード（内国株式）,4885
4886,あすか製薬ホールディングス,プライム（内国株式）,4886
4887,サワイグループホールディングス,プライム（内国株式）,4887
4888,ステラファーマ,グロース（内国株式）,4888
4889,レナサイエンス,グロース（内国株式）,4889
4890,坪田ラボ,グロース（内国株式）,4890
4891,ティムス,グロース（内国株式）,4891
4892,サイフューズ,グロース（内国株式）,4892
4893,ノイルイミューン・バイオテック,グロース（内国株式）,4893
4894,クオリプス,グロース（内国株式）,4894
4896,ケイファーマ,グロース（内国株式）,4896
4901,富士フイルムホールディングス,プライム（内国株式）,4901
4902,コニカミノルタ,プライム（内国株式）,4902
4911,資生堂,プライム（内国株式）,4911
4912,ライオン,プライム（内国株式）,4912
4914,高砂香料工業,プライム（内国株式）,4914
4918,アイビー化粧品,スタンダード（内国株式）,4918
4919,ミルボン,プライム（内国株式）,4919
4920,日本色材工業研究所,スタンダード（内国株式）,4920
4922,コーセーホールディングス,プライム（内国株式）,4922
4923,コタ,プライム（内国株式）,4923
4925,ハーバー研究所,スタンダード（内国株式）,4925
4926,シーボン,スタンダード（内国株式）,4926
4927,ポーラ・オルビスホールディングス,プライム（内国株式）,4927
4928,ノエビアホールディングス,プライム（内国株式）,4928
4929,アジュバンホールディングス,スタンダード（内国株式）,4929
4931,新日本製薬,プライム（内国株式）,4931
4932,アルマード,スタンダード（内国株式）,4932
4933,Ｉ－ｎｅ,プライム（内国株式）,4933
4934,プレミアアンチエイジング,グロース（内国株式）,4934
4935,リベルタ,スタンダード（内国株式）,4935
4936,アクシージア,スタンダード（内国株式）,4936
4937,Ｗａｑｏｏ,グロース（内国株式）,4937
4951,エステー,プライム（内国株式）,4951
4956,コニシ,プライム（内国株式）,4956
4958,長谷川香料,プライム（内国株式）,4958
4960,ケミプロ化成,スタンダード（内国株式）,4960
4966,上村工業,スタンダード（内国株式）,4966
4967,小林製薬,プライム（内国株式）,4967
4968,荒川化学工業,プライム（内国株式）,4968
4970,東洋合成工業,スタンダード（内国株式）,4970
4971,メック,プライム（内国株式）,4971
4972,綜研化学,スタンダード（内国株式）,4972
4973,日本高純度化学,プライム（内国株式）,4973
4975,ＪＣＵ,プライム（内国株式）,4975
4976,東洋ドライルーブ,スタンダード（内国株式）,4976
4977,新田ゼラチン,スタンダード（内国株式）,4977
4978,リプロセル,グロース（内国株式）,4978
4979,ＯＡＴアグリオ,スタンダード（内国株式）,4979
4980,デクセリアルズ,プライム（内国株式）,4980
4985,アース製薬,プライム（内国株式）,4985
4990,昭和化学工業,スタンダード（内国株式）,4990
4992,北興化学工業,スタンダード（内国株式）,4992
4994,大成ラミックグループ,スタンダード（内国株式）,4994
4996,クミアイ化学工業,プライム（内国株式）,4996
4997,日本農薬,プライム（内国株式）,4997
4998,フマキラー,スタンダード（内国株式）,4998
500A,ＴＯブックス,スタンダード（内国株式）,500A
5010,日本精蝋,スタンダード（内国株式）,5010
5011,ニチレキグループ,プライム（内国株式）,5011
5013,ユシロ,スタンダード（内国株式）,5013
5015,ビーピー・カストロール,スタンダード（内国株式）,5015
5016,ＪＸ金属,プライム（内国株式）,5016
5018,ＭＯＲＥＳＣＯ,スタンダード（内国株式）,5018
5019,出光興産,プライム（内国株式）,5019
5020,ＥＮＥＯＳホールディングス,プライム（内国株式）,5020
5021,コスモエネルギーホールディングス,プライム（内国株式）,5021
5025,マーキュリー,グロース（内国株式）,5025
5026,トリプルアイズ,グロース（内国株式）,5026
5027,ＡｎｙＭｉｎｄ　Ｇｒｏｕｐ,グロース（内国株式）,5027
5028,セカンドサイトアナリティカ,グロース（内国株式）,5028
5029,サークレイス,グロース（内国株式）,5029
5031,モイ,グロース（内国株式）,5031
5032,ＡＮＹＣＯＬＯＲ,プライム（内国株式）,5032
5033,ヌーラボ,グロース（内国株式）,5033
5034,ｕｎｅｒｒｙ,グロース（内国株式）,5034
5035,ＨＯＵＳＥＩ,グロース（内国株式）,5035
5036,日本ビジネスシステムズ,プライム（内国株式）,5036
5038,ｅＷｅＬＬ,グロース（内国株式）,5038
504A,イノバセル,グロース（内国株式）,504A
505A,ギークリー,スタンダード（内国株式）,505A
5071,ヴィス,スタンダード（内国株式）,5071
5074,テスホールディングス,プライム（内国株式）,5074
5076,インフロニア・ホールディングス,プライム（内国株式）,5076
5078,セレコーポレーション,スタンダード（内国株式）,5078
5079,ノバック,スタンダード（内国株式）,5079
5101,横浜ゴム,プライム（内国株式）,5101
5105,ＴＯＹＯ　ＴＩＲＥ,プライム（内国株式）,5105
5108,ブリヂストン,プライム（内国株式）,5108
5110,住友ゴム工業,プライム（内国株式）,5110
5121,藤倉コンポジット,プライム（内国株式）,5121
5122,オカモト,プライム（内国株式）,5122
5125,ファインズ,グロース（内国株式）,5125
5126,ポーターズ,グロース（内国株式）,5126
5129,ＦＩＸＥＲ,グロース（内国株式）,5129
5131,リンカーズ,グロース（内国株式）,5131
5132,ｐｌｕｓｚｅｒｏ,グロース（内国株式）,5132
5133,テリロジーホールディングス,スタンダード（内国株式）,5133
5134,ＰＯＰＥＲ,グロース（内国株式）,5134
5136,ｔｒｉｐｌａ,グロース（内国株式）,5136
5137,スマートドライブ,グロース（内国株式）,5137
5138,Ｒｅｂａｓｅ,グロース（内国株式）,5138
5139,オープンワーク,グロース（内国株式）,5139
5142,アキレス,プライム（内国株式）,5142
5161,西川ゴム工業,スタンダード（内国株式）,5161
5162,朝日ラバー,スタンダード（内国株式）,5162
5184,ニチリン,スタンダード（内国株式）,5184
5185,フコク,プライム（内国株式）,5185
5186,ニッタ,プライム（内国株式）,5186
5187,クリエートメディック,スタンダード（内国株式）,5187
5189,櫻護謨,スタンダード（内国株式）,5189
5192,三ツ星ベルト,プライム（内国株式）,5192
5194,相模ゴム工業,スタンダード（内国株式）,5194
5195,バンドー化学,プライム（内国株式）,5195
5199,不二ラテックス,スタンダード（内国株式）,5199
519A,ベーシック,グロース（内国株式）,519A
5201,ＡＧＣ,プライム（内国株式）,5201
5202,日本板硝子,プライム（内国株式）,5202
5204,石塚硝子,スタンダード（内国株式）,5204
5208,有沢製作所,プライム（内国株式）,5208
520A,ジェイファーマ,グロース（内国株式）,520A
5210,日本山村硝子,スタンダード（内国株式）,5210
5214,日本電気硝子,プライム（内国株式）,5214
5216,倉元製作所,スタンダード（内国株式）,5216
5218,オハラ,スタンダード（内国株式）,5218
5232,住友大阪セメント,プライム（内国株式）,5232
5233,太平洋セメント,プライム（内国株式）,5233
5237,ノザワ,スタンダード（内国株式）,5237
523A,セイワホールディングス,グロース（内国株式）,523A
5240,ｍｏｎｏＡＩ　ｔｅｃｈｎｏｌｏｇｙ,グロース（内国株式）,5240
5242,アイズ,グロース（内国株式）,5242
5243,ｎｏｔｅ,グロース（内国株式）,5243
5244,ｊｉｇ．ｊｐ,グロース（内国株式）,5244
5246,ＥＬＥＭＥＮＴＳ,グロース（内国株式）,5246
5247,ＢＴＭ,グロース（内国株式）,5247
5248,テクノロジーズ,グロース（内国株式）,5248
5250,ＧＭＯプライム・ストラテジー,スタンダード（内国株式）,5250
5252,日本ナレッジ,グロース（内国株式）,5252
5253,カバー,グロース（内国株式）,5253
5254,Ａｒｅｎｔ,グロース（内国株式）,5254
5255,モンスターラボ,グロース（内国株式）,5255
5256,Ｆｕｓｉｃ,グロース（内国株式）,5256
5257,ノバシステム,スタンダード（内国株式）,5257
5258,トランザクション・メディア・ネットワークス,グロース（内国株式）,5258
5261,リソルホールディングス,プライム（内国株式）,5261
5262,日本ヒューム,プライム（内国株式）,5262
5268,旭コンクリート工業,スタンダード（内国株式）,5268
5269,日本コンクリート工業,プライム（内国株式）,5269
5271,トーヨーアサノ,スタンダード（内国株式）,5271
5273,三谷セキサン,スタンダード（内国株式）,5273
5279,日本興業,スタンダード（内国株式）,5279
5280,ヨシコン,スタンダード（内国株式）,5280
5282,ジオスター,スタンダード（内国株式）,5282
5283,高見澤,スタンダード（内国株式）,5283
5284,ヤマウホールディングス,スタンダード（内国株式）,5284
5285,ヤマックス,スタンダード（内国株式）,5285
5287,イトーヨーギョー,スタンダード（内国株式）,5287
5288,アジアパイルホールディングス,プライム（内国株式）,5288
5290,ベルテクスコーポレーション,スタンダード（内国株式）,5290
5301,東海カーボン,プライム（内国株式）,5301
5302,日本カーボン,プライム（内国株式）,5302
5304,ＳＥＣカーボン,スタンダード（内国株式）,5304
5310,東洋炭素,プライム（内国株式）,5310
5331,ノリタケ,プライム（内国株式）,5331
5332,ＴＯＴＯ,プライム（内国株式）,5332
5333,ＮＧＫ,プライム（内国株式）,5333
5334,日本特殊陶業,プライム（内国株式）,5334
5337,ダントーホールディングス,スタンダード（内国株式）,5337
5341,ＡＳＡＨＩ　ＥＩＴＯホールディングス,スタンダード（内国株式）,5341
5344,ＭＡＲＵＷＡ,プライム（内国株式）,5344
5351,品川リフラ,プライム（内国株式）,5351
5355,日本坩堝,スタンダード（内国株式）,5355
5356,美濃窯業,スタンダード（内国株式）,5356
5357,ヨータイ,プライム（内国株式）,5357
5363,東京窯業,スタンダード（内国株式）,5363
5367,ニッカトー,スタンダード（内国株式）,5367
5368,日本インシュレーション,スタンダード（内国株式）,5368
5380,新東,スタンダード（内国株式）,5380
5381,マイポックス,スタンダード（内国株式）,5381
5384,フジミインコーポレーテッド,プライム（内国株式）,5384
5388,クニミネ工業,スタンダード（内国株式）,5388
5391,エーアンドエーマテリアル,スタンダード（内国株式）,5391
5393,ニチアス,プライム（内国株式）,5393
5401,日本製鉄,プライム（内国株式）,5401
5406,神戸製鋼所,プライム（内国株式）,5406
5408,中山製鋼所,プライム（内国株式）,5408
5410,合同製鐵,プライム（内国株式）,5410
5411,ＪＦＥホールディングス,プライム（内国株式）,5411
5423,東京製鐵,プライム（内国株式）,5423
542A,ビタブリッドジャパン,グロース（内国株式）,542A
543A,ＡＲＣＨＩＯＮ,プライム（内国株式）,543A
5440,共英製鋼,プライム（内国株式）,5440
5444,大和工業,プライム（内国株式）,5444
5445,東京鐵鋼,プライム（内国株式）,5445
5446,北越メタル,スタンダード（内国株式）,5446
5449,大阪製鐵,スタンダード（内国株式）,5449
544A,ＧＭＳグループ,プライム（内国株式）,544A
5451,ヨドコウ,プライム（内国株式）,5451
5458,高砂鐵工,スタンダード（内国株式）,5458
545A,トランヴィア,プライム（内国株式）,545A
5461,中部鋼鈑,プライム（内国株式）,5461
5463,丸一鋼管,プライム（内国株式）,5463
5464,モリ工業,スタンダード（内国株式）,5464
546A,ＭＩＲＡＩＮＩホールディングス,プライム（内国株式）,546A
5471,大同特殊鋼,プライム（内国株式）,5471
547A,ムニノバホールディングス,プライム（内国株式）,547A
5480,日本冶金工業,プライム（内国株式）,5480
5482,愛知製鋼,プライム（内国株式）,5482
5484,東北特殊鋼,スタンダード（内国株式）,5484
548A,システムエグゼ,スタンダード（内国株式）,548A
5491,日本金属,スタンダード（内国株式）,5491
549A,ヒトトヒトホールディングス,スタンダード（内国株式）,549A
550A,ソフトテックス,スタンダード（内国株式）,550A
5527,ｐｒｏｐｅｒｔｙ　ｔｅｃｈｎｏｌｏｇｉｅｓ,グロース（内国株式）,5527
5532,リアルゲイト,グロース（内国株式）,5532
5533,エリッツホールディングス,スタンダード（内国株式）,5533
5535,ミガロホールディングス,プライム（内国株式）,5535
5537,ＡｌｂａＬｉｎｋ,グロース（内国株式）,5537
5541,大平洋金属,プライム（内国株式）,5541
5542,新報国マテリアル,スタンダード（内国株式）,5542
554A,バトンズ,グロース（内国株式）,554A
5563,新日本電工,プライム（内国株式）,5563
556A,犬猫生活,グロース（内国株式）,556A
5570,ジェノバ,グロース（内国株式）,5570
5571,エキサイトホールディングス,スタンダード（内国株式）,5571
5572,Ｒｉｄｇｅ－ｉ,グロース（内国株式）,5572
5574,ＡＢＥＪＡ,グロース（内国株式）,5574
5575,Ｇｌｏｂｅｅ,グロース（内国株式）,5575
5576,オービーシステム,スタンダード（内国株式）,5576
5578,ＡＲアドバンストテクノロジ,グロース（内国株式）,5578
5580,プロディライト,グロース（内国株式）,5580
5582,グリッド,グロース（内国株式）,5582
5586,Ｌａｂｏｒｏ．ＡＩ,グロース（内国株式）,5586
5587,インバウンドプラットフォーム,グロース（内国株式）,5587
5588,ファーストアカウンティング,グロース（内国株式）,5588
5589,オートサーバー,スタンダード（内国株式）,5589
558A,ＳＱＵＥＥＺＥ,グロース（内国株式）,558A
5590,ネットスターズ,グロース（内国株式）,5590
5591,ＡＶＩＬＥＮ,グロース（内国株式）,5591
5592,くすりの窓口,グロース（内国株式）,5592
5597,ブルーイノベーション,グロース（内国株式）,5597
5599,Ｓ＆Ｊ,グロース（内国株式）,5599
559A,梅乃宿酒造,スタンダード（内国株式）,559A
5602,栗本鐵工所,プライム（内国株式）,5602
5603,虹技,スタンダード（内国株式）,5603
5609,日本鋳造,スタンダード（内国株式）,5609
5612,日本鋳鉄管,スタンダード（内国株式）,5612
5616,雨風太陽,グロース（内国株式）,5616
5618,ナイル,グロース（内国株式）,5618
5619,マーソ,グロース（内国株式）,5619
5621,ヒューマンテクノロジーズ,グロース（内国株式）,5621
5631,日本製鋼所,プライム（内国株式）,5631
5632,三菱製鋼,プライム（内国株式）,5632
5644,メタルアート,スタンダード（内国株式）,5644
5658,日亜鋼業,スタンダード（内国株式）,5658
5659,日本精線,プライム（内国株式）,5659
5695,パウダーテック,スタンダード（内国株式）,5695
5697,サンユウ,スタンダード（内国株式）,5697
5698,エンビプロ・ホールディングス,スタンダード（内国株式）,5698
5699,イボキン,スタンダード（内国株式）,5699
5702,大紀アルミニウム工業所,プライム（内国株式）,5702
5703,日本軽金属ホールディングス,プライム（内国株式）,5703
5704,ＪＭＣ,スタンダード（内国株式）,5704
5706,三井金属,プライム（内国株式）,5706
5707,東邦亜鉛,プライム（内国株式）,5707
5711,三菱マテリアル,プライム（内国株式）,5711
5713,住友金属鉱山,プライム（内国株式）,5713
5714,ＤＯＷＡホールディングス,プライム（内国株式）,5714
5715,古河機械金属,プライム（内国株式）,5715
5721,エスクリプトエナジー,スタンダード（内国株式）,5721
5724,アサカ理研,スタンダード（内国株式）,5724
5726,大阪チタニウムテクノロジーズ,プライム（内国株式）,5726
5729,日本精鉱,スタンダード（内国株式）,5729
5741,ＵＡＣＪ,プライム（内国株式）,5741
5742,エヌアイシ・オートテック,スタンダード（内国株式）,5742
5753,日本伸銅,スタンダード（内国株式）,5753
5757,ＣＫサンエツ,プライム（内国株式）,5757
575A,前澤ホールディングス,プライム（内国株式）,575A
5801,古河電気工業,プライム（内国株式）,5801
5802,住友電気工業,プライム（内国株式）,5802
5803,フジクラ,プライム（内国株式）,5803
5805,ＳＷＣＣ,プライム（内国株式）,5805
5816,オーナンバ,スタンダード（内国株式）,5816
5817,ＪＭＡＣＳ,スタンダード（内国株式）,5817
5819,カナレ電気,スタンダード（内国株式）,5819
581A,ＧＯ,グロース（内国株式）,581A
5820,三ッ星,スタンダード（内国株式）,5820
5821,平河ヒューテック,プライム（内国株式）,5821
5830,いよぎんホールディングス,プライム（内国株式）,5830
5831,しずおかフィナンシャルグループ,プライム（内国株式）,5831
5832,ちゅうぎんフィナンシャルグループ,プライム（内国株式）,5832
5834,ＳＢＩリーシングサービス,グロース（内国株式）,5834
5838,楽天銀行,プライム（内国株式）,5838
5842,インテグラル,グロース（内国株式）,5842
5843,ニッポンインシュア,スタンダード（内国株式）,5843
5844,京都フィナンシャルグループ,プライム（内国株式）,5844
5845,全保連,スタンダード（内国株式）,5845
584A,ＬｉＮＫＸ,グロース（内国株式）,584A
5851,リョービ,プライム（内国株式）,5851
5852,アーレスティ,プライム（内国株式）,5852
5857,ＡＲＥホールディングス,プライム（内国株式）,5857
5858,ＳＴＧ,グロース（内国株式）,5858
5867,エスネットワークス,グロース（内国株式）,5867
5868,ロココ,スタンダード（内国株式）,5868
5869,早稲田学習研究会,スタンダード（内国株式）,5869
5870,ナルネットコミュニケーションズ,グロース（内国株式）,5870
5871,ＳＯＬＩＺＥ　Ｈｏｌｄｉｎｇｓ,スタンダード（内国株式）,5871
5884,クラダシ,グロース（内国株式）,5884
5885,ジーデップ・アドバンス,スタンダード（内国株式）,5885
5888,ＤＡＩＷＡ　ＣＹＣＬＥ,グロース（内国株式）,5888
5889,Ｊａｐａｎ　Ｅｙｅｗｅａｒ　Ｈｏｌｄｉｎｇｓ,プライム（内国株式）,5889
5891,ＳＡＫＩＧＡＫＥホールディングス,スタンダード（内国株式）,5891
5892,ｙｕｔｏｒｉ,グロース（内国株式）,5892
589A,ネイス,グロース（内国株式）,589A
5900,ダイケン,スタンダード（内国株式）,5900
5901,東洋製罐グループホールディングス,プライム（内国株式）,5901
5902,ホッカンホールディングス,プライム（内国株式）,5902
5905,日本製罐,スタンダード（内国株式）,5905
5906,エムケー精工,スタンダード（内国株式）,5906
5909,コロナ,スタンダード（内国株式）,5909
590A,ギフティグループ,プライム（内国株式）,590A
5911,横河ブリッジホールディングス,プライム（内国株式）,5911
5915,駒井ハルテック,スタンダード（内国株式）,5915
5918,瀧上工業,スタンダード（内国株式）,5918
5921,川岸工業,スタンダード（内国株式）,5921
5922,那須電機鉄工,スタンダード（内国株式）,5922
5923,高田機工,スタンダード（内国株式）,5923
5928,アルメタックス,スタンダード（内国株式）,5928
5929,三和ホールディングス,プライム（内国株式）,5929
5930,文化シヤッター,プライム（内国株式）,5930
5932,三協立山,プライム（内国株式）,5932
5933,アルインコ,プライム（内国株式）,5933
5936,東洋シヤッター,スタンダード（内国株式）,5936
5938,ＬＩＸＩＬ,プライム（内国株式）,5938
5939,大谷工業,スタンダード（内国株式）,5939
593A,ティアフォー,グロース（内国株式）,593A
5940,不二サッシ,スタンダード（内国株式）,5940
5941,中西製作所,スタンダード（内国株式）,5941
5942,日本フイルコン,スタンダード（内国株式）,5942
5943,ノーリツ,プライム（内国株式）,5943
5945,天龍製鋸,スタンダード（内国株式）,5945
5946,長府製作所,プライム（内国株式）,5946
5947,リンナイ,プライム（内国株式）,5947
5949,ユニプレス,プライム（内国株式）,5949
5950,日本パワーファスニング,スタンダード（内国株式）,5950
5951,ダイニチ工業,スタンダード（内国株式）,5951
5952,アマテイ,スタンダード（内国株式）,5952
5955,ワイズホールディングス,スタンダード（内国株式）,5955
5956,トーソー,スタンダード（内国株式）,5956
5957,日東精工,プライム（内国株式）,5957
5958,三洋工業,スタンダード（内国株式）,5958
5959,岡部,プライム（内国株式）,5959
5962,浅香工業,スタンダード（内国株式）,5962
5965,フジマック,スタンダード（内国株式）,5965
5966,京都機械工具,スタンダード（内国株式）,5966
5967,ＴＯＮＥ,スタンダード（内国株式）,5967
5969,ロブテックス,スタンダード（内国株式）,5969
5970,ジーテクト,プライム（内国株式）,5970
5971,共和工業所,スタンダード（内国株式）,5971
5973,トーアミ,スタンダード（内国株式）,5973
5974,中国工業,スタンダード（内国株式）,5974
5975,東プレ,プライム（内国株式）,5975
5976,高周波熱錬,プライム（内国株式）,5976
5981,東京製綱,プライム（内国株式）,5981
5982,マルゼン,スタンダード（内国株式）,5982
5983,イワブチ,スタンダード（内国株式）,5983
5984,兼房,スタンダード（内国株式）,5984
5985,サンコール,スタンダード（内国株式）,5985
5986,モリテック　スチール,スタンダード（内国株式）,5986
5987,オーネックス,スタンダード（内国株式）,5987
5988,パイオラックス,プライム（内国株式）,5988
5989,エイチワン,プライム（内国株式）,5989
598A,チャットプラス,グロース（内国株式）,598A
5990,スーパーツール,スタンダード（内国株式）,5990
5991,日本発條,プライム（内国株式）,5991
5992,中央発條,スタンダード（内国株式）,5992
5994,ファインシンター,スタンダード（内国株式）,5994
5997,協立エアテック,スタンダード（内国株式）,5997
5998,アドバネクス,スタンダード（内国株式）,5998
6005,三浦工業,プライム（内国株式）,6005
6013,タクマ,プライム（内国株式）,6013
6016,ジャパンエンジンコーポレーション,スタンダード（内国株式）,6016
6018,阪神内燃機工業,スタンダード（内国株式）,6018
6022,赤阪鐵工所,スタンダード（内国株式）,6022
6023,ダイハツインフィニアース,スタンダード（内国株式）,6023
6027,弁護士ドットコム,プライム（内国株式）,6027
6029,アトラグループ,スタンダード（内国株式）,6029
6030,アドベンチャー,グロース（内国株式）,6030
6031,ＺＥＴＡ,グロース（内国株式）,6031
6033,エクストリーム,グロース（内国株式）,6033
6034,ＭＲＴ,グロース（内国株式）,6034
6035,アイ・アールジャパンホールディングス,スタンダード（内国株式）,6035
6036,ＫｅｅＰｅｒ技研,プライム（内国株式）,6036
6037,楽待,スタンダード（内国株式）,6037
6038,イード,グロース（内国株式）,6038
6039,日本動物高度医療センター,グロース（内国株式）,6039
603A,アイ・グリッド・ソリューションズ,グロース（内国株式）,603A
6040,日本スキー場開発,グロース（内国株式）,6040
6042,ニッキ,スタンダード（内国株式）,6042
6044,三機サービス,スタンダード（内国株式）,6044
6045,レントラックス,グロース（内国株式）,6045
6046,リンクバル,スタンダード（内国株式）,6046
6047,Ｇｕｎｏｓｙ,スタンダード（内国株式）,6047
6049,イトクロ,グロース（内国株式）,6049
604A,ビーエイブル,スタンダード（内国株式）,604A
6050,イー・ガーディアン,プライム（内国株式）,6050
6054,リブセンス,スタンダード（内国株式）,6054
6055,ジャパンマテリアル,プライム（内国株式）,6055
6058,ベクトル,プライム（内国株式）,6058
6059,ウチヤマホールディングス,スタンダード（内国株式）,6059
6061,ユニバーサル園芸社,スタンダード（内国株式）,6061
6062,チャーム・ケア・コーポレーション,プライム（内国株式）,6062
6063,日本エマージェンシーアシスタンス,スタンダード（内国株式）,6063
6069,トレンダーズ,グロース（内国株式）,6069
6070,キャリアリンク,プライム（内国株式）,6070
6071,ＩＢＪ,プライム（内国株式）,6071
6072,地盤ネットホールディングス,スタンダード（内国株式）,6072
6073,アサンテ,プライム（内国株式）,6073
6074,ジェイエスエス,スタンダード（内国株式）,6074
6078,バリューＨＲ,プライム（内国株式）,6078
607A,エブリー,グロース（内国株式）,607A
6080,Ｍ＆Ａキャピタルパートナーズ,プライム（内国株式）,6080
6081,アライドアーキテクツ,グロース（内国株式）,6081
6082,ライドオンエクスプレスホールディングス,スタンダード（内国株式）,6082
6083,ＥＲＩホールディングス,スタンダード（内国株式）,6083
6085,アーキテクツ・スタジオ・ジャパン,グロース（内国株式）,6085
6086,シンメンテホールディングス,グロース（内国株式）,6086
6087,アビスト,スタンダード（内国株式）,6087
6088,シグマクシス・ホールディングス,プライム（内国株式）,6088
6089,ウィルグループ,プライム（内国株式）,6089
6090,ヒューマン・メタボローム・テクノロジーズ,スタンダード（内国株式）,6090
6091,ウエスコホールディングス,スタンダード（内国株式）,6091
6092,エンバイオ・ホールディングス,スタンダード（内国株式）,6092
6093,ミトラグループ,スタンダード（内国株式）,6093
6094,フリークアウト・ホールディングス,グロース（内国株式）,6094
6098,リクルートホールディングス,プライム（内国株式）,6098
6099,エラン,プライム（内国株式）,6099
6101,ツガミ,プライム（内国株式）,6101
6103,オークマ,プライム（内国株式）,6103
6104,芝浦機械,プライム（内国株式）,6104
6113,アマダ,プライム（内国株式）,6113
6118,アイダエンジニアリング,プライム（内国株式）,6118
6125,岡本工作機械製作所,スタンダード（内国株式）,6125
6134,ＦＵＪＩ,プライム（内国株式）,6134
6135,牧野フライス製作所,プライム（内国株式）,6135
6136,オーエスジー,プライム（内国株式）,6136
6137,小池酸素工業,スタンダード（内国株式）,6137
6138,ダイジェット工業,スタンダード（内国株式）,6138
6140,旭ダイヤモンド工業,プライム（内国株式）,6140
6141,ＤＭＧ森精機,プライム（内国株式）,6141
6143,ソディック,プライム（内国株式）,6143
6144,西部電機,スタンダード（内国株式）,6144
6145,ＮＩＴＴＯＫＵ,スタンダード（内国株式）,6145
6146,ディスコ,プライム（内国株式）,6146
6147,ヤマザキ,スタンダード（内国株式）,6147
6149,小田原エンジニアリング,スタンダード（内国株式）,6149
6150,タケダ機械,スタンダード（内国株式）,6150
6151,日東工器,プライム（内国株式）,6151
6155,高松機械工業,スタンダード（内国株式）,6155
6156,エーワン精密,スタンダード（内国株式）,6156
6157,日進工具,スタンダード（内国株式）,6157
6158,和井田製作所,スタンダード（内国株式）,6158
6159,ミクロン精密,スタンダード（内国株式）,6159
6161,エスティック,スタンダード（内国株式）,6161
6165,パンチ工業,スタンダード（内国株式）,6165
6166,中村超硬,グロース（内国株式）,6166
6167,冨士ダイス,プライム（内国株式）,6167
6171,土木管理総合試験所,スタンダード（内国株式）,6171
6176,ブランジスタ,スタンダード（内国株式）,6176
6177,ＡｐｐＢａｎｋ,グロース（内国株式）,6177
6178,日本郵政,プライム（内国株式）,6178
6180,ＧＭＯメディア,グロース（内国株式）,6180
6181,タメニー,グロース（内国株式）,6181
6182,メタリアル,グロース（内国株式）,6182
6183,ベルシステム２４ホールディングス,プライム（内国株式）,6183
6184,鎌倉新書,プライム（内国株式）,6184
6185,ＳＭＮ,スタンダード（内国株式）,6185
6186,一蔵,スタンダード（内国株式）,6186
6189,グローバルキッズＣＯＭＰＡＮＹ,スタンダード（内国株式）,6189
6190,フェニックスバイオ,グロース（内国株式）,6190
6191,エアトリ,プライム（内国株式）,6191
6193,バーチャレクス・ホールディングス,グロース（内国株式）,6193
6194,アトラエ,プライム（内国株式）,6194
6195,ホープ,グロース（内国株式）,6195
6196,ストライクグループ,プライム（内国株式）,6196
6198,キャリア,グロース（内国株式）,6198
6199,セラク,スタンダード（内国株式）,6199
6200,インソース,プライム（内国株式）,6200
6203,豊和工業,スタンダード（内国株式）,6203
6208,石川製作所,スタンダード（内国株式）,6208
6209,リケンＮＰＲ,プライム（内国株式）,6209
6217,津田駒工業,スタンダード（内国株式）,6217
6218,エンシュウ,スタンダード（内国株式）,6218
6222,島精機製作所,プライム（内国株式）,6222
6223,西部技研,スタンダード（内国株式）,6223
6224,ＪＲＣ,グロース（内国株式）,6224
6226,守谷輸送機工業,スタンダード（内国株式）,6226
6227,ＡＩメカテック,スタンダード（内国株式）,6227
6228,ジェイ・イー・ティ,スタンダード（内国株式）,6228
6229,オーケーエム,スタンダード（内国株式）,6229
6230,ＳＡＮＥＩ,スタンダード（内国株式）,6230
6231,木村工機,スタンダード（内国株式）,6231
6232,ＡＣＳＬ,グロース（内国株式）,6232
6233,ＫＬＡＳＳ,スタンダード（内国株式）,6233
6235,オプトラン,プライム（内国株式）,6235
6237,イワキポンプ,プライム（内国株式）,6237
6238,フリュー,プライム（内国株式）,6238
6239,ナガオカ,スタンダード（内国株式）,6239
6240,ヤマシンフィルタ,プライム（内国株式）,6240
6245,ヒラノテクシード,スタンダード（内国株式）,6245
6246,テクノスマート,スタンダード（内国株式）,6246
6247,日阪製作所,プライム（内国株式）,6247
6248,横田製作所,スタンダード（内国株式）,6248
6249,ゲームカードホールディングス,スタンダード（内国株式）,6249
6250,やまびこ,プライム（内国株式）,6250
6254,野村マイクロ・サイエンス,プライム（内国株式）,6254
6255,エヌ・ピー・シー,グロース（内国株式）,6255
6257,藤商事,スタンダード（内国株式）,6257
6258,平田機工,プライム（内国株式）,6258
6262,ＰＥＧＡＳＵＳ,スタンダード（内国株式）,6262
6264,マルマエ,プライム（内国株式）,6264
6265,コンバム,スタンダード（内国株式）,6265
6266,タツモ,プライム（内国株式）,6266
6267,ゼネラルパッカー,スタンダード（内国株式）,6267
6268,ナブテスコ,プライム（内国株式）,6268
6269,三井海洋開発,プライム（内国株式）,6269
6272,レオン自動機,プライム（内国株式）,6272
6273,ＳＭＣ,プライム（内国株式）,6273
6276,シリウスビジョン,スタンダード（内国株式）,6276
6277,ホソカワミクロン,プライム（内国株式）,6277
6278,ユニオンツール,プライム（内国株式）,6278
6279,瑞光,プライム（内国株式）,6279
6282,オイレス工業,プライム（内国株式）,6282
6284,日精エー・エス・ビー機械,プライム（内国株式）,6284
6286,靜甲,スタンダード（内国株式）,6286
6287,サトー,プライム（内国株式）,6287
6289,技研製作所,プライム（内国株式）,6289
6291,日本エアーテック,スタンダード（内国株式）,6291
6292,カワタ,スタンダード（内国株式）,6292
6294,オカダアイヨン,プライム（内国株式）,6294
6298,ワイエイシイホールディングス,プライム（内国株式）,6298
6301,小松製作所,プライム（内国株式）,6301
6302,住友重機械工業,プライム（内国株式）,6302
6305,日立建機,プライム（内国株式）,6305
6306,日工,プライム（内国株式）,6306
6307,サンセイ,スタンダード（内国株式）,6307
6309,巴工業,プライム（内国株式）,6309
6310,井関農機,プライム（内国株式）,6310
6315,ＴＯＷＡ,プライム（内国株式）,6315
6316,丸山製作所,スタンダード（内国株式）,6316
6317,北川鉄工所,スタンダード（内国株式）,6317
6322,タクミナ,スタンダード（内国株式）,6322
6323,ローツェ,プライム（内国株式）,6323
6324,ハーモニック・ドライブ・システムズ,プライム（内国株式）,6324
6325,タカキタ,スタンダード（内国株式）,6325
6326,クボタ,プライム（内国株式）,6326
6327,北川精機,スタンダード（内国株式）,6327
6328,荏原実業,プライム（内国株式）,6328
6330,東洋エンジニアリング,プライム（内国株式）,6330
6331,三菱化工機,プライム（内国株式）,6331
6332,月島ホールディングス,プライム（内国株式）,6332
6333,ＴＥＩＫＯＫＵ,プライム（内国株式）,6333
6334,明治機械,スタンダード（内国株式）,6334
6335,東京機械製作所,スタンダード（内国株式）,6335
6336,石井表記,スタンダード（内国株式）,6336
6337,テセック,スタンダード（内国株式）,6337
6338,タカトリ,スタンダード（内国株式）,6338
6339,新東工業,プライム（内国株式）,6339
6340,澁谷工業,プライム（内国株式）,6340
6342,太平製作所,スタンダード（内国株式）,6342
6343,フリージア・マクロス,スタンダード（内国株式）,6343
6345,アイチ　コーポレーション,プライム（内国株式）,6345
6346,キクカワエンタープライズ,スタンダード（内国株式）,6346
6347,プラコー,スタンダード（内国株式）,6347
6349,小森コーポレーション,プライム（内国株式）,6349
6351,鶴見製作所,プライム（内国株式）,6351
6356,日本ギア工業,スタンダード（内国株式）,6356
6357,三精テクノロジーズ,スタンダード（内国株式）,6357
6358,酒井重工業,プライム（内国株式）,6358
6360,東京自働機械製作所,スタンダード（内国株式）,6360
6361,荏原製作所,プライム（内国株式）,6361
6363,酉島製作所,プライム（内国株式）,6363
6364,ＡＩＲＭＡＮ,プライム（内国株式）,6364
6365,電業社機械製作所,スタンダード（内国株式）,6365
6366,千代田化工建設,スタンダード（内国株式）,6366
6367,ダイキン工業,プライム（内国株式）,6367
6368,オルガノ,プライム（内国株式）,6368
6369,トーヨーカネツ,プライム（内国株式）,6369
6370,栗田工業,プライム（内国株式）,6370
6371,椿本チエイン,プライム（内国株式）,6371
6376,日機装,プライム（内国株式）,6376
6378,木村化工機,スタンダード（内国株式）,6378
6379,レイズネクスト,プライム（内国株式）,6379
6380,オリエンタルチエン工業,スタンダード（内国株式）,6380
6381,アネスト岩田,プライム（内国株式）,6381
6382,トリニティ工業,スタンダード（内国株式）,6382
6383,ダイフク,プライム（内国株式）,6383
6384,昭和真空,スタンダード（内国株式）,6384
6387,サムコ,プライム（内国株式）,6387
6390,加藤製作所,プライム（内国株式）,6390
6391,加地テック,スタンダード（内国株式）,6391
6392,ヤマダコーポレーション,スタンダード（内国株式）,6392
6393,油研工業,スタンダード（内国株式）,6393
6395,タダノ,プライム（内国株式）,6395
6396,宇野澤組鐵工所,スタンダード（内国株式）,6396
6400,不二精機,スタンダード（内国株式）,6400
6402,兼松エンジニアリング,スタンダード（内国株式）,6402
6405,鈴茂器工,スタンダード（内国株式）,6405
6407,ＣＫＤ,プライム（内国株式）,6407
6408,小倉クラッチ,スタンダード（内国株式）,6408
6412,平和,プライム（内国株式）,6412
6413,理想科学工業,プライム（内国株式）,6413
6417,ＳＡＮＫＹＯ,プライム（内国株式）,6417
6418,日本金銭機械,プライム（内国株式）,6418
6419,マースグループホールディングス,プライム（内国株式）,6419
6420,ガリレイホールディングス,プライム（内国株式）,6420
6424,高見沢サイバネティックス,スタンダード（内国株式）,6424
6425,ユニバーサルエンターテインメント,スタンダード（内国株式）,6425
6428,オーイズミ,スタンダード（内国株式）,6428
6430,ダイコク電機,プライム（内国株式）,6430
6432,竹内製作所,プライム（内国株式）,6432
6433,ヒーハイスト,スタンダード（内国株式）,6433
6436,アマノ,プライム（内国株式）,6436
6440,ＪＵＫＩ,プライム（内国株式）,6440
6444,サンデン,スタンダード（内国株式）,6444
6445,ジャノメ,プライム（内国株式）,6445
6448,ブラザー工業,プライム（内国株式）,6448
6454,マックス,プライム（内国株式）,6454
6455,モリタホールディングス,プライム（内国株式）,6455
6457,グローリー,プライム（内国株式）,6457
6458,新晃工業,プライム（内国株式）,6458
6459,だいわ,プライム（内国株式）,6459
6460,セガサミーホールディングス,プライム（内国株式）,6460
6463,ＴＰＲ,プライム（内国株式）,6463
6464,ツバキ・ナカシマ,プライム（内国株式）,6464
6465,ホシザキ,プライム（内国株式）,6465
6466,ＴＶＥ,スタンダード（内国株式）,6466
6467,ニチダイ,スタンダード（内国株式）,6467
6469,放電精密加工研究所,スタンダード（内国株式）,6469
6470,大豊工業,スタンダード（内国株式）,6470
6471,日本精工,プライム（内国株式）,6471
6472,ＮＴＮ,プライム（内国株式）,6472
6473,ジェイテクト,プライム（内国株式）,6473
6474,不二越,プライム（内国株式）,6474
6479,ミネベアミツミ,プライム（内国株式）,6479
6480,日本トムソン,プライム（内国株式）,6480
6481,ＴＨＫ,プライム（内国株式）,6481
6482,ＹＵＳＨＩＮ,スタンダード（内国株式）,6482
6484,ＫＶＫ,スタンダード（内国株式）,6484
6485,前澤給装工業,スタンダード（内国株式）,6485
6486,イーグル工業,プライム（内国株式）,6486
6488,ヨシタケ,スタンダード（内国株式）,6488
6490,ＰＩＬＬＡＲ,プライム（内国株式）,6490
6492,岡野バルブ製造,スタンダード（内国株式）,6492
6493,ＮＩＴＴＡＮ,スタンダード（内国株式）,6493
6494,ＮＦＫホールディングス,スタンダード（内国株式）,6494
6495,宮入バルブ製作所,スタンダード（内国株式）,6495
6496,中北製作所,スタンダード（内国株式）,6496
6497,ハマイ,スタンダード（内国株式）,6497
6498,キッツ,プライム（内国株式）,6498
6501,日立製作所,プライム（内国株式）,6501
6503,三菱電機,プライム（内国株式）,6503
6504,富士電機,プライム（内国株式）,6504
6505,東洋電機製造,スタンダード（内国株式）,6505
6506,安川電機,プライム（内国株式）,6506
6507,シンフォニアテクノロジー,プライム（内国株式）,6507
6508,明電舎,プライム（内国株式）,6508
6513,オリジン,スタンダード（内国株式）,6513
6516,山洋電気,プライム（内国株式）,6516
6517,デンヨー,プライム（内国株式）,6517
6518,三相電機,スタンダード（内国株式）,6518
6521,オキサイド,グロース（内国株式）,6521
6522,アスタリスク,グロース（内国株式）,6522
6523,ＰＨＣホールディングス,プライム（内国株式）,6523
6524,湖北工業,スタンダード（内国株式）,6524
6525,ＫＯＫＵＳＡＩ　ＥＬＥＣＴＲＩＣ,プライム（内国株式）,6525
6526,ソシオネクスト,プライム（内国株式）,6526
6532,ベイカレント,プライム（内国株式）,6532
6533,Ｏｒｃｈｅｓｔｒａ　Ｈｏｌｄｉｎｇｓ,プライム（内国株式）,6533
6535,アイモバイル,プライム（内国株式）,6535
6537,ＷＡＳＨハウス,グロース（内国株式）,6537
6538,ディスラプターズ,スタンダード（内国株式）,6538
6539,ＭＳ－Ｊａｐａｎ,プライム（内国株式）,6539
6540,船場,スタンダード（内国株式）,6540
6543,日宣,スタンダード（内国株式）,6543
6544,ジャパンエレベーターサービスホールディングス,プライム（内国株式）,6544
6545,インターネットインフィニティー,グロース（内国株式）,6545
6546,フルテック,スタンダード（内国株式）,6546
6547,グリーンズ,スタンダード（内国株式）,6547
6548,旅工房,グロース（内国株式）,6548
6549,ディーエムソリューションズ,スタンダード（内国株式）,6549
6551,ツナググループ・ホールディングス,スタンダード（内国株式）,6551
6552,ＧａｍｅＷｉｔｈ,スタンダード（内国株式）,6552
6554,エスユーエス,グロース（内国株式）,6554
6555,ＭＳ＆Ｃｏｎｓｕｌｔｉｎｇ,スタンダード（内国株式）,6555
6557,ＡＩＡＩグループ,グロース（内国株式）,6557
6558,クックビズ,グロース（内国株式）,6558
6560,エル・ティー・エス,プライム（内国株式）,6560
6561,ＨＡＮＡＴＯＵＲ　ＪＡＰＡＮ,グロース（内国株式）,6561
6562,ジーニー,グロース（内国株式）,6562
6563,みらいワークス,グロース（内国株式）,6563
6564,ミダックホールディングス,プライム（内国株式）,6564
6566,要興業,スタンダード（内国株式）,6566
6568,神戸天然物化学,グロース（内国株式）,6568
6570,共和コーポレーション,スタンダード（内国株式）,6570
6571,キュービーネットホールディングス,プライム（内国株式）,6571
6572,オープングループ,プライム（内国株式）,6572
6573,ＣＲＡＶＩＡ,グロース（内国株式）,6573
6574,コンヴァノ,グロース（内国株式）,6574
6577,ベストワンドットコム,グロース（内国株式）,6577
6578,コレックホールディングス,スタンダード（内国株式）,6578
6579,ログリー,グロース（内国株式）,6579
6580,ライトアップ,グロース（内国株式）,6580
6584,三櫻工業,プライム（内国株式）,6584
6586,マキタ,プライム（内国株式）,6586
6588,東芝テック,プライム（内国株式）,6588
6590,芝浦メカトロニクス,プライム（内国株式）,6590
6592,マブチモーター,プライム（内国株式）,6592
6594,ニデック,プライム（内国株式）,6594
6597,ＨＰＣシステムズ,グロース（内国株式）,6597
6599,エブレン,スタンダード（内国株式）,6599
6612,バルミューダ,グロース（内国株式）,6612
6613,ＱＤレーザ,グロース（内国株式）,6613
6614,シキノハイテック,スタンダード（内国株式）,6614
6615,ユー・エム・シー・エレクトロニクス,プライム（内国株式）,6615
6616,トレックス・セミコンダクター,プライム（内国株式）,6616
6617,東光高岳,プライム（内国株式）,6617
6619,ダブル・スコープ,プライム（内国株式）,6619
6620,宮越ホールディングス,プライム（内国株式）,6620
6622,ダイヘン,プライム（内国株式）,6622
6625,ＪＡＬＣＯホールディングス,スタンダード（内国株式）,6625
6626,ＳＥＭＩＴＥＣ,スタンダード（内国株式）,6626
6627,テラプローブ,スタンダード（内国株式）,6627
6629,テクノホライゾン,スタンダード（内国株式）,6629
6630,ヤーマン,プライム（内国株式）,6630
6632,ＪＶＣケンウッド,プライム（内国株式）,6632
6633,ＣＧＳホールディングス,スタンダード（内国株式）,6633
6634,ＪＮグループ,スタンダード（内国株式）,6634
6635,大日光・エンジニアリング,スタンダード（内国株式）,6635
6637,寺崎電気産業,スタンダード（内国株式）,6637
6638,ミマキエンジニアリング,プライム（内国株式）,6638
6643,戸上電機製作所,スタンダード（内国株式）,6643
6644,大崎電気工業,プライム（内国株式）,6644
6645,オムロン,プライム（内国株式）,6645
6647,森尾電機,スタンダード（内国株式）,6647
6648,かわでん,スタンダード（内国株式）,6648
6651,日東工業,プライム（内国株式）,6651
6652,ＩＤＥＣ,プライム（内国株式）,6652
6653,正興電機製作所,プライム（内国株式）,6653
6654,不二電機工業,スタンダード（内国株式）,6654
6656,インスペック,スタンダード（内国株式）,6656
6658,シライ電子工業,スタンダード（内国株式）,6658
6659,メディアリンクス,スタンダード（内国株式）,6659
6662,ユビテック,スタンダード（内国株式）,6662
6663,太洋テクノレックス,スタンダード（内国株式）,6663
6664,オプトエレクトロニクス,スタンダード（内国株式）,6664
6666,リバーエレテック,スタンダード（内国株式）,6666
6668,アドテック　プラズマ　テクノロジー,スタンダード（内国株式）,6668
6674,ジーエス・ユアサ　コーポレーション,プライム（内国株式）,6674
6675,サクサ,スタンダード（内国株式）,6675
6676,ＢＵＦＦＡＬＯ,スタンダード（内国株式）,6676
6677,エスケーエレクトロニクス,スタンダード（内国株式）,6677
6678,テクノメディカ,スタンダード（内国株式）,6678
6694,ズーム,スタンダード（内国株式）,6694
6696,トラース・オン・プロダクト,グロース（内国株式）,6696
6699,ダイヤモンドエレクトリックホールディングス,スタンダード（内国株式）,6699
6701,日本電気,プライム（内国株式）,6701
6702,富士通,プライム（内国株式）,6702
6703,沖電気工業,プライム（内国株式）,6703
6706,電気興業,プライム（内国株式）,6706
6707,サンケン電気,プライム（内国株式）,6707
6718,アイホン,プライム（内国株式）,6718
6721,ウインテスト,スタンダード（内国株式）,6721
6723,ルネサスエレクトロニクス,プライム（内国株式）,6723
6724,セイコーエプソン,プライム（内国株式）,6724
6727,ワコム,プライム（内国株式）,6727
6728,アルバック,プライム（内国株式）,6728
6730,アクセル,スタンダード（内国株式）,6730
6731,ピクセラ,スタンダード（内国株式）,6731
6736,サン電子,スタンダード（内国株式）,6736
6737,ＥＩＺＯ,プライム（内国株式）,6737
6740,ジャパンディスプレイ,プライム（内国株式）,6740
6741,日本信号,プライム（内国株式）,6741
6742,京三製作所,プライム（内国株式）,6742
6743,大同信号,スタンダード（内国株式）,6743
6744,能美防災,プライム（内国株式）,6744
6745,ホーチキ,プライム（内国株式）,6745
6748,星和電機,スタンダード（内国株式）,6748
6750,エレコム,プライム（内国株式）,6750
6752,パナソニック　ホールディングス,プライム（内国株式）,6752
6753,シャープ,プライム（内国株式）,6753
6754,アンリツ,プライム（内国株式）,6754
6757,ＯＳＧコーポレーション,スタンダード（内国株式）,6757
6758,ソニーグループ,プライム（内国株式）,6758
6762,ＴＤＫ,プライム（内国株式）,6762
6763,帝国通信工業,プライム（内国株式）,6763
6768,タムラ製作所,プライム（内国株式）,6768
6769,ザインエレクトロニクス,スタンダード（内国株式）,6769
6770,アルプスアルパイン,プライム（内国株式）,6770
6771,池上通信機,スタンダード（内国株式）,6771
6772,東京コスモス電機,スタンダード（内国株式）,6772
6775,ＴＢグループ,スタンダード（内国株式）,6775
6776,天昇電気工業,スタンダード（内国株式）,6776
6777,ｓａｎｔｅｃ　Ｈｏｌｄｉｎｇｓ,スタンダード（内国株式）,6777
6778,アルチザネットワークス,スタンダード（内国株式）,6778
6779,日本電波工業,プライム（内国株式）,6779
6785,鈴木,プライム（内国株式）,6785
6786,ＲＶＨ,スタンダード（内国株式）,6786
6787,メイコー,プライム（内国株式）,6787
6788,日本トリム,プライム（内国株式）,6788
6794,フォスター電機,プライム（内国株式）,6794
6797,名古屋電機工業,スタンダード（内国株式）,6797
6798,ＳＭＫ,プライム（内国株式）,6798
6800,ヨコオ,プライム（内国株式）,6800
6803,ティアック,スタンダード（内国株式）,6803
6804,ホシデン,プライム（内国株式）,6804
6806,ヒロセ電機,プライム（内国株式）,6806
6807,日本航空電子工業,プライム（内国株式）,6807
6809,ＴＯＡ,プライム（内国株式）,6809
6810,マクセル,プライム（内国株式）,6810
6814,古野電気,プライム（内国株式）,6814
6817,スミダコーポレーション,プライム（内国株式）,6817
6819,伊豆シャボテンリゾート,スタンダード（内国株式）,6819
6820,アイコム,プライム（内国株式）,6820
6822,大井電気,スタンダード（内国株式）,6822
6823,リオン,プライム（内国株式）,6823
6824,新コスモス電機,スタンダード（内国株式）,6824
6832,アオイ電子,スタンダード（内国株式）,6832
6834,精工技研,スタンダード（内国株式）,6834
6835,アライドテレシスホールディングス,スタンダード（内国株式）,6835
6836,ぷらっとホーム,スタンダード（内国株式）,6836
6837,京写,スタンダード（内国株式）,6837
6838,多摩川ホールディングス,スタンダード（内国株式）,6838
6840,ＡＫＩＢＡホールディングス,スタンダード（内国株式）,6840
6841,横河電機,プライム（内国株式）,6841
6844,新電元工業,プライム（内国株式）,6844
6845,アズビル,プライム（内国株式）,6845
6848,東亜ディーケーケー,スタンダード（内国株式）,6848
6849,日本光電工業,プライム（内国株式）,6849
6850,チノー,プライム（内国株式）,6850
6853,共和電業,スタンダード（内国株式）,6853
6855,日本電子材料,スタンダード（内国株式）,6855
6856,堀場製作所,プライム（内国株式）,6856
6857,アドバンテスト,プライム（内国株式）,6857
6858,小野測器,スタンダード（内国株式）,6858
6859,エスペック,プライム（内国株式）,6859
6861,キーエンス,プライム（内国株式）,6861
6862,ミナトホールディングス,スタンダード（内国株式）,6862
6863,ニレコ,スタンダード（内国株式）,6863
6864,エヌエフホールディングス,スタンダード（内国株式）,6864
6866,日置電機,プライム（内国株式）,6866
6867,リーダー電子,スタンダード（内国株式）,6867
6869,シスメックス,プライム（内国株式）,6869
6870,日本フェンオール,スタンダード（内国株式）,6870
6871,日本マイクロニクス,プライム（内国株式）,6871
6874,協立電機,スタンダード（内国株式）,6874
6875,メガチップス,プライム（内国株式）,6875
6877,ＯＢＡＲＡ　ＧＲＯＵＰ,スタンダード（内国株式）,6877
6882,三社電機製作所,スタンダード（内国株式）,6882
6888,アクモス,スタンダード（内国株式）,6888
6890,フェローテック,スタンダード（内国株式）,6890
6894,パルステック工業,スタンダード（内国株式）,6894
6897,ツインバード,スタンダード（内国株式）,6897
6898,トミタ電機,スタンダード（内国株式）,6898
6899,ＡＳＴＩ,スタンダード（内国株式）,6899
6902,デンソー,プライム（内国株式）,6902
6904,原田工業,スタンダード（内国株式）,6904
6905,コーセル,プライム（内国株式）,6905
6907,ジオマテック,スタンダード（内国株式）,6907
6908,イリソ電子工業,プライム（内国株式）,6908
6912,菊水ホールディングス,スタンダード（内国株式）,6912
6914,オプテックスグループ,プライム（内国株式）,6914
6915,千代田インテグレ,スタンダード（内国株式）,6915
6918,アバールデータ,スタンダード（内国株式）,6918
6919,ケル,スタンダード（内国株式）,6919
6920,レーザーテック,プライム（内国株式）,6920
6923,スタンレー電気,プライム（内国株式）,6923
6925,ウシオ電機,プライム（内国株式）,6925
6926,岡谷電機産業,スタンダード（内国株式）,6926
6927,ヘリオス　テクノ　ホールディング,スタンダード（内国株式）,6927
6928,エノモト,スタンダード（内国株式）,6928
6929,日本セラミック,プライム（内国株式）,6929
6932,遠藤照明,スタンダード（内国株式）,6932
6941,山一電機,プライム（内国株式）,6941
6942,ソフィアホールディングス,スタンダード（内国株式）,6942
6943,ＮＫＫスイッチズ,スタンダード（内国株式）,6943
6946,日本アビオニクス,スタンダード（内国株式）,6946
6947,図研,プライム（内国株式）,6947
6951,日本電子,プライム（内国株式）,6951
6952,カシオ計算機,プライム（内国株式）,6952
6954,ファナック,プライム（内国株式）,6954
6955,ＦＤＫ,スタンダード（内国株式）,6955
6958,日本シイエムケイ,プライム（内国株式）,6958
6960,フクダ電子,スタンダード（内国株式）,6960
6961,エンプラス,プライム（内国株式）,6961
6962,大真空,プライム（内国株式）,6962
6963,ローム,プライム（内国株式）,6963
6964,サンコー,スタンダード（内国株式）,6964
6965,浜松ホトニクス,プライム（内国株式）,6965
6966,三井ハイテック,プライム（内国株式）,6966
6969,松尾電機,スタンダード（内国株式）,6969
6971,京セラ,プライム（内国株式）,6971
6976,太陽誘電,プライム（内国株式）,6976
6977,日本抵抗器製作所,スタンダード（内国株式）,6977
6981,村田製作所,プライム（内国株式）,6981
6982,リード,スタンダード（内国株式）,6982
6986,双葉電子工業,プライム（内国株式）,6986
6988,日東電工,プライム（内国株式）,6988
6989,北陸電気工業,スタンダード（内国株式）,6989
6993,大黒屋ホールディングス,スタンダード（内国株式）,6993
6994,指月電機製作所,スタンダード（内国株式）,6994
6995,東海理化電機製作所,プライム（内国株式）,6995
6996,ニチコン,プライム（内国株式）,6996
6997,日本ケミコン,プライム（内国株式）,6997
6998,日本タングステン,スタンダード（内国株式）,6998
6999,ＫＯＡ,プライム（内国株式）,6999
7003,三井Ｅ＆Ｓ,プライム（内国株式）,7003
7004,カナデビア,プライム（内国株式）,7004
7011,三菱重工業,プライム（内国株式）,7011
7012,川崎重工業,プライム（内国株式）,7012
7013,ＩＨＩ,プライム（内国株式）,7013
7014,名村造船所,スタンダード（内国株式）,7014
7018,内海造船,スタンダード（内国株式）,7018
7021,ニッチツ,スタンダード（内国株式）,7021
7022,サノヤスホールディングス,スタンダード（内国株式）,7022
7030,スプリックス,スタンダード（内国株式）,7030
7031,インバウンドテック,グロース（内国株式）,7031
7033,マネジメントソリューションズ,プライム（内国株式）,7033
7034,プロレド・パートナーズ,プライム（内国株式）,7034
7035,ａｎｄ　ｆａｃｔｏｒｙ,スタンダード（内国株式）,7035
7036,イーエムネットジャパン,グロース（内国株式）,7036
7037,テノ．ホールディングス,スタンダード（内国株式）,7037
7038,フロンティア・マネジメント,プライム（内国株式）,7038
7039,ブリッジインターナショナルグループ,グロース（内国株式）,7039
7040,サン・ライフホールディング,スタンダード（内国株式）,7040
7041,ＣＲＧホールディングス,グロース（内国株式）,7041
7042,アクセスグループ・ホールディングス,スタンダード（内国株式）,7042
7043,アルー,グロース（内国株式）,7043
7044,ピアラ,スタンダード（内国株式）,7044
7046,ＴＤＳＥ,グロース（内国株式）,7046
7047,ポート,グロース（内国株式）,7047
7048,ベルトラ,グロース（内国株式）,7048
7049,識学,グロース（内国株式）,7049
7050,フロンティアインターナショナル,グロース（内国株式）,7050
7057,エヌ・シー・エヌ,スタンダード（内国株式）,7057
7058,共栄セキュリティーサービス,スタンダード（内国株式）,7058
7059,コプロ・ホールディングス,プライム（内国株式）,7059
7060,ギークス,スタンダード（内国株式）,7060
7061,日本ホスピスホールディングス,グロース（内国株式）,7061
7062,フレアス,グロース（内国株式）,7062
7063,Ｂｉｒｄｍａｎ,グロース（内国株式）,7063
7064,ハウテレビジョン,スタンダード（内国株式）,7064
7065,ユーピーアール,スタンダード（内国株式）,7065
7066,ピアズ,グロース（内国株式）,7066
7067,ブランディングテクノロジー,グロース（内国株式）,7067
7068,フィードフォースグループ,グロース（内国株式）,7068
7069,サイバー・バズ,グロース（内国株式）,7069
7071,アンビスホールディングス,プライム（内国株式）,7071
7072,インティメート・マージャー,グロース（内国株式）,7072
7073,ジェイック,グロース（内国株式）,7073
7074,トゥエンティーフォーセブンホールディングス,グロース（内国株式）,7074
7075,ＱＬＳホールディングス,グロース（内国株式）,7075
7077,ＡＬｉＮＫインターネット,グロース（内国株式）,7077
7078,ＩＮＣＬＵＳＩＶＥ　Ｈｏｌｄｉｎｇｓ,グロース（内国株式）,7078
7079,ＷＤＢココ,グロース（内国株式）,7079
7080,スポーツフィールド,グロース（内国株式）,7080
7081,コーユーレンティア,スタンダード（内国株式）,7081
7082,ジモティー,グロース（内国株式）,7082
7083,ＡＨＣグループ,グロース（内国株式）,7083
7084,Ｓｍｉｌｅ　Ｈｏｌｄｉｎｇｓ,グロース（内国株式）,7084
7085,カーブスホールディングス,プライム（内国株式）,7085
7087,ウイルテック,スタンダード（内国株式）,7087
7089,フォースタートアップス,グロース（内国株式）,7089
7090,リグア,グロース（内国株式）,7090
7091,リビングプラットフォーム,グロース（内国株式）,7091
7093,アディッシュ,グロース（内国株式）,7093
7094,ＮｅｘＴｏｎｅ,グロース（内国株式）,7094
7095,Ｍａｃｂｅｅ　Ｐｌａｎｅｔ,プライム（内国株式）,7095
7096,ステムセル研究所,グロース（内国株式）,7096
7097,さくらさくプラス,グロース（内国株式）,7097
7102,日本車輌製造,プライム（内国株式）,7102
7110,クラシコム,グロース（内国株式）,7110
7111,ＩＮＥＳＴ,スタンダード（内国株式）,7111
7112,キューブ,グロース（内国株式）,7112
7114,フーディソン,グロース（内国株式）,7114
7115,アルファパーチェス,スタンダード（内国株式）,7115
7119,ハルメクホールディングス,グロース（内国株式）,7119
7120,ＳＨＩＮＫＯ,スタンダード（内国株式）,7120
7122,近畿車輛,スタンダード（内国株式）,7122
7126,グローバルスタイル,スタンダード（内国株式）,7126
7127,一家ホールディングス,スタンダード（内国株式）,7127
7128,ユニソルホールディングス,プライム（内国株式）,7128
7129,ミアヘルサホールディングス,スタンダード（内国株式）,7129
7130,ヤマエグループホールディングス,プライム（内国株式）,7130
7131,のむら産業,スタンダード（内国株式）,7131
7133,ＨＹＵＧＡ　ＰＲＩＭＡＲＹ　ＣＡＲＥ,グロース（内国株式）,7133
7134,アップガレージグループ,スタンダード（内国株式）,7134
7135,ジャパンクラフトホールディングス,スタンダード（内国株式）,7135
7138,ＴＯＲＩＣＯ,グロース（内国株式）,7138
7140,ペットゴー,グロース（内国株式）,7140
7148,ＦＰＧ,プライム（内国株式）,7148
7150,島根銀行,スタンダード（内国株式）,7150
7157,ライフネット生命保険,プライム（内国株式）,7157
7161,じもとホールディングス,スタンダード（内国株式）,7161
7162,アストマックス,スタンダード（内国株式）,7162
7164,全国保証,プライム（内国株式）,7164
7167,めぶきフィナンシャルグループ,プライム（内国株式）,7167
7172,ジャパンインベストメントアドバイザー,プライム（内国株式）,7172
7173,東京きらぼしフィナンシャルグループ,プライム（内国株式）,7173
7175,今村証券,スタンダード（内国株式）,7175
7177,ＧＭＯフィナンシャルホールディングス,スタンダード（内国株式）,7177
7180,九州フィナンシャルグループ,プライム（内国株式）,7180
7181,かんぽ生命保険,プライム（内国株式）,7181
7182,ゆうちょ銀行,プライム（内国株式）,7182
7183,あんしん保証,スタンダード（内国株式）,7183
7184,富山第一銀行,プライム（内国株式）,7184
7185,ヒロセ通商,スタンダード（内国株式）,7185
7186,横浜フィナンシャルグループ,プライム（内国株式）,7186
7187,ジェイリース,プライム（内国株式）,7187
7189,西日本フィナンシャルホールディングス,プライム（内国株式）,7189
7191,イントラスト,スタンダード（内国株式）,7191
7192,日本モーゲージサービス,スタンダード（内国株式）,7192
7196,Ｃａｓａ,スタンダード（内国株式）,7196
7198,ＳＢＩアルヒ,プライム（内国株式）,7198
7199,プレミアグループ,プライム（内国株式）,7199
7201,日産自動車,プライム（内国株式）,7201
7202,いすゞ自動車,プライム（内国株式）,7202
7203,トヨタ自動車,プライム（内国株式）,7203
7208,カネミツ,スタンダード（内国株式）,7208
7211,三菱自動車工業,プライム（内国株式）,7211
7212,エフテック,スタンダード（内国株式）,7212
7213,レシップホールディングス,スタンダード（内国株式）,7213
7214,ＧＭＢ,スタンダード（内国株式）,7214
7215,ファルテック,スタンダード（内国株式）,7215
7217,テイン,スタンダード（内国株式）,7217
7218,田中精密工業,スタンダード（内国株式）,7218
7219,エッチ・ケー・エス,スタンダード（内国株式）,7219
7220,武蔵精密工業,プライム（内国株式）,7220
7222,日産車体,スタンダード（内国株式）,7222
7224,新明和工業,プライム（内国株式）,7224
7226,極東開発工業,プライム（内国株式）,7226
7228,デイトナ,スタンダード（内国株式）,7228
7231,トピー工業,プライム（内国株式）,7231
7235,東京ラヂエーター製造,スタンダード（内国株式）,7235
7236,ティラド,プライム（内国株式）,7236
7238,曙ブレーキ工業,プライム（内国株式）,7238
7239,タチエス,プライム（内国株式）,7239
7240,ＮＯＫ,プライム（内国株式）,7240
7241,フタバ産業,プライム（内国株式）,7241
7242,カヤバ,プライム（内国株式）,7242
7244,市光工業,プライム（内国株式）,7244
7245,大同メタル工業,プライム（内国株式）,7245
7246,プレス工業,プライム（内国株式）,7246
7247,ミクニ,スタンダード（内国株式）,7247
7254,ユニバンス,スタンダード（内国株式）,7254
7255,桜井製作所,スタンダード（内国株式）,7255
7256,河西工業,スタンダード（内国株式）,7256
7259,アイシン,プライム（内国株式）,7259
7261,マツダ,プライム（内国株式）,7261
7264,ムロコーポレーション,スタンダード（内国株式）,7264
7265,エイケン工業,スタンダード（内国株式）,7265
7266,今仙電機製作所,スタンダード（内国株式）,7266
7267,本田技研工業,プライム（内国株式）,7267
7269,スズキ,プライム（内国株式）,7269
7270,ＳＵＢＡＲＵ,プライム（内国株式）,7270
7271,安永,スタンダード（内国株式）,7271
7272,ヤマハ発動機,プライム（内国株式）,7272
7273,イクヨ,スタンダード（内国株式）,7273
7276,小糸製作所,プライム（内国株式）,7276
7277,ＴＢＫ,スタンダード（内国株式）,7277
7278,エクセディ,プライム（内国株式）,7278
7279,ハイレックスコーポレーション,スタンダード（内国株式）,7279
7280,ミツバ,プライム（内国株式）,7280
7282,豊田合成,プライム（内国株式）,7282
7283,愛三工業,プライム（内国株式）,7283
7284,盟和産業,スタンダード（内国株式）,7284
7287,日本精機,スタンダード（内国株式）,7287
7291,日本プラスト,スタンダード（内国株式）,7291
7292,村上開明堂,スタンダード（内国株式）,7292
7294,ヨロズ,プライム（内国株式）,7294
7296,エフ・シー・シー,プライム（内国株式）,7296
7297,カーメイト,スタンダード（内国株式）,7297
7299,フジオーゼックス,スタンダード（内国株式）,7299
7305,新家工業,スタンダード（内国株式）,7305
7309,シマノ,プライム（内国株式）,7309
7313,テイ・エス　テック,プライム（内国株式）,7313
7314,小田原機器,スタンダード（内国株式）,7314
7318,セレンディップ・ホールディングス,グロース（内国株式）,7318
7320,Ｓｏｌｖｖｙ,グロース（内国株式）,7320
7322,三十三フィナンシャルグループ,プライム（内国株式）,7322
7325,アイリックコーポレーション,グロース（内国株式）,7325
7326,ＳＢＩインシュアランスグループ,グロース（内国株式）,7326
7327,第四北越フィナンシャルグループ,プライム（内国株式）,7327
7337,ひろぎんホールディングス,プライム（内国株式）,7337
7343,ブロードマインド,グロース（内国株式）,7343
7345,アイ・パートナーズフィナンシャル,グロース（内国株式）,7345
7347,マーキュリアホールディングス,プライム（内国株式）,7347
7350,おきなわフィナンシャルグループ,プライム（内国株式）,7350
7351,グッドパッチ,グロース（内国株式）,7351
7352,ＴＷＯＳＴＯＮＥ＆Ｓｏｎｓ,グロース（内国株式）,7352
7353,ＫＩＹＯラーニング,グロース（内国株式）,7353
7354,ダイレクトマーケティングミックス,スタンダード（内国株式）,7354
7356,Ｒｅｔｔｙ,グロース（内国株式）,7356
7357,ジオコード,スタンダード（内国株式）,7357
7358,ポピンズ,スタンダード（内国株式）,7358
7359,東京通信グループ,グロース（内国株式）,7359
7360,オンデック,グロース（内国株式）,7360
7361,ヒューマンクリエイションホールディングス,グロース（内国株式）,7361
7362,Ｔ．Ｓ．Ｉ,グロース（内国株式）,7362
7363,ベビーカレンダー,グロース（内国株式）,7363
7366,ＬＩＴＡＬＩＣＯ,プライム（内国株式）,7366
7367,セルム,スタンダード（内国株式）,7367
7368,表示灯,スタンダード（内国株式）,7368
7369,メイホーホールディングス,グロース（内国株式）,7369
7370,Ｅｎｊｉｎ,グロース（内国株式）,7370
7371,Ｚｅｎｋｅｎ,グロース（内国株式）,7371
7372,デコルテ・ホールディングス,グロース（内国株式）,7372
7373,アイドマ・ホールディングス,グロース（内国株式）,7373
7374,コンフィデンス・インターワークス,グロース（内国株式）,7374
7375,リファインバースグループ,グロース（内国株式）,7375
7376,ＢＣＣ,グロース（内国株式）,7376
7377,ＤＮホールディングス,スタンダード（内国株式）,7377
7378,アシロ,グロース（内国株式）,7378
7380,十六フィナンシャルグループ,プライム（内国株式）,7380
7381,ＣＣＩグループ,プライム（内国株式）,7381
7383,ネットプロテクションズホールディングス,プライム（内国株式）,7383
7384,プロクレアホールディングス,プライム（内国株式）,7384
7388,ＦＰパートナー,プライム（内国株式）,7388
7389,あいちフィナンシャルグループ,プライム（内国株式）,7389
7399,ナンシン,スタンダード（内国株式）,7399
7409,ＡｅｒｏＥｄｇｅ,グロース（内国株式）,7409
7412,アトム,スタンダード（内国株式）,7412
7413,創健社,スタンダード（内国株式）,7413
7414,小野建,プライム（内国株式）,7414
7416,はるやまホールディングス,スタンダード（内国株式）,7416
7417,南陽,スタンダード（内国株式）,7417
7419,ノジマ,プライム（内国株式）,7419
7421,カッパ・クリエイト,プライム（内国株式）,7421
7422,東邦レマック,スタンダード（内国株式）,7422
7425,初穂商事,スタンダード（内国株式）,7425
7426,山大,スタンダード（内国株式）,7426
7427,エコートレーディング,スタンダード（内国株式）,7427
7433,伯東,プライム（内国株式）,7433
7434,オータケ,スタンダード（内国株式）,7434
7435,ナ・デックス,スタンダード（内国株式）,7435
7438,コンドーテック,プライム（内国株式）,7438
7442,中山福,スタンダード（内国株式）,7442
7443,横浜魚類,スタンダード（内国株式）,7443
7444,ハリマ共和物産,スタンダード（内国株式）,7444
7446,東北化学薬品,スタンダード（内国株式）,7446
7447,ナガイレーベン,プライム（内国株式）,7447
7453,良品計画,プライム（内国株式）,7453
7456,松田産業,プライム（内国株式）,7456
7458,第一興商,プライム（内国株式）,7458
7459,メディパルホールディングス,プライム（内国株式）,7459
7460,ヤギ,スタンダード（内国株式）,7460
7461,キムラ,スタンダード（内国株式）,7461
7462,ＣＡＰＩＴＡ,スタンダード（内国株式）,7462
7463,アドヴァングループ,スタンダード（内国株式）,7463
7464,セフテック,スタンダード（内国株式）,7464
7466,ＳＰＫ,プライム（内国株式）,7466
7472,鳥羽洋行,スタンダード（内国株式）,7472
7475,アルビス,プライム（内国株式）,7475
7476,アズワン,プライム（内国株式）,7476
7477,ムラキ,スタンダード（内国株式）,7477
7480,スズデン,スタンダード（内国株式）,7480
7481,尾家産業,スタンダード（内国株式）,7481
7482,シモジマ,プライム（内国株式）,7482
7483,ドウシシャ,プライム（内国株式）,7483
7486,サンリン,スタンダード（内国株式）,7486
7487,小津産業,スタンダード（内国株式）,7487
7490,日新商事,スタンダード（内国株式）,7490
7494,コナカ,スタンダード（内国株式）,7494
7500,西川計測,スタンダード（内国株式）,7500
7501,ティムコ,スタンダード（内国株式）,7501
7502,プラザホールディングス,スタンダード（内国株式）,7502
7504,高速,プライム（内国株式）,7504
7505,扶桑電通,スタンダード（内国株式）,7505
7506,ハウス　オブ　ローゼ,スタンダード（内国株式）,7506
7508,Ｇ‐７ホールディングス,プライム（内国株式）,7508
7509,アイエーグループ,スタンダード（内国株式）,7509
7510,たけびし,プライム（内国株式）,7510
7512,イオン北海道,スタンダード（内国株式）,7512
7513,コジマ,プライム（内国株式）,7513
7514,ヒマラヤ,スタンダード（内国株式）,7514
7515,マルヨシセンター,スタンダード（内国株式）,7515
7516,コーナン商事,プライム（内国株式）,7516
7520,エコス,プライム（内国株式）,7520
7521,ムサシ,スタンダード（内国株式）,7521
7522,ワタミ,プライム（内国株式）,7522
7523,アールビバン,スタンダード（内国株式）,7523
7524,マルシェ,スタンダード（内国株式）,7524
7525,リックス,プライム（内国株式）,7525
7527,システムソフト,スタンダード（内国株式）,7527
7531,清和中央ホールディングス,スタンダード（内国株式）,7531
7532,パン・パシフィック・インターナショナルホールディングス,プライム（内国株式）,7532
7537,丸文,プライム（内国株式）,7537
7538,大水,スタンダード（内国株式）,7538
7539,アイナボホールディングス,スタンダード（内国株式）,7539
7544,スリーエフ,スタンダード（内国株式）,7544
7545,西松屋チェーン,プライム（内国株式）,7545
7550,ゼンショーホールディングス,プライム（内国株式）,7550
7551,ウェッズ,スタンダード（内国株式）,7551
7552,ハピネット,プライム（内国株式）,7552
7554,幸楽苑,プライム（内国株式）,7554
7555,大田花き,スタンダード（内国株式）,7555
7561,ハークスレイホールディングス,スタンダード（内国株式）,7561
7562,安楽亭,スタンダード（内国株式）,7562
7564,ワークマン,スタンダード（内国株式）,7564
7565,萬世電機,スタンダード（内国株式）,7565
7567,栄電子,スタンダード（内国株式）,7567
7570,橋本総業ホールディングス,スタンダード（内国株式）,7570
7571,ヤマノホールディングス,スタンダード（内国株式）,7571
7575,日本ライフライン,プライム（内国株式）,7575
7578,ニチリョク,スタンダード（内国株式）,7578
7581,サイゼリヤ,プライム（内国株式）,7581
7585,かんなん丸,スタンダード（内国株式）,7585
7590,タカショー,スタンダード（内国株式）,7590
7593,ＶＴホールディングス,プライム（内国株式）,7593
7595,アルゴグラフィックス,プライム（内国株式）,7595
7596,魚力,プライム（内国株式）,7596
7599,ＩＤＯＭ,プライム（内国株式）,7599
7600,日本エム・ディ・エム,プライム（内国株式）,7600
7601,ポプラ,スタンダード（内国株式）,7601
7602,レダックス,スタンダード（内国株式）,7602
7603,ジーイエット,スタンダード（内国株式）,7603
7604,梅の花グループ,スタンダード（内国株式）,7604
7606,ユナイテッドアローズ,プライム（内国株式）,7606
7607,進和,プライム（内国株式）,7607
7608,エスケイジャパン,スタンダード（内国株式）,7608
7609,ダイトロン,プライム（内国株式）,7609
7610,テイツー,スタンダード（内国株式）,7610
7611,ハイデイ日高,プライム（内国株式）,7611
7613,シークス,プライム（内国株式）,7613
7614,オーエムツーネットワーク,スタンダード（内国株式）,7614
7615,京都きもの友禅ホールディングス,スタンダード（内国株式）,7615
7616,コロワイド,プライム（内国株式）,7616
7619,田中商事,スタンダード（内国株式）,7619
7621,うかい,スタンダード（内国株式）,7621
7624,ＮａＩＴＯ,スタンダード（内国株式）,7624
7625,グローバルダイニング,スタンダード（内国株式）,7625
7628,オーハシテクニカ,プライム（内国株式）,7628
7630,壱番屋,プライム（内国株式）,7630
7634,星医療酸器,スタンダード（内国株式）,7634
7636,ハンズマン,スタンダード（内国株式）,7636
7637,白銅,プライム（内国株式）,7637
7638,ＮＥＷ　ＡＲＴ　ＨＯＬＤＩＮＧＳ,スタンダード（内国株式）,7638
7640,トップカルチャー,スタンダード（内国株式）,7640
7643,ダイイチ,スタンダード（内国株式）,7643
7646,ＰＬＡＮＴ,スタンダード（内国株式）,7646
7649,スギホールディングス,プライム（内国株式）,7649
7670,オーウエル,スタンダード（内国株式）,7670
7673,ダイコー通産,スタンダード（内国株式）,7673
7674,ＮＡＴＴＹ　ＳＷＡＮＫＹホールディングス,グロース（内国株式）,7674
7677,ヤシマキザイ,スタンダード（内国株式）,7677
7678,あさくま,スタンダード（内国株式）,7678
7679,薬王堂ホールディングス,プライム（内国株式）,7679
7681,レオクラン,スタンダード（内国株式）,7681
7682,浜木綿,スタンダード（内国株式）,7682
7683,ダブルエー,プライム（内国株式）,7683
7685,ＢｕｙＳｅｌｌ　Ｔｅｃｈｎｏｌｏｇｉｅｓ,グロース（内国株式）,7685
7686,ひとまいる,スタンダード（内国株式）,7686
7687,ミクリード,グロース（内国株式）,7687
7689,コパ・コーポレーション,グロース（内国株式）,7689
7692,アースインフィニティ,スタンダード（内国株式）,7692
7694,いつも,グロース（内国株式）,7694
7695,交換できるくん,グロース（内国株式）,7695
7698,アイスコ,スタンダード（内国株式）,7698
7701,島津製作所,プライム（内国株式）,7701
7702,ＪＭＳ,スタンダード（内国株式）,7702
7707,プレシジョン・システム・サイエンス,グロース（内国株式）,7707
7709,クボテック,スタンダード（内国株式）,7709
7711,助川電気工業,スタンダード（内国株式）,7711
7713,シグマ光機,スタンダード（内国株式）,7713
7715,長野計器,プライム（内国株式）,7715
7716,ナカニシ,スタンダード（内国株式）,7716
7717,ブイ・テクノロジー,プライム（内国株式）,7717
7719,東京衡機,スタンダード（内国株式）,7719
7721,東京計器,プライム（内国株式）,7721
7722,国際計測器,スタンダード（内国株式）,7722
7723,愛知時計電機,プライム（内国株式）,7723
7725,インターアクション,プライム（内国株式）,7725
7726,黒田精工,スタンダード（内国株式）,7726
7727,オーバル,スタンダード（内国株式）,7727
7729,東京精密,プライム（内国株式）,7729
7730,マニー,プライム（内国株式）,7730
7731,ニコン,プライム（内国株式）,7731
7733,オリンパス,プライム（内国株式）,7733
7734,理研計器,プライム（内国株式）,7734
7735,ＳＣＲＥＥＮホールディングス,プライム（内国株式）,7735
7740,タムロン,プライム（内国株式）,7740
7741,ＨＯＹＡ,プライム（内国株式）,7741
7743,シード,スタンダード（内国株式）,7743
7744,ノーリツ鋼機,プライム（内国株式）,7744
7745,Ａ＆Ｄホロンホールディングス,プライム（内国株式）,7745
7746,岡本硝子,スタンダード（内国株式）,7746
7747,朝日インテック,プライム（内国株式）,7747
7749,メディキット,スタンダード（内国株式）,7749
7751,キヤノン,プライム（内国株式）,7751
7752,リコー,プライム（内国株式）,7752
7760,ＩＭＶ,スタンダード（内国株式）,7760
7762,シチズン時計,プライム（内国株式）,7762
7769,リズム,プライム（内国株式）,7769
7771,日本精密,スタンダード（内国株式）,7771
7774,ジャパン・ティッシュエンジニアリング,グロース（内国株式）,7774
7775,大研医器,スタンダード（内国株式）,7775
7776,セルシード,グロース（内国株式）,7776
7777,スリー・ディー・マトリックス,グロース（内国株式）,7777
7779,ＣＹＢＥＲＤＹＮＥ,グロース（内国株式）,7779
7780,メニコン,プライム（内国株式）,7780
7781,平山ホールディングス,スタンダード（内国株式）,7781
7782,シンシア,スタンダード（内国株式）,7782
7791,ドリームベッド,スタンダード（内国株式）,7791
7792,コラントッテ,グロース（内国株式）,7792
7793,イメージ・マジック,グロース（内国株式）,7793
7794,イーディーピー,グロース（内国株式）,7794
7795,ＫＹＯＲＩＴＳＵ,スタンダード（内国株式）,7795
7800,アミファ,スタンダード（内国株式）,7800
7803,ブシロード,グロース（内国株式）,7803
7804,ビーアンドピー,スタンダード（内国株式）,7804
7805,プリントネット,スタンダード（内国株式）,7805
7806,ＭＴＧ,グロース（内国株式）,7806
7807,幸和製作所,スタンダード（内国株式）,7807
7808,シー・エス・ランバー,スタンダード（内国株式）,7808
7809,壽屋,スタンダード（内国株式）,7809
7810,クロスフォー,スタンダード（内国株式）,7810
7811,中本パックス,スタンダード（内国株式）,7811
7812,クレステック,スタンダード（内国株式）,7812
7813,プラッツ,スタンダード（内国株式）,7813
7814,日本創発グループ,スタンダード（内国株式）,7814
7815,東京ボード工業,スタンダード（内国株式）,7815
7818,トランザクション,プライム（内国株式）,7818
7819,粧美堂,スタンダード（内国株式）,7819
7820,ニホンフラッシュ,プライム（内国株式）,7820
7821,前田工繊,プライム（内国株式）,7821
7822,永大産業,スタンダード（内国株式）,7822
7823,アートネイチャー,スタンダード（内国株式）,7823
7826,フルヤ金属,プライム（内国株式）,7826
7827,オービス,スタンダード（内国株式）,7827
7831,ウイルコホールディングス,スタンダード（内国株式）,7831
7832,バンダイナムコホールディングス,プライム（内国株式）,7832
7833,アイフィスジャパン,スタンダード（内国株式）,7833
7836,アビックス,スタンダード（内国株式）,7836
7837,アールシーコア,スタンダード（内国株式）,7837
7839,ＳＨＯＥＩ,プライム（内国株式）,7839
7840,フランスベッドホールディングス,プライム（内国株式）,7840
7841,遠藤製作所,スタンダード（内国株式）,7841
7844,マーベラス,プライム（内国株式）,7844
7846,パイロットコーポレーション,プライム（内国株式）,7846
7847,グラファイトデザイン,スタンダード（内国株式）,7847
7849,スターツ出版,スタンダード（内国株式）,7849
7850,総合商研,スタンダード（内国株式）,7850
7851,カワセコンピュータサプライ,スタンダード（内国株式）,7851
7856,萩原工業,プライム（内国株式）,7856
7857,セキ,スタンダード（内国株式）,7857
7859,アルメディオ,スタンダード（内国株式）,7859
7860,エイベックス,プライム（内国株式）,7860
7863,平賀,スタンダード（内国株式）,7863
7864,フジシールインターナショナル,プライム（内国株式）,7864
7865,ピープル,スタンダード（内国株式）,7865
7867,タカラトミー,プライム（内国株式）,7867
7868,広済堂ホールディングス,プライム（内国株式）,7868
7871,フクビ化学工業,スタンダード（内国株式）,7871
7872,エステールホールディングス,スタンダード（内国株式）,7872
7874,レック,プライム（内国株式）,7874
7875,竹田ｉＰホールディングス,スタンダード（内国株式）,7875
7877,永大化工,スタンダード（内国株式）,7877
7878,光・彩,スタンダード（内国株式）,7878
7879,ノダ,スタンダード（内国株式）,7879
7883,サンメッセ,スタンダード（内国株式）,7883
7885,タカノ,スタンダード（内国株式）,7885
7886,ヤマト　モビリティ　＆　Ｍｆｇ．,スタンダード（内国株式）,7886
7887,南海プライウッド,スタンダード（内国株式）,7887
7888,三光合成,プライム（内国株式）,7888
7893,プロネクサス,プライム（内国株式）,7893
7896,セブン工業,スタンダード（内国株式）,7896
7897,ホクシン,スタンダード（内国株式）,7897
7898,ウッドワン,スタンダード（内国株式）,7898
7901,マツモト,スタンダード（内国株式）,7901
7902,ソノコム,スタンダード（内国株式）,7902
7906,ヨネックス,スタンダード（内国株式）,7906
7908,きもと,スタンダード（内国株式）,7908
7911,ＴＯＰＰＡＮホールディングス,プライム（内国株式）,7911
7912,大日本印刷,プライム（内国株式）,7912
7914,共同印刷,プライム（内国株式）,7914
7915,ＮＩＳＳＨＡ,プライム（内国株式）,7915
7916,光村印刷,スタンダード（内国株式）,7916
7917,ＺＡＣＲＯＳ,プライム（内国株式）,7917
7918,ヴィア・ホールディングス,スタンダード（内国株式）,7918
7919,野崎印刷紙業,スタンダード（内国株式）,7919
7921,ＴＡＫＡＲＡ　＆　ＣＯＭＰＡＮＹ,プライム（内国株式）,7921
7927,ムトー精工,スタンダード（内国株式）,7927
7928,旭化学工業,スタンダード（内国株式）,7928
7931,未来工業,プライム（内国株式）,7931
7932,ニッピ,スタンダード（内国株式）,7932
7936,アシックス,プライム（内国株式）,7936
7937,ツツミ,スタンダード（内国株式）,7937
7938,リーガルコーポレーション,スタンダード（内国株式）,7938
7939,研創,スタンダード（内国株式）,7939
7942,ＪＳＰ,プライム（内国株式）,7942
7943,ニチハ,プライム（内国株式）,7943
7944,ローランド,プライム（内国株式）,7944
7946,光陽社,スタンダード（内国株式）,7946
7947,エフピコ,プライム（内国株式）,7947
7949,小松ウオール工業,プライム（内国株式）,7949
7951,ヤマハ,プライム（内国株式）,7951
7952,河合楽器製作所,プライム（内国株式）,7952
7953,菊水化学工業,スタンダード（内国株式）,7953
7955,クリナップ,プライム（内国株式）,7955
7956,ピジョン,プライム（内国株式）,7956
7957,フジコピアン,スタンダード（内国株式）,7957
7962,キングジム,プライム（内国株式）,7962
7963,興研,スタンダード（内国株式）,7963
7965,象印マホービン,プライム（内国株式）,7965
7966,リンテック,プライム（内国株式）,7966
7970,信越ポリマー,プライム（内国株式）,7970
7971,東リ,スタンダード（内国株式）,7971
7972,イトーキ,プライム（内国株式）,7972
7974,任天堂,プライム（内国株式）,7974
7975,リヒトラブ,スタンダード（内国株式）,7975
7976,三菱鉛筆,プライム（内国株式）,7976
7979,松風,プライム（内国株式）,7979
7980,重松製作所,スタンダード（内国株式）,7980
7981,タカラスタンダード,プライム（内国株式）,7981
7983,ミロク,スタンダード（内国株式）,7983
7984,コクヨ,プライム（内国株式）,7984
7985,ネポン,スタンダード（内国株式）,7985
7986,日本アイ・エス・ケイ,スタンダード（内国株式）,7986
7987,ナカバヤシ,スタンダード（内国株式）,7987
7988,ニフコ,プライム（内国株式）,7988
7989,立川ブラインド工業,プライム（内国株式）,7989
7990,グローブライド,プライム（内国株式）,7990
7991,マミヤ・オーピー,スタンダード（内国株式）,7991
7992,セーラー万年筆,スタンダード（内国株式）,7992
7994,オカムラ,プライム（内国株式）,7994
7995,バルカー,プライム（内国株式）,7995
7997,くろがね工作所,スタンダード（内国株式）,7997
8001,伊藤忠商事,プライム（内国株式）,8001
8002,丸紅,プライム（内国株式）,8002
8005,スクロール,プライム（内国株式）,8005
8006,ユアサ・フナショク,スタンダード（内国株式）,8006
8007,高島,プライム（内国株式）,8007
8008,ヨンドシーホールディングス,プライム（内国株式）,8008
8011,三陽商会,プライム（内国株式）,8011
8012,長瀬産業,プライム（内国株式）,8012
8013,ナイガイ,スタンダード（内国株式）,8013
8014,蝶理,プライム（内国株式）,8014
8015,豊田通商,プライム（内国株式）,8015
8016,オンワードホールディングス,プライム（内国株式）,8016
8018,三共生興,スタンダード（内国株式）,8018
8020,兼松,プライム（内国株式）,8020
8022,美津濃,プライム（内国株式）,8022
8023,ＤＡＩＫＯ　ＸＴＥＣＨ,スタンダード（内国株式）,8023
8025,ツカモトコーポレーション,スタンダード（内国株式）,8025
8029,ルックホールディングス,スタンダード（内国株式）,8029
8030,中央魚類,スタンダード（内国株式）,8030
8031,三井物産,プライム（内国株式）,8031
8032,日本紙パルプ商事,プライム（内国株式）,8032
8035,東京エレクトロン,プライム（内国株式）,8035
8037,カメイ,プライム（内国株式）,8037
8039,築地魚市場,スタンダード（内国株式）,8039
8040,東京ソワール,スタンダード（内国株式）,8040
8041,ＯＵＧホールディングス,スタンダード（内国株式）,8041
8043,スターゼン,プライム（内国株式）,8043
8045,横浜丸魚,スタンダード（内国株式）,8045
8046,丸藤シートパイル,スタンダード（内国株式）,8046
8050,セイコーグループ,プライム（内国株式）,8050
8051,山善,プライム（内国株式）,8051
8052,椿本興業,プライム（内国株式）,8052
8053,住友商事,プライム（内国株式）,8053
8056,ＢＩＰＲＯＧＹ,プライム（内国株式）,8056
8057,内田洋行,プライム（内国株式）,8057
8058,三菱商事,プライム（内国株式）,8058
8059,第一実業,プライム（内国株式）,8059
8060,キヤノンマーケティングジャパン,プライム（内国株式）,8060
8061,西華産業,プライム（内国株式）,8061
8065,佐藤商事,プライム（内国株式）,8065
8066,三谷商事,スタンダード（内国株式）,8066
8070,東京産業,プライム（内国株式）,8070
8074,ＹＵＡＳＡ,プライム（内国株式）,8074
8075,神鋼商事,プライム（内国株式）,8075
8076,カノークス,スタンダード（内国株式）,8076
8077,トルク,スタンダード（内国株式）,8077
8078,阪和興業,プライム（内国株式）,8078
8079,正栄食品工業,プライム（内国株式）,8079
8081,カナデン,プライム（内国株式）,8081
8084,ＲＹＯＤＥＮ,プライム（内国株式）,8084
8085,ナラサキ産業,スタンダード（内国株式）,8085
8086,ニプロ,プライム（内国株式）,8086
8088,岩谷産業,プライム（内国株式）,8088
8089,ナイス,スタンダード（内国株式）,8089
8091,ニチモウ,プライム（内国株式）,8091
8093,極東貿易,プライム（内国株式）,8093
8095,アステナホールディングス,プライム（内国株式）,8095
8097,三愛オブリ,プライム（内国株式）,8097
8098,稲畑産業,プライム（内国株式）,8098
8101,ＧＳＩクレオス,プライム（内国株式）,8101
8103,明和産業,プライム（内国株式）,8103
8104,クワザワホールディングス,スタンダード（内国株式）,8104
8105,Ｂｉｔｃｏｉｎ　Ｊａｐａｎ,スタンダード（内国株式）,8105
8107,キムラタン,スタンダード（内国株式）,8107
8111,ゴールドウイン,プライム（内国株式）,8111
8113,ユニ・チャーム,プライム（内国株式）,8113
8115,ムーンバット,スタンダード（内国株式）,8115
8117,中央自動車工業,スタンダード（内国株式）,8117
8118,キング,スタンダード（内国株式）,8118
8119,三栄コーポレーション,スタンダード（内国株式）,8119
8123,川辺,スタンダード（内国株式）,8123
8125,ワキタ,プライム（内国株式）,8125
8127,ヤマトインターナショナル,スタンダード（内国株式）,8127
8129,東邦ホールディングス,プライム（内国株式）,8129
8130,サンゲツ,プライム（内国株式）,8130
8131,ミツウロコグループホールディングス,スタンダード（内国株式）,8131
8132,シナネンホールディングス,プライム（内国株式）,8132
8133,伊藤忠エネクス,プライム（内国株式）,8133
8135,ゼット,スタンダード（内国株式）,8135
8136,サンリオ,プライム（内国株式）,8136
8137,サンワテクノス,プライム（内国株式）,8137
8138,三京化成,スタンダード（内国株式）,8138
8139,ナガホリ,スタンダード（内国株式）,8139
8141,新光商事,プライム（内国株式）,8141
8142,トーホー,プライム（内国株式）,8142
8143,ラピーヌ,スタンダード（内国株式）,8143
8144,デンキョーグループホールディングス,スタンダード（内国株式）,8144
8147,トミタ,スタンダード（内国株式）,8147
8150,三信電気,プライム（内国株式）,8150
8151,東陽テクニカ,プライム（内国株式）,8151
8152,ソマール,スタンダード（内国株式）,8152
8153,モスフードサービス,プライム（内国株式）,8153
8154,加賀電子,プライム（内国株式）,8154
8157,都築電気,プライム（内国株式）,8157
8158,ソーダニッカ,プライム（内国株式）,8158
8159,立花エレテック,プライム（内国株式）,8159
8160,木曽路,プライム（内国株式）,8160
8163,ＳＲＳホールディングス,プライム（内国株式）,8163
8165,千趣会,スタンダード（内国株式）,8165
8166,タカキュー,スタンダード（内国株式）,8166
8167,リテールパートナーズ,プライム（内国株式）,8167
8173,Ｊｏｓｈｉｎ,プライム（内国株式）,8173
8174,日本瓦斯,プライム（内国株式）,8174
8179,ロイヤルホールディングス,プライム（内国株式）,8179
8181,東天紅,スタンダード（内国株式）,8181
8185,チヨダ,プライム（内国株式）,8185
8194,ライフコーポレーション,プライム（内国株式）,8194
8198,マックスバリュ東海,スタンダード（内国株式）,8198
8200,リンガーハット,プライム（内国株式）,8200
8202,ラオックスホールディングス,スタンダード（内国株式）,8202
8203,ＭｒＭａｘＨＤ,プライム（内国株式）,8203
8207,テンアライド,スタンダード（内国株式）,8207
8214,ＡＯＫＩホールディングス,プライム（内国株式）,8214
8217,オークワ,プライム（内国株式）,8217
8218,コメリ,プライム（内国株式）,8218
8219,青山商事,プライム（内国株式）,8219
8225,タカチホ,スタンダード（内国株式）,8225
8226,理経,スタンダード（内国株式）,8226
8227,しまむら,プライム（内国株式）,8227
8230,はせがわ,スタンダード（内国株式）,8230
8233,高島屋,プライム（内国株式）,8233
8237,松屋,プライム（内国株式）,8237
8242,エイチ・ツー・オー　リテイリング,プライム（内国株式）,8242
8244,近鉄百貨店,スタンダード（内国株式）,8244
8247,大和,スタンダード（内国株式）,8247
8252,丸井グループ,プライム（内国株式）,8252
8253,クレディセゾン,プライム（内国株式）,8253
8254,さいか屋,スタンダード（内国株式）,8254
8255,アクシアル　リテイリング,プライム（内国株式）,8255
8260,井筒屋,スタンダード（内国株式）,8260
8267,イオン,プライム（内国株式）,8267
8273,イズミ,プライム（内国株式）,8273
8275,フォーバル,スタンダード（内国株式）,8275
8276,平和堂,プライム（内国株式）,8276
8278,フジ,プライム（内国株式）,8278
8281,ゼビオホールディングス,プライム（内国株式）,8281
8282,ケーズホールディングス,プライム（内国株式）,8282
8285,三谷産業,スタンダード（内国株式）,8285
8291,日産東京販売ホールディングス,スタンダード（内国株式）,8291
8303,ＳＢＩ新生銀行,プライム（内国株式）,8303
8304,あおぞら銀行,プライム（内国株式）,8304
8306,三菱ＵＦＪフィナンシャル・グループ,プライム（内国株式）,8306
8308,りそなホールディングス,プライム（内国株式）,8308
8309,三井住友トラストグループ,プライム（内国株式）,8309
8316,三井住友フィナンシャルグループ,プライム（内国株式）,8316
8331,千葉銀行,プライム（内国株式）,8331
8334,群馬銀行,プライム（内国株式）,8334
8336,武蔵野銀行,プライム（内国株式）,8336
8337,千葉興業銀行,プライム（内国株式）,8337
8338,筑波銀行,プライム（内国株式）,8338
8341,七十七銀行,プライム（内国株式）,8341
8343,秋田銀行,プライム（内国株式）,8343
8344,山形銀行,プライム（内国株式）,8344
8345,岩手銀行,プライム（内国株式）,8345
8346,東邦銀行,プライム（内国株式）,8346
8349,東北銀行,スタンダード（内国株式）,8349
8354,ふくおかフィナンシャルグループ,プライム（内国株式）,8354
8358,スルガ銀行,プライム（内国株式）,8358
8359,八十二長野銀行,プライム（内国株式）,8359
8360,山梨中央銀行,プライム（内国株式）,8360
8361,大垣共立銀行,プライム（内国株式）,8361
8362,福井銀行,プライム（内国株式）,8362
8364,清水銀行,プライム（内国株式）,8364
8365,富山銀行,スタンダード（内国株式）,8365
8366,滋賀銀行,プライム（内国株式）,8366
8367,南都銀行,プライム（内国株式）,8367
8368,百五銀行,プライム（内国株式）,8368
8370,紀陽銀行,プライム（内国株式）,8370
8377,ほくほくフィナンシャルグループ,プライム（内国株式）,8377
8381,山陰合同銀行,プライム（内国株式）,8381
8383,鳥取銀行,スタンダード（内国株式）,8383
8386,百十四銀行,プライム（内国株式）,8386
8387,四国銀行,プライム（内国株式）,8387
8388,阿波銀行,プライム（内国株式）,8388
8392,大分銀行,プライム（内国株式）,8392
8393,宮崎銀行,プライム（内国株式）,8393
8395,佐賀銀行,プライム（内国株式）,8395
8399,琉球銀行,プライム（内国株式）,8399
8410,セブン銀行,プライム（内国株式）,8410
8411,みずほフィナンシャルグループ,プライム（内国株式）,8411
8416,高知銀行,スタンダード（内国株式）,8416
8418,山口フィナンシャルグループ,プライム（内国株式）,8418
8424,芙蓉総合リース,プライム（内国株式）,8424
8425,みずほリース,プライム（内国株式）,8425
8439,東京センチュリー,プライム（内国株式）,8439
8473,ＳＢＩホールディングス,プライム（内国株式）,8473
8508,Ｊトラスト,スタンダード（内国株式）,8508
8511,日本証券金融,プライム（内国株式）,8511
8518,日本アジア投資,スタンダード（内国株式）,8518
8522,名古屋銀行,プライム（内国株式）,8522
8524,北洋銀行,プライム（内国株式）,8524
8537,大光銀行,スタンダード（内国株式）,8537
8541,愛媛銀行,プライム（内国株式）,8541
8542,トマト銀行,スタンダード（内国株式）,8542
8544,京葉銀行,プライム（内国株式）,8544
8550,栃木銀行,プライム（内国株式）,8550
8551,北日本銀行,プライム（内国株式）,8551
8558,東和銀行,プライム（内国株式）,8558
8562,福島銀行,スタンダード（内国株式）,8562
8563,大東銀行,スタンダード（内国株式）,8563
8566,リコーリース,プライム（内国株式）,8566
8570,イオンフィナンシャルサービス,プライム（内国株式）,8570
8572,アコム,スタンダード（内国株式）,8572
8584,ジャックス,プライム（内国株式）,8584
8585,オリエントコーポレーション,プライム（内国株式）,8585
8591,オリックス,プライム（内国株式）,8591
8593,三菱ＨＣキャピタル,プライム（内国株式）,8593
8595,ジャフコ　グループ,プライム（内国株式）,8595
8596,九州リースサービス,スタンダード（内国株式）,8596
8600,トモニホールディングス,プライム（内国株式）,8600
8601,大和証券グループ本社,プライム（内国株式）,8601
8604,野村ホールディングス,プライム（内国株式）,8604
8609,岡三証券グループ,プライム（内国株式）,8609
8613,丸三証券,プライム（内国株式）,8613
8614,東洋証券,プライム（内国株式）,8614
8616,東海東京フィナンシャル・ホールディングス,プライム（内国株式）,8616
8617,光世証券,スタンダード（内国株式）,8617
8622,水戸証券,プライム（内国株式）,8622
8624,いちよし証券,プライム（内国株式）,8624
8628,松井証券,プライム（内国株式）,8628
8630,ＳＯＭＰＯホールディングス,プライム（内国株式）,8630
8697,日本取引所グループ,プライム（内国株式）,8697
8698,マネックスグループ,プライム（内国株式）,8698
8699,ＨＳホールディングス,スタンダード（内国株式）,8699
8700,丸八証券,スタンダード（内国株式）,8700
8704,トレイダーズホールディングス,スタンダード（内国株式）,8704
8705,日産証券グループ,スタンダード（内国株式）,8705
8706,極東証券,プライム（内国株式）,8706
8707,岩井コスモホールディングス,プライム（内国株式）,8707
8708,アイザワ証券グループ,プライム（内国株式）,8708
8713,フィデアホールディングス,プライム（内国株式）,8713
8714,池田泉州ホールディングス,プライム（内国株式）,8714
8715,アニコム　ホールディングス,プライム（内国株式）,8715
8725,ＭＳ＆ＡＤインシュアランスグループホールディングス,プライム（内国株式）,8725
8729,ソニーフィナンシャルグループ,プライム（内国株式）,8729
8737,あかつき本社,スタンダード（内国株式）,8737
8739,スパークス・グループ,プライム（内国株式）,8739
8742,小林洋行,スタンダード（内国株式）,8742
8746,ｕｎｂａｎｋｅｄ,スタンダード（内国株式）,8746
8747,豊トラスティ証券,スタンダード（内国株式）,8747
8750,第一ライフグループ,プライム（内国株式）,8750
8766,東京海上ホールディングス,プライム（内国株式）,8766
8769,アドバンテッジリスクマネジメント,スタンダード（内国株式）,8769
8771,イー・ギャランティ,プライム（内国株式）,8771
8772,アサックス,スタンダード（内国株式）,8772
8783,ａｂｃ,スタンダード（内国株式）,8783
8789,フィンテック　グローバル,スタンダード（内国株式）,8789
8793,ＮＥＣキャピタルソリューション,プライム（内国株式）,8793
8795,Ｔ＆Ｄホールディングス,プライム（内国株式）,8795
8798,アドバンスクリエイト,プライム（内国株式）,8798
8801,三井不動産,プライム（内国株式）,8801
8802,三菱地所,プライム（内国株式）,8802
8803,平和不動産,プライム（内国株式）,8803
8804,東京建物,プライム（内国株式）,8804
8818,京阪神ビルディング,プライム（内国株式）,8818
8830,住友不動産,プライム（内国株式）,8830
8835,太平洋興発,スタンダード（内国株式）,8835
8836,ＲＩＳＥ,スタンダード（内国株式）,8836
8841,テーオーシー,スタンダード（内国株式）,8841
8844,コスモスイニシア,スタンダード（内国株式）,8844
8848,レオパレス２１,プライム（内国株式）,8848
8850,スターツコーポレーション,プライム（内国株式）,8850
8860,フジ住宅,プライム（内国株式）,8860
8864,空港施設,スタンダード（内国株式）,8864
8869,明和地所,スタンダード（内国株式）,8869
8871,ゴールドクレスト,スタンダード（内国株式）,8871
8876,リログループ,プライム（内国株式）,8876
8877,エスリード,プライム（内国株式）,8877
8881,日神グループホールディングス,プライム（内国株式）,8881
8887,シーラホールディングス,スタンダード（内国株式）,8887
8891,ＡＭＧホールディングス,スタンダード（内国株式）,8891
8892,エスコン,プライム（内国株式）,8892
8894,ＲＥＶＯＬＵＴＩＯＮ,スタンダード（内国株式）,8894
8897,ＭＩＲＡＲＴＨホールディングス,プライム（内国株式）,8897
8898,センチュリー２１・ジャパン,スタンダード（内国株式）,8898
8904,ＡＶＡＮＴＩＡ,スタンダード（内国株式）,8904
8908,毎日コムネット,スタンダード（内国株式）,8908
8912,エリアクエスト,スタンダード（内国株式）,8912
8914,エリアリンク,スタンダード（内国株式）,8914
8917,ファースト住建,スタンダード（内国株式）,8917
8918,ランド,スタンダード（内国株式）,8918
8919,カチタス,プライム（内国株式）,8919
8920,東祥,スタンダード（内国株式）,8920
8923,トーセイ,プライム（内国株式）,8923
8927,明豊エンタープライズ,スタンダード（内国株式）,8927
8928,穴吹興産,スタンダード（内国株式）,8928
8929,青山財産ネットワークス,スタンダード（内国株式）,8929
8931,和田興産,スタンダード（内国株式）,8931
8934,サンフロンティア不動産,プライム（内国株式）,8934
8935,ＦＪネクストホールディングス,プライム（内国株式）,8935
8938,グローム・ホールディングス,グロース（内国株式）,8938
8944,ランドビジネス,スタンダード（内国株式）,8944
8945,サンネクスタグループ,スタンダード（内国株式）,8945
8946,ＡＳＩＡＮ　ＳＴＡＲ,スタンダード（内国株式）,8946
8995,誠建設工業,スタンダード（内国株式）,8995
8996,ハウスフリーダム,スタンダード（内国株式）,8996
8999,グランディハウス,プライム（内国株式）,8999
9001,東武鉄道,プライム（内国株式）,9001
9003,相鉄ホールディングス,プライム（内国株式）,9003
9005,東急,プライム（内国株式）,9005
9006,京浜急行電鉄,プライム（内国株式）,9006
9007,小田急電鉄,プライム（内国株式）,9007
9008,京王電鉄,プライム（内国株式）,9008
9009,京成電鉄,プライム（内国株式）,9009
9010,富士急行,プライム（内国株式）,9010
9012,秩父鉄道,スタンダード（内国株式）,9012
9017,新潟交通,スタンダード（内国株式）,9017
9020,東日本旅客鉄道,プライム（内国株式）,9020
9021,西日本旅客鉄道,プライム（内国株式）,9021
9022,東海旅客鉄道,プライム（内国株式）,9022
9023,東京地下鉄,プライム（内国株式）,9023
9024,西武ホールディングス,プライム（内国株式）,9024
9025,鴻池運輸,プライム（内国株式）,9025
9028,ゼロ,スタンダード（内国株式）,9028
9029,ヒガシホールディングス,スタンダード（内国株式）,9029
9031,西日本鉄道,プライム（内国株式）,9031
9033,広島電鉄,スタンダード（内国株式）,9033
9034,南総通運,スタンダード（内国株式）,9034
9036,東部ネットワーク,スタンダード（内国株式）,9036
9037,ハマキョウレックス,プライム（内国株式）,9037
9039,サカイ引越センター,プライム（内国株式）,9039
9041,近鉄グループホールディングス,プライム（内国株式）,9041
9042,阪急阪神ホールディングス,プライム（内国株式）,9042
9044,ＮＡＮＫＡＩ,プライム（内国株式）,9044
9045,京阪ホールディングス,プライム（内国株式）,9045
9046,神戸電鉄,スタンダード（内国株式）,9046
9048,名古屋鉄道,プライム（内国株式）,9048
9049,京福電気鉄道,スタンダード（内国株式）,9049
9051,センコン物流,スタンダード（内国株式）,9051
9052,山陽電気鉄道,プライム（内国株式）,9052
9057,遠州トラック,スタンダード（内国株式）,9057
9059,カンダホールディングス,スタンダード（内国株式）,9059
9060,日本ロジテム,スタンダード（内国株式）,9060
9063,岡山県貨物運送,スタンダード（内国株式）,9063
9064,ヤマトホールディングス,プライム（内国株式）,9064
9065,山九,プライム（内国株式）,9065
9068,丸全昭和運輸,プライム（内国株式）,9068
9069,センコーグループホールディングス,プライム（内国株式）,9069
9072,ニッコンホールディングス,プライム（内国株式）,9072
9073,京極運輸商事,スタンダード（内国株式）,9073
9074,日本石油輸送,スタンダード（内国株式）,9074
9075,福山通運,プライム（内国株式）,9075
9076,セイノーホールディングス,プライム（内国株式）,9076
9081,神奈川中央交通,プライム（内国株式）,9081
9082,大和自動車交通,スタンダード（内国株式）,9082
9083,神姫バス,スタンダード（内国株式）,9083
9087,タカセ,スタンダード（内国株式）,9087
9090,ＡＺ－ＣＯＭ丸和ホールディングス,プライム（内国株式）,9090
9101,日本郵船,プライム（内国株式）,9101
9104,商船三井,プライム（内国株式）,9104
9107,川崎汽船,プライム（内国株式）,9107
9110,ＮＳユナイテッド海運,プライム（内国株式）,9110
9115,明海グループ,スタンダード（内国株式）,9115
9119,飯野海運,プライム（内国株式）,9119
9127,玉井商船,スタンダード（内国株式）,9127
9130,共栄タンカー,スタンダード（内国株式）,9130
9142,九州旅客鉄道,プライム（内国株式）,9142
9143,ＳＧホールディングス,プライム（内国株式）,9143
9145,ビーイングホールディングス,スタンダード（内国株式）,9145
9147,ＮＩＰＰＯＮ　ＥＸＰＲＥＳＳホールディングス,プライム（内国株式）,9147
9158,シーユーシー,グロース（内国株式）,9158
9159,Ｗ　ＴＯＫＹＯ,グロース（内国株式）,9159
9160,オンザページ,スタンダード（内国株式）,9160
9162,ブリーチ,グロース（内国株式）,9162
9163,ナレルグループ,グロース（内国株式）,9163
9165,クオルテック,グロース（内国株式）,9165
9166,ＧＥＮＤＡ,グロース（内国株式）,9166
9168,ライズ・コンサルティング・グループ,グロース（内国株式）,9168
9171,栗林商船,スタンダード（内国株式）,9171
9173,東海汽船,スタンダード（内国株式）,9173
9193,東京汽船,スタンダード（内国株式）,9193
9201,日本航空,プライム（内国株式）,9201
9202,ＡＮＡホールディングス,プライム（内国株式）,9202
9204,スカイマーク,グロース（内国株式）,9204
9206,スターフライヤー,スタンダード（内国株式）,9206
9211,エフ・コード,グロース（内国株式）,9211
9212,Ｇｒｅｅｎ　Ｅａｒｔｈ　Ｉｎｓｔｉｔｕｔｅ,グロース（内国株式）,9212
9213,セイファート,スタンダード（内国株式）,9213
9214,Ｒｅｃｏｖｅｒｙ　Ｉｎｔｅｒｎａｔｉｏｎａｌ,グロース（内国株式）,9214
9215,ＣａＳｙ,グロース（内国株式）,9215
9216,ビーウィズ,プライム（内国株式）,9216
9218,メンタルヘルステクノロジーズ,グロース（内国株式）,9218
9219,ギックス,グロース（内国株式）,9219
9220,エフビー介護サービス,スタンダード（内国株式）,9220
9221,フルハシＥＰＯ,スタンダード（内国株式）,9221
9223,ＡＳＮＯＶＡ,グロース（内国株式）,9223
9225,ブリッジコンサルティンググループ,グロース（内国株式）,9225
9227,マイクロ波化学,グロース（内国株式）,9227
9229,サンウェルズ,プライム（内国株式）,9229
9233,アジア航測,スタンダード（内国株式）,9233
9235,売れるネット広告社グループ,グロース（内国株式）,9235
9236,ジャパンＭ＆Ａソリューション,グロース（内国株式）,9236
9237,笑美面,グロース（内国株式）,9237
9238,バリュークリエーション,グロース（内国株式）,9238
9240,デリバリーコンサルティング,グロース（内国株式）,9240
9241,フューチャーリンクネットワーク,グロース（内国株式）,9241
9242,メディア総研,グロース（内国株式）,9242
9244,デジタリフト,グロース（内国株式）,9244
9245,リベロ,グロース（内国株式）,9245
9246,プロジェクトホールディングス,グロース（内国株式）,9246
9247,ＴＲＥホールディングス,プライム（内国株式）,9247
9248,人・夢・技術グループ,スタンダード（内国株式）,9248
9249,日本エコシステム,スタンダード（内国株式）,9249
9250,ＧＲＣＳ,グロース（内国株式）,9250
9251,ＡＢ＆Ｃｏｍｐａｎｙ,グロース（内国株式）,9251
9252,ラストワンマイル,グロース（内国株式）,9252
9253,スローガン,グロース（内国株式）,9253
9254,ラバブルマーケティンググループ,グロース（内国株式）,9254
9256,サクシード,グロース（内国株式）,9256
9258,ＣＳ－Ｃ,グロース（内国株式）,9258
9259,タカヨシホールディングス,グロース（内国株式）,9259
9262,シルバーライフ,スタンダード（内国株式）,9262
9264,ポエック,スタンダード（内国株式）,9264
9265,ヤマシタヘルスケアホールディングス,スタンダード（内国株式）,9265
9267,Ｇｅｎｋｙ　ＤｒｕｇＳｔｏｒｅｓ,プライム（内国株式）,9267
9268,オプティマスグループ,スタンダード（内国株式）,9268
9270,バリュエンスホールディングス,グロース（内国株式）,9270
9271,和心,グロース（内国株式）,9271
9272,ブティックス,グロース（内国株式）,9272
9273,コーア商事ホールディングス,プライム（内国株式）,9273
9274,ＫＰＰグループホールディングス,プライム（内国株式）,9274
9278,ブックオフグループホールディングス,プライム（内国株式）,9278
9279,ギフトホールディングス,プライム（内国株式）,9279
9301,三菱倉庫,プライム（内国株式）,9301
9302,三井倉庫ホールディングス,プライム（内国株式）,9302
9303,住友倉庫,プライム（内国株式）,9303
9304,澁澤倉庫,プライム（内国株式）,9304
9305,ヤマタネ,プライム（内国株式）,9305
9306,東陽倉庫,スタンダード（内国株式）,9306
9307,杉村倉庫,スタンダード（内国株式）,9307
9308,乾汽船,スタンダード（内国株式）,9308
9310,日本トランスシティ,プライム（内国株式）,9310
9311,アサガミ,スタンダード（内国株式）,9311
9312,ケイヒン,スタンダード（内国株式）,9312
9313,丸八倉庫,スタンダード（内国株式）,9313
9319,中央倉庫,プライム（内国株式）,9319
9322,川西倉庫,スタンダード（内国株式）,9322
9324,安田倉庫,プライム（内国株式）,9324
9325,ファイズホールディングス,スタンダード（内国株式）,9325
9326,関通ホールディングス,グロース（内国株式）,9326
9327,イー・ロジット,スタンダード（内国株式）,9327
9330,揚羽,グロース（内国株式）,9330
9331,キャスター,グロース（内国株式）,9331
9332,ＮＩＳＳＯホールディングス,プライム（内国株式）,9332
9336,大栄環境,プライム（内国株式）,9336
9337,トリドリ,グロース（内国株式）,9337
9339,コーチ・エィ,スタンダード（内国株式）,9339
9340,アソインターナショナル,スタンダード（内国株式）,9340
9341,ＧＥＮＯＶＡ,プライム（内国株式）,9341
9342,スマサポ,グロース（内国株式）,9342
9343,アイビス,グロース（内国株式）,9343
9344,アクシスコンサルティング,グロース（内国株式）,9344
9345,ビズメイツ,グロース（内国株式）,9345
9346,ココルポート,グロース（内国株式）,9346
9347,日本管財ホールディングス,プライム（内国株式）,9347
9348,ｉｓｐａｃｅ,グロース（内国株式）,9348
9351,東洋埠頭,スタンダード（内国株式）,9351
9353,櫻島埠頭,スタンダード（内国株式）,9353
9355,リンコーコーポレーション,スタンダード（内国株式）,9355
9360,鈴与シンワート,スタンダード（内国株式）,9360
9361,伏木海陸運送,スタンダード（内国株式）,9361
9362,兵機海運,スタンダード（内国株式）,9362
9363,大運,スタンダード（内国株式）,9363
9364,上組,プライム（内国株式）,9364
9365,トレーディア,スタンダード（内国株式）,9365
9366,サンリツ,スタンダード（内国株式）,9366
9367,大東港運,スタンダード（内国株式）,9367
9368,キムラユニティー,スタンダード（内国株式）,9368
9369,キユーソー流通システム,スタンダード（内国株式）,9369
9376,ユーラシア旅行社,スタンダード（内国株式）,9376
9380,東海運,スタンダード（内国株式）,9380
9381,エーアイテイー,プライム（内国株式）,9381
9385,ショーエイコーポレーション,スタンダード（内国株式）,9385
9401,ＴＢＳホールディングス,プライム（内国株式）,9401
9404,日本テレビホールディングス,プライム（内国株式）,9404
9405,朝日放送グループホールディングス,プライム（内国株式）,9405
9408,ＢＳＮメディアホールディングス,スタンダード（内国株式）,9408
9409,テレビ朝日ホールディングス,プライム（内国株式）,9409
9412,スカパーＪＳＡＴ,プライム（内国株式）,9412
9413,テレビ東京ホールディングス,プライム（内国株式）,9413
9414,日本ＢＳ放送,スタンダード（内国株式）,9414
9416,ビジョン,プライム（内国株式）,9416
9417,スマートバリュー,スタンダード（内国株式）,9417
9418,Ｕ－ＮＥＸＴ　ＨＯＬＤＩＮＧＳ,プライム（内国株式）,9418
9419,ワイヤレスゲート,スタンダード（内国株式）,9419
9421,エヌジェイホールディングス,スタンダード（内国株式）,9421
9423,フォーバル・リアルストレート,スタンダード（内国株式）,9423
9424,日本通信,プライム（内国株式）,9424
9425,ＲｅＹｕｕ　Ｊａｐａｎ,スタンダード（内国株式）,9425
9428,クロップス,スタンダード（内国株式）,9428
9432,ＮＴＴ,プライム（内国株式）,9432
9433,ＫＤＤＩ,プライム（内国株式）,9433
9434,ソフトバンク,プライム（内国株式）,9434
9435,光通信,プライム（内国株式）,9435
9436,沖縄セルラー電話,スタンダード（内国株式）,9436
9438,エムティーアイ,プライム（内国株式）,9438
9439,エム・エイチ・グループ,スタンダード（内国株式）,9439
9441,ベルパーク,スタンダード（内国株式）,9441
9444,トーシンホールディングス,スタンダード（内国株式）,9444
9445,フォーバルテレコム,スタンダード（内国株式）,9445
9446,サカイホールディングス,スタンダード（内国株式）,9446
9449,ＧＭＯインターネットグループ,プライム（内国株式）,9449
9450,ファイバーゲート,スタンダード（内国株式）,9450
9466,アイドママーケティングコミュニケーション,スタンダード（内国株式）,9466
9467,アルファポリス,グロース（内国株式）,9467
9468,ＫＡＤＯＫＡＷＡ,プライム（内国株式）,9468
9470,学研ホールディングス,プライム（内国株式）,9470
9474,ゼンリン,プライム（内国株式）,9474
9475,昭文社ホールディングス,スタンダード（内国株式）,9475
9476,中央経済社ホールディングス,スタンダード（内国株式）,9476
9478,ＳＥホールディングス・アンド・インキュベーションズ,スタンダード（内国株式）,9478
9501,東京電力ホールディングス,プライム（内国株式）,9501
9502,中部電力,プライム（内国株式）,9502
9503,関西電力,プライム（内国株式）,9503
9504,中国電力,プライム（内国株式）,9504
9505,北陸電力,プライム（内国株式）,9505
9506,東北電力,プライム（内国株式）,9506
9507,四国電力,プライム（内国株式）,9507
9508,九州電力,プライム（内国株式）,9508
9509,北海道電力,プライム（内国株式）,9509
9511,沖縄電力,プライム（内国株式）,9511
9513,電源開発,プライム（内国株式）,9513
9514,エフオン,スタンダード（内国株式）,9514
9517,イーレックス,プライム（内国株式）,9517
9519,レノバ,プライム（内国株式）,9519
9531,東京瓦斯,プライム（内国株式）,9531
9532,大阪瓦斯,プライム（内国株式）,9532
9533,東邦瓦斯,プライム（内国株式）,9533
9534,北海道瓦斯,プライム（内国株式）,9534
9535,広島ガス,プライム（内国株式）,9535
9536,西部ガスホールディングス,プライム（内国株式）,9536
9537,北陸瓦斯,スタンダード（内国株式）,9537
9539,京葉瓦斯,スタンダード（内国株式）,9539
9543,静岡ガス,プライム（内国株式）,9543
9551,メタウォーター,プライム（内国株式）,9551
9552,クオンツ総研ホールディングス,プライム（内国株式）,9552
9553,マイクロアド,グロース（内国株式）,9553
9554,ＡＶｉＣ,グロース（内国株式）,9554
9556,ＩＮＴＬＯＯＰ,グロース（内国株式）,9556
9557,エアークローゼット,グロース（内国株式）,9557
9558,ジャパニアス,グロース（内国株式）,9558
9560,プログリット,グロース（内国株式）,9560
9561,グラッドキューブ,グロース（内国株式）,9561
9562,ビジネスコーチ,グロース（内国株式）,9562
9563,Ａｔｌａｓ　Ｔｅｃｈｎｏｌｏｇｉｅｓ,グロース（内国株式）,9563
9564,ＦＣＥ,スタンダード（内国株式）,9564
9565,ＧＬＯＥ,グロース（内国株式）,9565
9601,松竹,プライム（内国株式）,9601
9602,東宝,プライム（内国株式）,9602
9603,エイチ・アイ・エス,プライム（内国株式）,9603
9605,東映,プライム（内国株式）,9605
9610,ウィルソン・ラーニング　ワールドワイド,スタンダード（内国株式）,9610
9612,ラックランド,プライム（内国株式）,9612
9616,共立メンテナンス,プライム（内国株式）,9616
9619,イチネンホールディングス,プライム（内国株式）,9619
9621,建設技術研究所,プライム（内国株式）,9621
9622,スペース,プライム（内国株式）,9622
9625,セレスポ,スタンダード（内国株式）,9625
9627,アインホールディングス,プライム（内国株式）,9627
9628,燦ホールディングス,プライム（内国株式）,9628
9629,ピー・シー・エー,プライム（内国株式）,9629
9632,スバル興業,スタンダード（内国株式）,9632
9633,東京テアトル,スタンダード（内国株式）,9633
9635,武蔵野興業,スタンダード（内国株式）,9635
9636,きんえい,スタンダード（内国株式）,9636
9639,三協フロンテア,スタンダード（内国株式）,9639
9640,セゾンテクノロジー,スタンダード（内国株式）,9640
9644,タナベコンサルティンググループ,プライム（内国株式）,9644
9647,協和コンサルタンツ,スタンダード（内国株式）,9647
9651,日本プロセス,スタンダード（内国株式）,9651
9656,グリーンランドリゾート,スタンダード（内国株式）,9656
9658,ビジネスブレイン太田昭和,プライム（内国株式）,9658
9661,歌舞伎座,スタンダード（内国株式）,9661
9663,ナガワ,プライム（内国株式）,9663
9672,東京都競馬,プライム（内国株式）,9672
9678,カナモト,プライム（内国株式）,9678
9679,ホウライ,スタンダード（内国株式）,9679
9682,ＤＴＳ,プライム（内国株式）,9682
9684,スクウェア・エニックス・ホールディングス,プライム（内国株式）,9684
9685,ＫＹＣＯＭホールディングス,スタンダード（内国株式）,9685
9686,東洋テック,スタンダード（内国株式）,9686
9687,ＫＳＫ,スタンダード（内国株式）,9687
9691,両毛システムズ,スタンダード（内国株式）,9691
9692,シーイーシー,プライム（内国株式）,9692
9697,カプコン,プライム（内国株式）,9697
9698,クレオ,スタンダード（内国株式）,9698
9699,ニシオホールディングス,プライム（内国株式）,9699
9701,東京會舘,スタンダード（内国株式）,9701
9702,アイ・エス・ビー,プライム（内国株式）,9702
9704,アゴーラ　ホスピタリティー　グループ,スタンダード（内国株式）,9704
9706,日本空港ビルデング,プライム（内国株式）,9706
9708,帝国ホテル,スタンダード（内国株式）,9708
9709,ＮＣＳ＆Ａ,スタンダード（内国株式）,9709
9713,ロイヤルホテル,スタンダード（内国株式）,9713
9715,トランス・コスモス,プライム（内国株式）,9715
9716,乃村工藝社,プライム（内国株式）,9716
9720,ホテル、ニューグランド,スタンダード（内国株式）,9720
9722,藤田観光,プライム（内国株式）,9722
9723,京都ホテル,スタンダード（内国株式）,9723
9726,ＫＮＴ－ＣＴホールディングス,スタンダード（内国株式）,9726
9729,トーカイ,プライム（内国株式）,9729
9731,白洋舎,スタンダード（内国株式）,9731
9733,ナガセ,スタンダード（内国株式）,9733
9735,セコム,プライム（内国株式）,9735
9739,ＮＳＷ,プライム（内国株式）,9739
9740,セントラル警備保障,プライム（内国株式）,9740
9742,アイネス,プライム（内国株式）,9742
9743,丹青社,プライム（内国株式）,9743
9744,メイテックグループホールディングス,プライム（内国株式）,9744
9746,ＴＫＣ,プライム（内国株式）,9746
9753,アイエックス・ナレッジ,スタンダード（内国株式）,9753
9755,応用地質,プライム（内国株式）,9755
9757,船井総研ホールディングス,プライム（内国株式）,9757
9759,ＮＳＤ,プライム（内国株式）,9759
9760,進学会ホールディングス,スタンダード（内国株式）,9760
9761,東海リース,スタンダード（内国株式）,9761
9763,丸建リース,スタンダード（内国株式）,9763
9765,オオバ,プライム（内国株式）,9765
9766,コナミグループ,プライム（内国株式）,9766
9767,日建工学,スタンダード（内国株式）,9767
9768,いであ,スタンダード（内国株式）,9768
9769,学究社,プライム（内国株式）,9769
9778,昴,スタンダード（内国株式）,9778
9780,ハリマビステム,スタンダード（内国株式）,9780
9782,ディーエムエス,スタンダード（内国株式）,9782
9788,ナック,プライム（内国株式）,9788
9790,福井コンピュータホールディングス,プライム（内国株式）,9790
9791,ビケンテクノ,スタンダード（内国株式）,9791
9793,ダイセキ,プライム（内国株式）,9793
9795,ステップ,プライム（内国株式）,9795
9799,旭情報サービス,スタンダード（内国株式）,9799
9812,テーオーホールディングス,スタンダード（内国株式）,9812
9816,ストライダーズ,スタンダード（内国株式）,9816
9818,大丸エナウィン,スタンダード（内国株式）,9818
9820,エムティジェネックス,スタンダード（内国株式）,9820
9823,マミーマートホールディングス,スタンダード（内国株式）,9823
9824,泉州電業,プライム（内国株式）,9824
9827,リリカラ,スタンダード（内国株式）,9827
9828,Ｇｅｎｋｉ　Ｇｌｏｂａｌ　Ｄｉｎｉｎｇ　Ｃｏｎｃｅｐｔｓ,スタンダード（内国株式）,9828
9830,トラスコ中山,プライム（内国株式）,9830
9831,ヤマダホールディングス,プライム（内国株式）,9831
9832,オートバックスセブン,プライム（内国株式）,9832
9835,ジュンテンドー,スタンダード（内国株式）,9835
9837,モリト,プライム（内国株式）,9837
9842,アークランズ,プライム（内国株式）,9842
9843,ニトリホールディングス,プライム（内国株式）,9843
9845,パーカーコーポレーション,スタンダード（内国株式）,9845
9846,天満屋ストア,スタンダード（内国株式）,9846
9849,共同紙販ホールディングス,スタンダード（内国株式）,9849
9850,グルメ杵屋,プライム（内国株式）,9850
9853,銀座ルノアール,スタンダード（内国株式）,9853
9854,愛眼,スタンダード（内国株式）,9854
9856,ケーユーホールディングス,スタンダード（内国株式）,9856
9857,英和,スタンダード（内国株式）,9857
9861,吉野家ホールディングス,プライム（内国株式）,9861
9867,ソレキア,スタンダード（内国株式）,9867
9869,加藤産業,プライム（内国株式）,9869
9872,北恵,スタンダード（内国株式）,9872
9876,コックス,スタンダード（内国株式）,9876
9878,セキド,スタンダード（内国株式）,9878
9880,イノテック,プライム（内国株式）,9880
9882,イエローハット,プライム（内国株式）,9882
9885,シャルレ,スタンダード（内国株式）,9885
9887,松屋フーズホールディングス,プライム（内国株式）,9887
9888,ＵＥＸ,スタンダード（内国株式）,9888
9889,ＪＢＣＣホールディングス,プライム（内国株式）,9889
9890,マキヤ,スタンダード（内国株式）,9890
9895,コンセック,スタンダード（内国株式）,9895
9896,ＪＫホールディングス,スタンダード（内国株式）,9896
9900,サガミホールディングス,プライム（内国株式）,9900
9902,日伝,プライム（内国株式）,9902
9903,カンセキ,スタンダード（内国株式）,9903
9904,ベリテ,スタンダード（内国株式）,9904
9906,藤井産業,スタンダード（内国株式）,9906
9908,日本電計,スタンダード（内国株式）,9908
9913,日邦産業,スタンダード（内国株式）,9913
9914,植松商会,スタンダード（内国株式）,9914
9928,ミロク情報サービス,プライム（内国株式）,9928
9929,平和紙業,スタンダード（内国株式）,9929
9930,北沢産業,スタンダード（内国株式）,9930
9932,杉本商事,プライム（内国株式）,9932
9934,因幡電機産業,プライム（内国株式）,9934
9936,王将フードサービス,プライム（内国株式）,9936
9941,太洋物産,スタンダード（内国株式）,9941
9946,ミニストップ,プライム（内国株式）,9946
9948,アークス,プライム（内国株式）,9948
9950,ハチバン,スタンダード（内国株式）,9950
9955,ヨンキュウ,スタンダード（内国株式）,9955
9956,バローホールディングス,プライム（内国株式）,9956
9959,アシードホールディングス,スタンダード（内国株式）,9959
9960,東テク,プライム（内国株式）,9960
9962,ミスミグループ本社,プライム（内国株式）,9962
9969,ショクブン,スタンダード（内国株式）,9969
9972,アルテック,スタンダード（内国株式）,9972
9973,ＫＯＺＯホールディングス,スタンダード（内国株式）,9973
9974,ベルク,プライム（内国株式）,9974
9976,セキチュー,スタンダード（内国株式）,9976
9978,文教堂グループホールディングス,スタンダード（内国株式）,9978
9979,大庄,スタンダード（内国株式）,9979
9980,ＭＲＫホールディングス,スタンダード（内国株式）,9980
9982,タキヒヨー,スタンダード（内国株式）,9982
9983,ファーストリテイリング,プライム（内国株式）,9983
9984,ソフトバンクグループ,プライム（内国株式）,9984
9986,蔵王産業,スタンダード（内国株式）,9986
9987,スズケン,プライム（内国株式）,9987
9989,サンドラッグ,プライム（内国株式）,9989
9990,サックスバー　ホールディングス,プライム（内国株式）,9990
9991,ジェコス,プライム（内国株式）,9991
9993,ヤマザワ,スタンダード（内国株式）,9993
9994,やまや,スタンダード（内国株式）,9994
9996,サトー商会,スタンダード（内国株式）,9996
9997,ベルーナ,プライム（内国株式）,9997
